t,N_US,N_W,phi_US,phi_W,q_US,q_W,d_US,d_W,Q_US,Q_W,e_US,e_W,Y_US,Y_W,omega,omega_star,theta_US_star,theta,R_f,R_f_W,Psi,residual_norm,v_US,B_per,V_agg,B_agg,bubble_share,NFA,NFA_fund,NFA_bubble,NFA_b_cf,dNFA,dA,dV,dB
1.0,1.0,1.0,0.9516733968221424,0.6313333046931173,0.7233162311611737,0.93484433647555,0.034418040734287204,0.11803967286415071,0.7303073144562596,1.0037735309065092,1.782399933110333,1.677416402379485,1.8098268905495345,1.7265268808126766,0.46891879263915426,0.14054781353659096,0.7007135834997407,-0.6627222881702446,1.0663199268647048,1.0816028315759396,0.9780377419693154,1.0199403780681288e-11,0.7233131324445374,3.098716636285026e-6,0.7303041857895335,3.128666726137652e-6,4.2840413401405656e-6,0.1608926520989069,0.16089578076563305,-3.128666726137652e-6,0.16753301369256046,-0.006640361593653554,-0.00011259909171101867,-0.006524633835216398,-3.128666726137652e-6
2.0,1.0096653206355715,1.0737333390613766,0.9519654117204813,0.6312280705378274,0.723574596082694,0.9024353013721162,0.03444089941351714,0.11392849881406876,0.7375866848717998,1.0404410158690904,1.8092651566467342,1.7381427682821833,1.837020430081848,1.789005449288115,0.4642990794665567,0.13802091319807355,0.691370971670862,-0.6674975552230671,1.0652676907001355,1.0807448285692012,0.9775254377350858,4.175211718222357e-11,0.7235705464008166,4.0496818773938514e-6,0.7375825567674593,4.128104340472838e-6,5.596771776310394e-6,0.16704589345156728,0.16705002155590776,-4.128104340472838e-6,0.16917867107364948,-0.0021327776220821937,0.009008528094266,-0.01113717761200772,-4.128104340472838e-6
3.0,1.019365092230939,1.1529258820960817,0.9523063024842587,0.6311424183488998,0.723758687193001,0.8710946534202499,0.034461997964581395,0.10995695723409066,0.7448117781736122,1.0783968641087514,1.8363685986170801,1.8010880486732095,1.8644605191005326,1.8537709781598952,0.4596573867705684,0.13549152015885657,0.6821863205275537,-0.6724088256707546,1.0642474901481485,1.0799210492545717,0.9770061053693643,8.942453486008743e-11,0.723753399414101,5.287778899965012e-6,0.7448063365808897,5.44159272253264e-6,7.305997141823165e-6,0.17337252113492785,0.17337796272765038,-5.44159272253264e-6,0.17082825511235888,0.002544266022568964,0.01825394158515281,-0.015704233969861314,-5.44159272253264e-6
4.0,1.0290885503043325,1.237978972634666,0.9526970993176256,0.6310775400219288,0.723866414853949,0.8407879650321908,0.03448127168624031,0.1061204801305117,0.7519700398022825,1.1176784624175033,1.8636809476740823,1.8663308283684352,1.8921178292400875,1.9209051100725434,0.45499309083697015,0.13296151236701015,0.6731593742684974,-0.6774703215429103,1.0632599803825766,1.0791321152695308,0.976479547207539,1.532338252927009e-10,0.7238595164656796,6.89838826939404e-6,0.7519628735887449,7.166213537579402e-6,9.529918957228182e-6,0.17987043403475866,0.17987760024829624,-7.166213537579402e-6,0.1724818299231542,0.007388604111604469,0.027613622481632794,-0.020217852156490745,-7.166213537579402e-6
5.0,1.0388243250020155,1.3293226222317673,0.9531388070343597,0.631034600304914,0.7238957557188469,0.8114820932697391,0.0344986568511549,0.10241465567621295,0.7590484481002375,1.1583236863048767,1.8911705670788503,1.9339520492176745,1.9199606827019449,1.990491985670718,0.450305651627208,0.13043272953952478,0.6642894291750663,-0.6826964669435519,1.0623057905580824,1.0783786281670213,0.9759455671342883,8.347344234137587e-10,0.723886763794974,8.991923872936347e-6,0.7590390195246349,9.428575602599132e-6,1.242157286033213e-5,0.18653683543918764,0.18654626401479024,-9.428575602599132e-6,0.17413946623825882,0.01239736920092882,0.03707656548133054,-0.024669767704799117,-9.428575602599132e-6
6.0,1.0485604344322796,1.42741743275886,0.953632400919418,0.631014735226911,0.7238447619526626,0.7831451157414494,0.0345140909116931,0.09883522157076786,0.7660335330239362,1.2003708704664615,1.9188034363921511,2.0040350469718695,1.9479549915832293,2.0626182853354065,0.4455946221257078,0.12790697095748424,0.6555753312358961,-0.6881018727051543,1.0613855219762274,1.077661168807439,0.975403970833564,1.1115706934950725e-11,0.7238330512610754,1.1710691587119015e-5,0.7660211397831169,1.239324081925286e-5,1.617845731939467e-5,0.19336818517213938,0.19338057841295864,-1.239324081925286e-5,0.17580124007547482,0.017566945096664566,0.046630749139414784,-0.029051410801930966,-1.239324081925286e-5
7.0,1.058284280399383,1.5327566326325104,0.9541788197738561,0.6310190509836333,0.7237115742891309,0.7557462691500105,0.03452751279059411,0.09537805870869223,0.7729114030256355,1.2438587758589827,1.94654310152447,2.076665586524727,1.9760642051396866,2.1373732693860585,0.440859659920161,0.12538599420156163,0.6470154769840752,-0.6937013231654467,1.0604997463463082,1.0769802968670052,0.9748545661326052,5.144618649204289e-11,0.7236963345842258,1.5239704905134488e-5,0.7728951272852462,1.6275740389315452e-5,2.1057705094791603e-5,0.2003601477365995,0.2003764234769888,-1.6275740389315452e-5,0.17746723094151007,0.022892916795089424,0.05626310960251779,-0.03335391706703905,-1.6275740389315452e-5
8.0,1.0679826473479181,1.6458682320164852,0.9547789623804578,0.6310486215587462,0.7234944303305662,0.7292558940000372,0.03453886307395291,0.09203918533446293,0.7796677707666645,1.2888265594918609,1.9743506363530015,2.1519318949966952,2.0042492690543567,2.214848815692947,0.4361005351480665,0.12287151265069836,0.6386078127210206,-0.699509759145375,1.059649003674193,1.076336550104895,0.9742971628415557,1.1477149739540567e-10,0.7234746136668969,1.981666366923651e-5,0.7796464155034596,2.1355263204902997e-5,2.739020901672503e-5,0.20750754740983623,0.20752890267304114,-2.1355263204902997e-5,0.17913751979539638,0.028370027614439852,0.06595951912378883,-0.03756813624614408,-2.1355263204902997e-5
9.0,1.077641704042466,1.7673173026035154,0.9554336793470285,0.6311044871389773,0.7231916790739776,0.7036453805930096,0.03454808434054029,0.08881475140937237,0.7862879901433654,1.3353137403306603,2.002184614716508,2.229924693049242,2.032468594439899,2.295139455629857,0.43131714224386436,0.12036519453771494,0.6303498384588675,-0.7055422646939196,1.058833800132347,1.0757304435854218,0.9737315728270399,1.609791502190015e-10,0.723165930402733,2.5748671244607557e-5,0.786259994977564,2.799516580132e-5,3.560421391685709e-5,0.21480431721488868,0.21483231238069,-2.799516580132e-5,0.18081218670424548,0.033992130510643204,0.07570476903418,-0.041684643357735474,-2.799516580132e-5
10.0,1.08724700918874,1.897708387149932,0.9561437658846171,0.6311876518210279,0.7228017940166648,0.6788871194115528,0.034555121465962554,0.08570103335058396,0.7927570966729637,1.3833601667456141,2.0300010971691353,2.3107372238871817,2.060678041743068,2.3783424073537476,0.4265095102061297,0.11786866158875342,0.6222386120809177,-0.7118140516240061,1.0580546054727318,1.0751624685158208,0.9731576097865628,2.251641402426117e-10,0.7227683621831948,3.343183346993239e-5,0.7927204291889348,3.6667484028862773e-5,4.625311357381544e-5,0.222243451911604,0.22228011939563286,-3.6667484028862773e-5,0.18249130823797166,0.039752143673632334,0.08548255890189493,-0.04569374774423374,-3.6667484028862773e-5
11.0,1.0967835210639862,2.037688044434671,0.9569099534465615,0.6312990812262991,0.7223233876232218,0.6549544542603005,0.034559921961194985,0.08269442904391996,0.7990598545239326,1.433005983910392,2.057753633271288,2.3944652800283412,2.088830920067916,2.4645576066175456,0.4216778132461492,0.11538348791216498,0.6142707550829225,-0.7183404433612972,1.0573118504422039,1.0746330911284794,0.972575088905319,3.114954442157294e-10,0.7222800107923091,4.3376830912711384e-5,0.799011869528856,4.798499507663312e-5,6.0051815649306815e-5,0.22981696211171132,0.22986494710678795,-4.798499507663312e-5,0.18417495457423871,0.045642007537472606,0.09527549230986021,-0.04958549977731097,-4.798499507663312e-5
12.0,1.1062356116603247,2.187947535266121,0.9577329003826266,0.631439699847471,0.7217552268866828,0.6318216383110881,0.03456243634062517,0.07979145313045816,0.805180810237861,1.4842916023125694,2.0853932815891283,2.4812072276972796,2.1168780041410358,2.5538877348673465,0.4168223815461769,0.1129111991259394,0.6064424601071103,-0.725136857898324,1.0566059239468215,1.074142751338571,0.9719838263612967,3.849295762536154e-10,0.7216989850899742,5.624179670860041e-5,0.8051180676157697,6.274262209138293e-5,7.792364310427111e-5,0.2375158305567031,0.2375785731787945,-6.274262209138293e-5,0.1858631863163258,0.0516526442403773,0.10506508018992455,-0.05334969332745587,-6.274262209138293e-5
13.0,1.1155870858199912,2.349225655329255,0.9586131815274906,0.6316103881252761,0.7210962500295576,0.6094637928236583,0.03456261852141885,0.07698873254673075,0.8111043535009668,1.5372576680446721,2.112868649524581,2.57106402878155,2.1447675710644303,2.646438244502552,0.41194371207104225,0.11045327175043436,0.5987495003856617,-0.7322187895788342,1.055937169901993,1.0736918611031083,0.9713836386688958,4.3932792906131364e-10,0.7210233754313833,7.287459817428843e-5,0.8110223826075716,8.197089339512242e-5,0.00010106084752388735,0.24532997126132372,0.24541194215471884,-8.197089339512242e-5,0.18755605102833073,0.05777392023299299,0.11483175264045553,-0.056975861514067416,-8.197089339512242e-5
14.0,1.124821205862213,2.522311720803833,0.9595512766841124,0.631811979281734,0.7203455843261211,0.5878568682896429,0.03456042625469462,0.0742830022976882,0.8168147852194028,1.5919450354984448,2.1401259551842546,2.6641392603231813,2.172445459098997,2.742317381218695,0.40704247931741294,0.10801113287219238,0.5911872411266892,-0.7396017892860905,1.055305883806585,1.0732808025123404,0.9707743418469013,5.125901739873236e-10,0.7202512171233794,9.436720274169641e-5,0.816707780292717,0.0001070049266858053,0.0001310026809285326,0.25324819237272456,0.25335519729941036,-0.0001070049266858053,0.18925357949763078,0.06399461287509378,0.1245548801893741,-0.06045326238759452,-0.0001070049266858053
15.0,1.1339207222093657,2.7080487128272823,0.9605475579442864,0.6320452559266441,0.7195025650442859,0.566977607796085,0.03455582158939694,0.0716711014448306,0.8222963931310615,1.6483947431783084,2.1671091135311147,2.7605391315438883,2.1998551507597477,2.841636203374246,0.40211954587109994,0.10558616011436381,0.5837506529796611,-0.7473014426795805,1.054712309291599,1.0729099258575459,0.9701557503960467,9.021023813177762e-10,0.7193804394882639,0.00012212555602197916,0.8221568197520287,0.00013957337903280909,0.00016973609540150714,0.26125816363449583,0.26139773701352864,-0.00013957337903280909,0.19095578174003458,0.07030238189446125,0.13421280547890524,-0.06377085020541118,-0.00013957337903280909
16.0,1.1428679105271133,2.9073365870405907,0.96160227616784,0.6323109463830312,0.7185667549811662,0.5468035125359322,0.03454877135842139,0.06914996929943218,0.8275335344727761,1.706647993764656,2.1937598491077823,2.8603724984197196,2.226937882608258,2.94450859831006,0.3971759722914797,0.10317968184618372,0.576434327663086,-0.7553333459953313,1.0541566343379072,1.0725795473552806,0.9695276760341307,1.0708465838674935e-11,0.7184087957786709,0.0001579592024952836,0.8273516216077051,0.0001819128650709656,0.0002198253695989043,0.26934639008111505,0.269528302946186,-0.0001819128650709656,0.19266264276974754,0.07668374731136751,0.14378288636647518,-0.0669172261900367,-0.0001819128650709656
17.0,1.1516446158081248,3.1211357546875793,0.9627155431851704,0.6326097207012052,0.7175379691689476,0.5273128093463255,0.034539247787223365,0.06671664180854937,0.8325107316047039,1.766746139605338,2.220017837114571,2.9637508758795263,2.2536327830894005,3.0510512956111073,0.3922130291121254,0.10079297907111548,0.56923249948733,-0.7637130839379889,1.0536389867974325,1.0722899460248514,0.9688899264733936,5.4599827527454575e-11,0.7173337714776301,0.0002041976913175203,0.8322738148467133,0.00023691675799064615,0.0002845810258012865,0.27749818695258155,0.2777351037105722,-0.00023691675799064615,0.19437411815774452,0.08312406879483702,0.15324155121577643,-0.06988056566294876,-0.00023691675799064615
18.0,1.1602323045969507,3.3504707420164044,0.9638873174641461,0.6329421867933328,0.716416294125757,0.5084844195161858,0.034527228996624026,0.06436824808778263,0.8372127677008018,1.8287306724992418,2.2458208775905115,3.0707884478740737,2.279877044344144,3.161383877667977,0.3872322038266181,0.09842728568593324,0.5621390639023853,-0.7724561967552069,1.0531594307312846,1.0720413615343063,0.9682423035308968,1.2422013081899922e-10,0.716152456030193,0.0002638380955640729,0.8369044433033485,0.00030832439745331897,0.00036827483926225326,0.285697671094454,0.2860059954919073,-0.00030832439745331897,0.19609012946543247,0.08960754162902151,0.16256436831141285,-0.07264850228493802,-0.00030832439745331897
19.0,1.1686121247737011,3.5964340347718964,0.9651173828036036,0.6333088860383987,0.7152021157009744,0.4902979297614165,0.03451269970404622,0.06210200714482715,0.841624799555066,1.8926432220032872,2.2711051009592187,3.1816020752503453,2.305606124808937,3.2756287871425203,0.3822352118242962,0.09608379172728915,0.5551476058599826,-0.7815781538307516,1.0527179615340985,1.0718339905252223,0.9675846014671056,2.2107855850612047e-10,0.7148613788747306,0.00034073682624380375,0.8412238323923676,0.0004009671626983291,0.0004764203275738841,0.2939277509245434,0.2943287180872417,-0.0004009671626983291,0.19781055952296078,0.09611719140158259,0.1717261288229872,-0.07520797025870629,-0.0004009671626983291
20.0,1.1767649746536109,3.860190115271881,0.9664053268549866,0.6337102890381113,0.7138961461661752,0.4727335642586189,0.03449565192381189,0.059915224728869204,0.8457324765711224,1.9585255600373646,2.295805211176292,3.2963113019064423,2.330753989915504,3.393911332030118,0.37722400483797125,0.09376364652129864,0.5482514291793801,-0.7910943206125595,1.0523145013575468,1.0716679832211145,0.966916604932189,3.5487452479151366e-10,0.713456290689086,0.000439855477089246,0.8452113922874072,0.000521084283715223,0.0006161337043929896,0.30217012901702367,0.3026912133007389,-0.000521084283715223,0.19953524770069508,0.10263488131632859,0.18070094574963114,-0.07754498014958733,-0.000521084283715223
21.0,1.1846715815920084,4.142979699588057,0.9677505161329395,0.6341467913493976,0.7124994549265853,0.45577215800223986,0.03447608576248204,0.05780529031670221,0.8495220711922207,2.026419613577973,2.3198547673439878,3.415038359395955,2.35525339135043,3.5163596883695933,0.37220077945549324,0.0914679631971463,0.5414435909411662,-0.8010199239838055,1.0519488942942186,1.0715434396243009,0.9662380867871603,5.391381567802852e-10,0.7119318775165971,0.0005675774099881403,0.8488453414999225,0.0006767296922981503,0.0007966004830791821,0.3104053124797732,0.31108204217207136,-0.0006767296922981503,0.20126398522202482,0.10914132725774839,0.18946236923663595,-0.07964431228658941,-0.0006767296922981503
22.0,1.1923125910036716,4.4461241828817775,0.9691520671356951,0.6346187093695045,0.7110135031983842,0.4393951312470031,0.03445401031930531,0.05576967421904342,0.8529806214273628,2.096367485436648,2.3431865068810636,3.537908170342866,2.379036188005042,3.6431049010007577,0.36716798551428104,0.08919782459344054,0.5347169406777937,-0.8113700149936683,1.0516209014607345,1.0714604054273953,0.9655488058092043,7.923503118745915e-10,0.7102813878604409,0.0007321153379432621,0.8521023255959809,0.0008782958313818812,0.001029678528818341,0.31861263201316903,0.3194909278445509,-0.0008782958313818812,0.2029965106311683,0.11561612138200072,0.19798351945687387,-0.08148910224349126,-0.0008782958313818812
23.0,1.199668666755781,4.771030301330738,0.9706088124394553,0.6351262765395735,0.7094401839875784,0.4235844648752967,0.034429444723850594,0.053805924795250995,0.8560960874048099,2.168411482922342,2.365732713325041,3.6650483510480014,2.402033711636589,3.774280882807931,0.3621283347637044,0.08695429083046857,0.528064164683626,-0.822159428555751,1.0513301960413022,1.0714188676651386,0.9648485043568036,1.1396546568489627e-9,0.708496147736648,0.0009440362509303135,0.8549568994097809,0.0011391879950289896,0.0013306777262378938,0.3267702692577107,0.3279094572527397,-0.0011391879950289896,0.20473250554819,0.12203776370952069,0.20623723821309747,-0.0830602865085478,-0.0011391879950289896
24.0,1.2067206041148064,5.119195019488551,0.9721192601898866,0.6356696400797933,0.7077818692550146,0.40832267652755594,0.03440241935579999,0.051911665764937866,0.8588575247465342,2.2425941535916945,2.3874256323475764,3.796589213698107,2.4241771807180026,3.910024412967736,0.3570848104207638,0.08473840887250096,0.5214778357103198,-0.8334027394333545,1.051076358370354,1.0714187501474735,0.9641369061090735,1.6151922263656568e-9,0.7065649315157269,0.0012169377392877712,0.8573808323078942,0.0014766924386400149,0.0017193683423520287,0.334855291427254,0.336331983865894,-0.0014766924386400149,0.2064715908753625,0.12838370055189152,0.21419626056584695,-0.08433586757531542,-0.0014766924386400149
25.0,1.2134494567521719,5.492210652278949,0.9736815448077113,0.6362488585272773,0.7060414669019102,0.39359279733008123,0.03437297730956772,0.050084593605164436,0.8612552787749567,2.3189583264745037,2.408197940356172,3.9326637685982933,2.4453981666810938,4.050475134793677,0.35204067856593585,0.08255122448551465,0.5149504682432438,-0.8451142133825538,1.0508588711146982,1.0714599086934202,0.963413714045843,2.2652426793442313e-9,0.7044731471364756,0.0015683197654345893,0.8593421847994505,0.0019130939755062082,0.0022212856311631312,0.3428436914031293,0.3447567853786355,-0.0019130939755062082,0.20821332365945588,0.13463036774367343,0.22183340804194696,-0.08528994632276732,-0.0019130939755062082
26.0,1.2198366797832998,5.891770231073972,0.9752933657833956,0.6368639004482013,0.7042224913784365,0.3793783490187924,0.03434117619384218,0.048322475020341434,0.8632812054615556,2.3975471558588315,2.427983271256787,4.0734077268372335,2.4656291178551766,4.195775553857978,0.3469995028801057,0.0803937970121564,0.5084745795040156,-0.857307751707742,1.0506771149127208,1.0715421264838747,0.9626786089195438,3.1524542417623853e-9,0.7022017824712906,0.002020708907145896,0.860804090568742,0.002477114892813659,0.002869418304420589,0.3507104301668379,0.35318754505965155,-0.002477114892813659,0.2099571958366283,0.1407532343302096,0.22912180535543536,-0.08589145613241211,-0.002477114892813659
27.0,1.2258642915135805,6.319673123307492,0.9769519109168334,0.6375146446221778,0.7023291522902319,0.36566332141823854,0.03430709037112708,0.0466231444810627,0.8649289262911419,2.478404164354375,2.4467168088778766,4.218959503665618,2.4848039483000277,4.346071036958488,0.3419651642543202,0.0782672176668977,0.5020427562521118,-0.8699968264798258,1.0505303640487058,1.071665109052079,0.9619312485008151,4.361490070359078e-9,0.6997260433441173,0.002603108946114596,0.8617231584279686,0.003205767863173281,0.003706394555353551,0.35842947814779635,0.36163524601096964,-0.003205767863173281,0.21170262959629804,0.1467268485514983,0.23603512336080057,-0.08610250694612898,-0.003205767863173281
28.0,1.231515057392516,6.777830914902249,0.9786537574392491,0.6382008824856913,0.7003664690697339,0.3524321498143343,0.034270813826977733,0.044984501805567505,0.8661941297945737,2.5615732774712154,2.464335954702445,4.3694602229156985,2.5028587005170966,4.501509812890791,0.33694188874064845,0.07617263205369575,0.49564772740639923,-0.8831944025393986,1.0504177831189836,1.07182847982924,0.9611712681447988,6.006614528588489e-9,0.6970135954859332,0.003352873583800653,0.8620473872754907,0.00414674251908298,0.0047873131165947986,0.36597384755664875,0.3701205900757317,-0.00414674251908298,0.21344898324644457,0.15252486431020418,0.24254785132241063,-0.08587624449312348,-0.00414674251908298
29.0,1.2367727012189795,7.268273563636815,0.9803947440808667,0.6389223232818501,0.6983404200368525,0.3396696922601385,0.03423246386916774,0.04340450978545575,0.8670749339558428,2.647098842531377,2.4807810850759786,4.525053722336946,2.5197322955883625,4.66224297544483,0.33193428689255977,0.07411126794798135,0.4892824426219018,-0.8969128404680788,1.050338424355245,1.0720317758301945,0.9603982832285001,8.241806392704081e-9,0.6940222944543462,0.004318125582506327,0.8617134535848983,0.005361480370944527,0.006183410638436896,0.3733156085821465,0.37867708895309105,-0.005361480370944527,0.2151955507353368,0.15812005784680971,0.2486356037865326,-0.08515406556877836,-0.005361480370944527
30.0,1.2416221502832185,7.793155830058801,0.9821698031806263,0.6396786028752177,0.6962581390842932,0.32736120644943856,0.034192185971366466,0.04188119183542452,0.8675723314878321,2.7350256191697797,2.4959964166423707,4.685886559592214,2.535367388425223,4.828424489321008,0.32694740978206727,0.07208446969652076,0.482940156991413,-0.9111637724803604,1.050291226124921,1.0722744439190306,0.9596118943452385,1.1274259137102284e-8,0.6906972552982005,0.005560883786092763,0.8606431932262981,0.0069291382615339625,0.007986813329617053,0.38042587683335327,0.38735501509488723,-0.0069291382615339625,0.21694156816371757,0.1634843086696357,0.2542754683925059,-0.08386202146133626,-0.0069291382615339625
31.0,1.2460498237461874,8.354763989398386,0.9839727386185111,0.6404692972815719,0.6941281771521266,0.31549232589926346,0.03415016017123265,0.040412629653285986,0.8676907471081298,2.82539872508148,2.509931006386991,4.852108018107301,2.5497113531388,5.000211199324695,0.3219868282867175,0.07009374104827003,0.47661452233021034,-0.9259579399448706,1.0502750129307246,1.0725558378610658,0.9588116963976177,1.5382384079818937e-8,0.6869670691983019,0.007161107953824741,0.8587390472418753,0.008951699866254437,0.010316693932819932,0.38727475608536566,0.3962264559516201,-0.008951699866254437,0.21868622326804987,0.16858853281731578,0.2594464040336679,-0.0819061713500977,-0.008951699866254437
32.0,1.2500439769900953,8.955522823029389,0.9857959302548759,0.6412939422653602,0.691960851788937,0.3040490351047686,0.03410660957946157,0.03899696087286319,0.8674387465886014,2.9182635147152727,2.5225399226974465,5.023870111306947,2.5627174330809006,5.177762842918205,0.31705874444008664,0.06814079886983447,0.4702996859293269,-0.9413049770065011,1.0502884973547817,1.0728752164475879,0.9579972931302367,2.0939722422790065e-8,0.6827389171065553,0.009221934682381638,0.8558781742797404,0.011560572308860984,0.013327249162347822,0.39383121476012184,0.4053917870689828,-0.011560572308860984,0.22042866986012977,0.17340254489999207,0.2641297022885718,-0.07916658507971874,-0.011560572308860984
33.0,1.253595119356823,9.598002880389682,0.9876299388459853,0.6421520607241967,0.6897687162021827,0.2930176432554468,0.03406181175003177,0.03763237668900654,0.8668299514741304,3.013665360907936,2.5337856376248453,5.201327582830253,2.574346103233083,5.361242065750086,0.31217014641610796,0.06622764107889052,0.46399039835295414,-0.9572131191410629,1.0503302844998512,1.0732317430199045,0.957168319165311,2.844673940329585e-8,0.6778922556141341,0.011876460588048587,0.8519048446761512,0.014925106797979204,0.017218033101645342,0.4000628673382922,0.4149879741362714,-0.014925106797979204,0.2221680487949529,0.17789481854333933,0.26830953004203884,-0.0754896047007203,-0.014925106797979204
34.0,1.2566965290145866,10.284927990771818,0.9894629764737184,0.6430432000609116,0.6875671900757903,0.28238475599916607,0.03401611392090311,0.03631711942922469,0.8658842322992149,3.111649299209876,2.543639709203572,5.384637899024715,2.5845667104318792,5.550814439119769,0.3073290223090666,0.06435663334082387,0.4576821328932715,-0.9736888080196918,1.0503988796147858,1.0736244867544225,0.9563244722962455,3.8572922697199356e-8,0.6722706524566382,0.015296537619152062,0.8466206157038163,0.019263616595398547,0.022247335009493295,0.4059356223025712,0.42519923889796973,-0.019263616595398547,0.22390351755993354,0.18203210474263765,0.27197357798853383,-0.07067785665049764,-0.019263616595398547
35.0,1.259344897192911,11.019182987409792,0.991280195710554,0.6439669823828005,0.6853754090359728,0.2721372445994858,0.03396995348021901,0.035049480039740184,0.8646292785443703,3.2122594809460137,2.5520848478647515,5.573961228255043,2.593359480924532,5.746648477411725,0.302544652513221,0.06253062074951818,0.45137122080357533,-0.9907361542584533,1.05049269975977,1.0740524260924025,0.9554655597096972,5.221242162984644e-8,0.6656712208146621,0.019704188221310703,0.839771634366477,0.02485764417789338,0.028749482344319843,0.41141314538800544,0.4362707895658988,-0.02485764417789338,0.225634291283475,0.18577885410453043,0.2751138488545224,-0.06447735057209858,-0.02485764417789338
