sweep_kind,sweep_value,case_id,label,pi,gamma,T_max,branch_iters,warm_start_T,status,elapsed_sec,branch_converged,max_u_residual,max_bgp_residual,residual_safe,error
pi,0.7,pi_0p700_gamma_0p25,π = 0.7,0.7,0.25,30,60,,ok,0.6312520503997803,true,1.1685511285002602e-7,9.954506962611779e-10,true,
pi,0.7,pi_0p700_gamma_0p25,π = 0.7,0.7,0.25,45,60,30,ok,0.6284770965576172,true,1.2186708793460952e-7,9.954508187891375e-10,true,
pi,0.7,pi_0p700_gamma_0p25,π = 0.7,0.7,0.25,60,60,45,ok,0.6096630096435547,true,1.1191316554090649e-7,9.954508187891375e-10,true,
pi,0.7,pi_0p700_gamma_0p25,π = 0.7,0.7,0.25,70,60,60,ok,0.827747106552124,true,1.4945677147615394e-7,9.954508187891375e-10,true,
pi,0.7,pi_0p700_gamma_0p25,π = 0.7,0.7,0.25,80,60,70,ok,1.0808560848236084,true,1.5047158335957303e-7,9.954508187891375e-10,true,
pi,0.7,pi_0p700_gamma_0p25,π = 0.7,0.7,0.25,90,60,80,ok,1.2156200408935547,true,1.8046810569294787e-7,9.954508187891375e-10,true,
pi,0.7,pi_0p700_gamma_0p25,π = 0.7,0.7,0.25,100,60,90,ok,1.2198739051818848,true,2.204910568483342e-7,9.954508187891375e-10,true,
pi,0.7,pi_0p700_gamma_0p25,π = 0.7,0.7,0.25,103,60,100,ok,1.2578070163726807,true,2.649932002569104e-7,9.954508187891375e-10,true,
pi,0.7,pi_0p700_gamma_0p25,π = 0.7,0.7,0.25,104,60,103,ok,1.0928049087524414,true,2.622801318332047e-7,9.954508187891375e-10,true,
pi,0.7,pi_0p700_gamma_0p25,π = 0.7,0.7,0.25,105,60,104,ok,1.1759748458862305,true,2.5939756736687514e-7,9.954508187891375e-10,true,
pi,0.75,pi_0p750_gamma_0p25,π = 0.75 (AHP),0.75,0.25,30,60,,ok,0.47587013244628906,true,1.0187088860673365e-7,9.985140561608041e-10,true,
pi,0.75,pi_0p750_gamma_0p25,π = 0.75 (AHP),0.75,0.25,45,60,30,ok,0.6914401054382324,true,1.179029248801968e-7,9.985140561608041e-10,true,
pi,0.75,pi_0p750_gamma_0p25,π = 0.75 (AHP),0.75,0.25,60,60,45,ok,0.7398359775543213,true,1.3789353756105648e-7,9.985140561608041e-10,true,
pi,0.75,pi_0p750_gamma_0p25,π = 0.75 (AHP),0.75,0.25,70,60,60,ok,0.9401559829711914,true,1.581982999208967e-7,9.985140561608041e-10,true,
pi,0.75,pi_0p750_gamma_0p25,π = 0.75 (AHP),0.75,0.25,80,60,70,ok,1.0872020721435547,true,1.7889495376908808e-7,9.985140561608041e-10,true,
pi,0.75,pi_0p750_gamma_0p25,π = 0.75 (AHP),0.75,0.25,90,60,80,ok,1.289167881011963,true,1.9534402793547443e-7,9.985140561608041e-10,true,
pi,0.75,pi_0p750_gamma_0p25,π = 0.75 (AHP),0.75,0.25,100,60,90,ok,1.4618680477142334,true,2.7039984346573995e-7,9.985140561608041e-10,true,
pi,0.75,pi_0p750_gamma_0p25,π = 0.75 (AHP),0.75,0.25,103,60,100,ok,1.4687449932098389,true,3.117694744343101e-7,9.985140561608041e-10,true,
pi,0.75,pi_0p750_gamma_0p25,π = 0.75 (AHP),0.75,0.25,104,60,103,ok,1.2482540607452393,true,3.04740349675962e-7,9.985140561608041e-10,true,
pi,0.75,pi_0p750_gamma_0p25,π = 0.75 (AHP),0.75,0.25,105,60,104,ok,1.3123588562011719,true,2.8998472143039727e-7,9.985140561608041e-10,true,
pi,0.8,pi_0p800_gamma_0p25,π = 0.8,0.8,0.25,30,60,,ok,0.4804530143737793,true,1.2685484316687435e-7,9.415996107819957e-10,true,
pi,0.8,pi_0p800_gamma_0p25,π = 0.8,0.8,0.25,45,60,30,ok,0.8261101245880127,true,1.395659003362406e-7,9.415995344541628e-10,true,
pi,0.8,pi_0p800_gamma_0p25,π = 0.8,0.8,0.25,60,60,45,ok,0.8118739128112793,true,1.3495193243645656e-7,9.415995344541628e-10,true,
pi,0.8,pi_0p800_gamma_0p25,π = 0.8,0.8,0.25,70,60,60,ok,1.0136008262634277,true,1.7869002279926036e-7,9.415995344541628e-10,true,
pi,0.8,pi_0p800_gamma_0p25,π = 0.8,0.8,0.25,80,60,70,ok,1.1930830478668213,true,1.8535016319676484e-7,9.415995344541628e-10,true,
pi,0.8,pi_0p800_gamma_0p25,π = 0.8,0.8,0.25,90,60,80,ok,1.1141018867492676,true,2.3304407260596544e-7,9.415995344541628e-10,true,
pi,0.8,pi_0p800_gamma_0p25,π = 0.8,0.8,0.25,100,60,90,ok,1.76584792137146,true,2.9710969154136664e-7,9.415995344541628e-10,true,
pi,0.8,pi_0p800_gamma_0p25,π = 0.8,0.8,0.25,103,60,100,ok,1.605762004852295,true,3.56347658259466e-7,9.415995344541628e-10,true,
pi,0.8,pi_0p800_gamma_0p25,π = 0.8,0.8,0.25,104,60,103,ok,1.3889238834381104,true,3.6706602481206784e-7,9.415995344541628e-10,true,
pi,0.8,pi_0p800_gamma_0p25,π = 0.8,0.8,0.25,105,60,104,ok,1.4455339908599854,true,3.4246860303604605e-7,9.415995344541628e-10,true,
pi,0.9,pi_0p900_gamma_0p25,π = 0.9,0.9,0.25,30,60,,ok,0.72157883644104,true,1.4545875773457407e-7,9.939649936452355e-10,true,
pi,0.9,pi_0p900_gamma_0p25,π = 0.9,0.9,0.25,45,60,30,ok,1.0955119132995605,true,1.6724389740218462e-7,9.939648965007208e-10,true,
pi,0.9,pi_0p900_gamma_0p25,π = 0.9,0.9,0.25,60,60,45,ok,1.265166997909546,true,1.929959219059353e-7,9.939648965007208e-10,true,
pi,0.9,pi_0p900_gamma_0p25,π = 0.9,0.9,0.25,70,60,60,ok,1.1013500690460205,true,1.8642899688556481e-7,9.939648965007208e-10,true,
pi,0.9,pi_0p900_gamma_0p25,π = 0.9,0.9,0.25,80,60,70,ok,1.5309948921203613,true,2.4693453115970057e-7,9.939648965007208e-10,true,
pi,0.9,pi_0p900_gamma_0p25,π = 0.9,0.9,0.25,90,60,80,ok,1.9609520435333252,true,3.12355383860278e-7,9.939648965007208e-10,true,
pi,0.9,pi_0p900_gamma_0p25,π = 0.9,0.9,0.25,100,60,90,ok,2.254404067993164,true,3.967922077476419e-7,9.939648965007208e-10,true,
pi,0.9,pi_0p900_gamma_0p25,π = 0.9,0.9,0.25,103,60,100,ok,1.985388994216919,true,4.039934801506233e-7,9.939648965007208e-10,true,
pi,0.9,pi_0p900_gamma_0p25,π = 0.9,0.9,0.25,104,60,103,ok,1.637019157409668,true,4.5161737421396907e-7,9.939648965007208e-10,true,
pi,0.9,pi_0p900_gamma_0p25,π = 0.9,0.9,0.25,105,60,104,ok,1.7245469093322754,true,4.7682131813358326e-7,9.939648965007208e-10,true,
pi,0.95,pi_0p950_gamma_0p25,π = 0.95,0.95,0.25,30,60,,ok,0.708745002746582,true,1.3196804359857572e-6,9.078263871132854e-10,true,
pi,0.95,pi_0p950_gamma_0p25,π = 0.95,0.95,0.25,45,60,30,ok,1.1958980560302734,true,1.4976344396239412e-6,9.913425709523193e-10,true,
pi,0.95,pi_0p950_gamma_0p25,π = 0.95,0.95,0.25,60,60,45,ok,1.5391860008239746,true,5.753014616445691e-7,9.913373615297655e-10,true,
pi,0.95,pi_0p950_gamma_0p25,π = 0.95,0.95,0.25,70,60,60,ok,1.7776541709899902,true,3.864435391072163e-7,9.913373611789146e-10,true,
pi,0.95,pi_0p950_gamma_0p25,π = 0.95,0.95,0.25,80,60,70,ok,1.9698600769042969,true,1.4989432606139542e-6,9.913373611789146e-10,true,
pi,0.95,pi_0p950_gamma_0p25,π = 0.95,0.95,0.25,90,60,80,ok,2.208192825317383,true,2.1819817319057187e-6,9.913373611789146e-10,true,
pi,0.95,pi_0p950_gamma_0p25,π = 0.95,0.95,0.25,100,60,90,ok,2.4338431358337402,true,1.1493205574972175e-6,9.913373611789146e-10,true,
pi,0.95,pi_0p950_gamma_0p25,π = 0.95,0.95,0.25,103,60,100,ok,2.187227964401245,true,5.032478862155874e-7,9.913373611789146e-10,true,
pi,0.95,pi_0p950_gamma_0p25,π = 0.95,0.95,0.25,104,60,103,ok,1.846372127532959,true,5.279233191566007e-7,9.913373611789146e-10,true,
pi,0.95,pi_0p950_gamma_0p25,π = 0.95,0.95,0.25,105,60,104,ok,1.9159860610961914,true,5.273481370095564e-7,9.913373611789146e-10,true,
pi,0.97,pi_0p970_gamma_0p25,π = 0.97,0.97,0.25,30,60,,ok,0.7412288188934326,true,3.554511997032184e-6,9.794609279414387e-10,true,
pi,0.97,pi_0p970_gamma_0p25,π = 0.97,0.97,0.25,45,60,30,ok,1.2124850749969482,true,4.020972275093702e-6,9.819683198603285e-10,true,
pi,0.97,pi_0p970_gamma_0p25,π = 0.97,0.97,0.25,60,60,45,ok,1.5299758911132812,true,2.2650508950218107e-6,9.819634914368692e-10,true,
pi,0.97,pi_0p970_gamma_0p25,π = 0.97,0.97,0.25,70,60,60,ok,1.8438081741333008,true,2.0426558679773444e-6,9.819636325715062e-10,true,
pi,0.97,pi_0p970_gamma_0p25,π = 0.97,0.97,0.25,80,60,70,ok,2.0431950092315674,true,8.06630599535667e-6,9.819635145707632e-10,true,
pi,0.97,pi_0p970_gamma_0p25,π = 0.97,0.97,0.25,90,60,80,ok,2.224586009979248,true,8.935831174327666e-6,9.819635145707632e-10,true,
pi,0.97,pi_0p970_gamma_0p25,π = 0.97,0.97,0.25,100,60,90,ok,2.446923017501831,true,3.538582136091707e-6,9.819635145707632e-10,true,
pi,0.97,pi_0p970_gamma_0p25,π = 0.97,0.97,0.25,103,60,100,ok,2.509906053543091,true,5.548886345124652e-7,9.819635145707632e-10,true,
pi,0.97,pi_0p970_gamma_0p25,π = 0.97,0.97,0.25,104,60,103,ok,2.168511152267456,true,4.766356017432456e-7,9.819635145707632e-10,true,
pi,0.97,pi_0p970_gamma_0p25,π = 0.97,0.97,0.25,105,60,104,ok,2.080919027328491,true,5.200061100773096e-7,9.819635145707632e-10,true,
pi,0.99,pi_0p990_gamma_0p25,π = 0.99,0.99,0.25,30,60,,ok,0.7933058738708496,true,9.315511812748344e-6,9.976530196566425e-10,true,
pi,0.99,pi_0p990_gamma_0p25,π = 0.99,0.99,0.25,45,60,30,ok,1.1689128875732422,false,1.063462250673365e-5,9.95075421445738e-10,false,
pi,0.99,pi_0p990_gamma_0p25,π = 0.99,0.99,0.25,45,200,45,ok,0.9908390045166016,true,2.0135231174130908e-7,9.950726173366073e-10,true,
pi,0.99,pi_0p990_gamma_0p25,π = 0.99,0.99,0.25,60,60,45,ok,1.5826270580291748,true,5.724000267639058e-6,9.950626252129226e-10,true,
pi,0.99,pi_0p990_gamma_0p25,π = 0.99,0.99,0.25,70,60,60,ok,1.849134922027588,true,4.768465432797118e-6,9.950625297467133e-10,true,
pi,0.99,pi_0p990_gamma_0p25,π = 0.99,0.99,0.25,80,60,70,ok,2.027036190032959,false,3.277500311708728e-5,9.950624348970967e-10,false,
pi,0.99,pi_0p990_gamma_0p25,π = 0.99,0.99,0.25,80,200,80,ok,2.8196771144866943,true,2.807905645834197e-7,9.95062505639813e-10,true,
pi,0.99,pi_0p990_gamma_0p25,π = 0.99,0.99,0.25,90,60,80,ok,2.262289047241211,false,2.270483464959878e-5,9.950625054115213e-10,false,
pi,0.99,pi_0p990_gamma_0p25,π = 0.99,0.99,0.25,90,200,90,ok,1.9725971221923828,true,3.233415294397661e-7,9.950625054115213e-10,true,
pi,0.99,pi_0p990_gamma_0p25,π = 0.99,0.99,0.25,100,60,90,ok,2.4632060527801514,true,4.085710842322057e-6,9.950625290140332e-10,true,
pi,0.99,pi_0p990_gamma_0p25,π = 0.99,0.99,0.25,103,60,100,ok,2.537137031555176,true,6.071044344181095e-7,9.950625290140332e-10,true,
pi,0.99,pi_0p990_gamma_0p25,π = 0.99,0.99,0.25,104,60,103,ok,2.1958060264587402,true,4.5253687261715523e-7,9.950625290140332e-10,true,
pi,0.99,pi_0p990_gamma_0p25,π = 0.99,0.99,0.25,105,60,104,error,7.118927955627441,,,,false,Absorbing-BGP continuation failed during outer iteration 1 at the required terminal successor t=106.
pi,0.995,pi_0p995_gamma_0p25,π = 0.995,0.995,0.25,30,60,,ok,0.7387759685516357,false,1.1799347627167225e-5,9.862472921673415e-10,false,
pi,0.995,pi_0p995_gamma_0p25,π = 0.995,0.995,0.25,30,200,30,ok,0.6250829696655273,true,1.9515448708998983e-7,9.862475142119465e-10,true,
pi,0.995,pi_0p995_gamma_0p25,π = 0.995,0.995,0.25,45,60,30,ok,1.2599940299987793,false,1.3773564015913106e-5,9.862461958221047e-10,false,
pi,0.995,pi_0p995_gamma_0p25,π = 0.995,0.995,0.25,45,200,45,ok,1.055415153503418,true,2.0679004296570055e-7,9.862461958221047e-10,true,
pi,0.995,pi_0p995_gamma_0p25,π = 0.995,0.995,0.25,60,60,45,ok,1.6403191089630127,true,5.755346728130791e-6,9.862463554166645e-10,true,
pi,0.995,pi_0p995_gamma_0p25,π = 0.995,0.995,0.25,70,60,60,ok,1.8046379089355469,true,1.97771230107861e-6,9.862463554166645e-10,true,
pi,0.995,pi_0p995_gamma_0p25,π = 0.995,0.995,0.25,80,60,70,ok,2.060606002807617,false,4.19831087000423e-5,9.862463554166645e-10,false,
pi,0.995,pi_0p995_gamma_0p25,π = 0.995,0.995,0.25,80,200,80,ok,3.301769971847534,true,2.9290220346232194e-7,9.862463554166645e-10,true,
pi,0.995,pi_0p995_gamma_0p25,π = 0.995,0.995,0.25,90,60,80,ok,2.271944999694824,true,8.293470760644439e-6,9.862463554166645e-10,true,
pi,0.995,pi_0p995_gamma_0p25,π = 0.995,0.995,0.25,100,60,90,ok,2.50954008102417,true,1.1073664799951149e-6,9.862463554166645e-10,true,
pi,0.995,pi_0p995_gamma_0p25,π = 0.995,0.995,0.25,103,60,100,ok,2.2278149127960205,true,5.059806979447304e-7,9.862463554166645e-10,true,
pi,0.995,pi_0p995_gamma_0p25,π = 0.995,0.995,0.25,104,60,103,ok,1.8827729225158691,true,4.914396293161227e-7,9.862463554166645e-10,true,
pi,0.995,pi_0p995_gamma_0p25,π = 0.995,0.995,0.25,105,60,104,error,7.950227975845337,,,,false,Absorbing-BGP continuation failed during outer iteration 1 at the required terminal successor t=106.
gamma,0.05,pi_0p750_gamma_0p05,γ = 0.05,0.75,0.05,30,60,,ok,0.46285414695739746,true,1.0526516076044439e-7,9.943880379503495e-10,true,
gamma,0.05,pi_0p750_gamma_0p05,γ = 0.05,0.75,0.05,45,60,30,ok,0.7932920455932617,true,1.340938936901015e-7,9.943877963481004e-10,true,
gamma,0.05,pi_0p750_gamma_0p05,γ = 0.05,0.75,0.05,60,60,45,ok,0.6443319320678711,true,1.2552045674749942e-7,9.943877963481004e-10,true,
gamma,0.05,pi_0p750_gamma_0p05,γ = 0.05,0.75,0.05,70,60,60,ok,1.0469508171081543,true,1.4528938392262006e-7,9.943877963481004e-10,true,
gamma,0.05,pi_0p750_gamma_0p05,γ = 0.05,0.75,0.05,80,60,70,ok,1.2725319862365723,true,1.769020254659126e-7,9.943877963481004e-10,true,
gamma,0.05,pi_0p750_gamma_0p05,γ = 0.05,0.75,0.05,90,60,80,ok,1.454766035079956,true,2.0521293531458208e-7,9.943877963481004e-10,true,
gamma,0.05,pi_0p750_gamma_0p05,γ = 0.05,0.75,0.05,100,60,90,ok,1.748049020767212,true,2.740592636121049e-7,9.943877963481004e-10,true,
gamma,0.05,pi_0p750_gamma_0p05,γ = 0.05,0.75,0.05,103,60,100,ok,1.7307708263397217,true,3.2608803876951366e-7,9.943877963481004e-10,true,
gamma,0.05,pi_0p750_gamma_0p05,γ = 0.05,0.75,0.05,104,60,103,ok,1.5427429676055908,true,3.4113564252963696e-7,9.943877963481004e-10,true,
gamma,0.05,pi_0p750_gamma_0p05,γ = 0.05,0.75,0.05,105,60,104,ok,1.5522451400756836,true,3.5912868345992486e-7,9.943877963481004e-10,true,
gamma,0.5,pi_0p750_gamma_0p50,γ = 0.5,0.75,0.5,30,60,,ok,0.47847509384155273,true,1.241665663284264e-7,9.831877187393978e-10,true,
gamma,0.5,pi_0p750_gamma_0p50,γ = 0.5,0.75,0.5,45,60,30,ok,0.7049739360809326,true,1.2789497823053587e-7,9.831877187393978e-10,true,
gamma,0.5,pi_0p750_gamma_0p50,γ = 0.5,0.75,0.5,60,60,45,ok,0.7923300266265869,true,1.3526578299114665e-7,9.831877187393978e-10,true,
gamma,0.5,pi_0p750_gamma_0p50,γ = 0.5,0.75,0.5,70,60,60,ok,0.760261058807373,true,1.4780944156799346e-7,9.831877187393978e-10,true,
gamma,0.5,pi_0p750_gamma_0p50,γ = 0.5,0.75,0.5,80,60,70,ok,1.010235071182251,true,1.617443836509339e-7,9.831877187393978e-10,true,
gamma,0.5,pi_0p750_gamma_0p50,γ = 0.5,0.75,0.5,90,60,80,ok,1.0723628997802734,true,1.7324541843966817e-7,9.831877187393978e-10,true,
gamma,0.5,pi_0p750_gamma_0p50,γ = 0.5,0.75,0.5,100,60,90,ok,1.3643579483032227,true,2.2276424675320384e-7,9.831877187393978e-10,true,
gamma,0.5,pi_0p750_gamma_0p50,γ = 0.5,0.75,0.5,103,60,100,ok,1.3535981178283691,true,2.730340881861542e-7,9.831877187393978e-10,true,
gamma,0.5,pi_0p750_gamma_0p50,γ = 0.5,0.75,0.5,104,60,103,ok,1.0890240669250488,true,2.913901065239455e-7,9.831877187393978e-10,true,
gamma,0.5,pi_0p750_gamma_0p50,γ = 0.5,0.75,0.5,105,60,104,ok,1.199855089187622,true,2.6736151933742175e-7,9.831877187393978e-10,true,
gamma,0.75,pi_0p750_gamma_0p75,γ = 0.75,0.75,0.75,30,60,,ok,0.4640979766845703,true,1.2015510516727343e-7,9.922857258093387e-10,true,
gamma,0.75,pi_0p750_gamma_0p75,γ = 0.75,0.75,0.75,45,60,30,ok,0.6456542015075684,true,1.1017836254684626e-7,9.922858298927473e-10,true,
gamma,0.75,pi_0p750_gamma_0p75,γ = 0.75,0.75,0.75,60,60,45,ok,0.7514810562133789,true,1.2587541078844157e-7,9.922858298927473e-10,true,
gamma,0.75,pi_0p750_gamma_0p75,γ = 0.75,0.75,0.75,70,60,60,ok,0.6154580116271973,true,1.161711612500126e-7,9.922858298927473e-10,true,
gamma,0.75,pi_0p750_gamma_0p75,γ = 0.75,0.75,0.75,80,60,70,ok,0.6017727851867676,true,1.6323868464921662e-7,9.922858298927473e-10,true,
gamma,0.75,pi_0p750_gamma_0p75,γ = 0.75,0.75,0.75,90,60,80,ok,1.02665114402771,true,1.6696308959616184e-7,9.922858298927473e-10,true,
gamma,0.75,pi_0p750_gamma_0p75,γ = 0.75,0.75,0.75,100,60,90,ok,1.3037259578704834,true,2.2911913129234302e-7,9.922858298927473e-10,true,
gamma,0.75,pi_0p750_gamma_0p75,γ = 0.75,0.75,0.75,103,60,100,ok,1.2701539993286133,true,1.9823722752342373e-7,9.922858298927473e-10,true,
gamma,0.75,pi_0p750_gamma_0p75,γ = 0.75,0.75,0.75,104,60,103,ok,1.0098650455474854,true,2.2578371404835102e-7,9.922858298927473e-10,true,
gamma,0.75,pi_0p750_gamma_0p75,γ = 0.75,0.75,0.75,105,60,104,ok,1.085529088973999,true,2.5081213488760664e-7,9.922858298927473e-10,true,
gamma,0.9,pi_0p750_gamma_0p90,γ = 0.9,0.75,0.9,30,60,,ok,0.4912400245666504,true,1.000618411932007e-7,9.80639978942488e-10,true,
gamma,0.9,pi_0p750_gamma_0p90,γ = 0.9,0.75,0.9,45,60,30,ok,0.640131950378418,true,1.1431019070375246e-7,9.806400691481088e-10,true,
gamma,0.9,pi_0p750_gamma_0p90,γ = 0.9,0.75,0.9,60,60,45,ok,0.7473719120025635,true,1.1241315850545534e-7,9.806400691481088e-10,true,
gamma,0.9,pi_0p750_gamma_0p90,γ = 0.9,0.75,0.9,70,60,60,ok,0.7227990627288818,true,1.4126849379078867e-7,9.806400691481088e-10,true,
gamma,0.9,pi_0p750_gamma_0p90,γ = 0.9,0.75,0.9,80,60,70,ok,0.8965330123901367,true,1.2950637317384552e-7,9.806400691481088e-10,true,
gamma,0.9,pi_0p750_gamma_0p90,γ = 0.9,0.75,0.9,90,60,80,ok,1.030400037765503,true,1.6901991072505671e-7,9.806400691481088e-10,true,
gamma,0.9,pi_0p750_gamma_0p90,γ = 0.9,0.75,0.9,100,60,90,ok,1.3480770587921143,true,1.6471890489742842e-7,9.806400691481088e-10,true,
gamma,0.9,pi_0p750_gamma_0p90,γ = 0.9,0.75,0.9,103,60,100,ok,1.1473820209503174,true,2.1402016563689715e-7,9.806400691481088e-10,true,
gamma,0.9,pi_0p750_gamma_0p90,γ = 0.9,0.75,0.9,104,60,103,ok,1.0125148296356201,true,1.95414542202674e-7,9.806400691481088e-10,true,
gamma,0.9,pi_0p750_gamma_0p90,γ = 0.9,0.75,0.9,105,60,104,ok,1.0462229251861572,true,2.122621319113337e-7,9.806400691481088e-10,true,
