nu_b,path,t,regime,phi_US,phi_W,e_US,e_W,Q_US,Q_W,q_US,q_W,N_US,N_W
0.1,all_u,1,u,0.9880491467316569,0.7484992855702696,2.689294087761685,5.085772353539001,1.0795678900471426,2.4197713316324347,1.0769936913319347,2.3149722406011226,1.0,1.0
0.1,realized_switch_tau_5,1,u,0.9880491467316569,0.7484992855702696,2.689294087761685,5.085772353539001,1.0795678900471426,2.4197713316324347,1.0769936913319347,2.3149722406011226,1.0,1.0
0.1,all_u,2,u,0.9779677241405221,0.7526055736101508,2.700251744659502,5.318103175926998,1.10560576018519,2.5032388283540037,1.0981306116014495,2.2927273667010906,1.0023901706536686,1.0452701285973516
0.1,realized_switch_tau_5,2,u,0.9779677241405221,0.7526055736101508,2.700251744659502,5.318103175926998,1.10560576018519,2.5032388283540037,1.0981306116014495,2.2927273667010906,1.0023901706536686,1.0452701285973516
0.1,all_u,3,u,0.9684625565138665,0.7561498531420735,2.7211552098206506,5.55681763688774,1.1341760453803806,2.5915228633529113,1.1194468310389876,2.273783845193491,1.0068071580054028,1.091817049296973
0.1,realized_switch_tau_5,3,u,0.9684625565138665,0.7561498531420735,2.7211552098206506,5.55681763688774,1.1341760453803806,2.5915228633529113,1.1194468310389876,2.273783845193491,1.0068071580054028,1.091817049296973
0.1,all_u,4,u,0.9595216298715907,0.7591967256735758,2.751642150783762,5.802425116711195,1.1652597765328792,2.684708633078883,1.140890608353843,2.257685912168579,1.013157582774809,1.1397402039033229
0.1,realized_switch_tau_5,4,u,0.9595216298715907,0.7591967256735758,2.751642150783762,5.802425116711195,1.1652597765328792,2.684708633078883,1.140890608353843,2.257685912168579,1.013157582774809,1.1397402039033229
0.1,all_u,5,u,0.9511256335449826,0.7618028423708925,2.791443398320569,6.0554492670850975,1.198858689141173,2.78290897651751,1.1624243139151902,2.2440519432740578,1.0213597763016016,1.1891417750399724
0.1,realized_switch_tau_5,5,b,0.8831400282844702,0.7862281021898649,1.7934994273077118,5.158704385186571,0.9018609264462824,2.2271981331897135,0.8628340855043175,1.8035472445514897,1.0213597763016016,1.1891417750399724
0.1,all_u,6,u,0.9432501063304076,0.7640177509885969,2.8403765135126893,6.316428304035632,1.2349937395870867,2.886263096399348,1.184022557391654,2.2325614404160468,1.0313434386994773,1.240126809389832
0.1,realized_switch_tau_5,6,b,0.8831400282583375,0.7862281021920967,1.7976477484063775,5.170636346716286,0.9039469091608983,2.2323495899112205,0.8450786271727257,1.7407370860798281,1.0452309912155986,1.2348986919627816
0.1,all_u,7,u,0.9358671687181274,0.7658847120573105,2.8983399996193446,6.585915872725783,1.2737038932311167,2.9949355552090124,1.2056704375073242,2.2229444284887183,1.0430491647960827,1.2928034338268788
0.1,realized_switch_tau_5,7,b,0.8831400279500293,0.7862281022409702,1.8018056644690665,5.182595923311588,0.906037717274072,2.237512968785519,0.8276885423382236,1.6801143532293294,1.0696601240349917,1.2824162866194302
0.1,all_u,8,u,0.9289468978546283,0.7674414565270962,2.9653083111095246,6.864482343669791,1.315045162975733,3.109115573817179,1.2273619354007106,2.214972821426378,1.0564279040169957,1.3472831424963407
0.1,realized_switch_tau_5,8,b,0.8831400267549986,0.7862281024712874,1.8059731976901356,5.194583203886042,0.9081333631786267,2.2426883074340735,0.8106563132575462,1.6216028738577746,1.0946602144745312,1.3317623080148204
0.1,all_u,9,u,0.9224583991371166,0.7687208723651391,3.0413277271702164,7.1527164408086525,1.3590898811985812,3.2290166360525734,1.2490984663022007,2.2084533867150364,1.071440399971664,1.403681139443959
0.1,realized_switch_tau_5,9,b,0.8831400236836227,0.7862281031182766,1.8101503703312385,5.206598288657334,0.9102338600968797,2.2478756477812625,0.7939745773671327,1.565129130794474,1.1202446071497034,1.3830071120302987
0.1,all_u,10,u,0.9163706184383043,0.7697516192601317,3.126513105712949,7.451227134464204,1.4059262084313688,3.3548763707389226,1.2708876112468765,2.203221990624188,1.0880566407402583,1.4621167263374182
0.1,realized_switch_tau_5,10,b,0.8831400173193069,0.7862281045265496,1.8143372047346957,5.218641290383202,0.9123392221820299,2.2530750365303454,0.777636124061609,1.5106221693347692,1.146426958801716,1.4362237617034321
0.1,all_u,11,u,0.9106529504387123,0.7705586693212009,3.2210455127463757,7.760645747689782,1.4556578399485467,3.4869567274953357,1.2927420045262528,2.199138897071843,1.1062553415340992,1.5227137279019545
0.1,realized_switch_tau_5,11,b,0.8831400282780321,0.7862281021876859,1.8185337236574695,5.230711398343357,0.9144494187417278,2.2582861493598254,0.7616338566702141,1.4580132637391237,1.1732212457117654,1.4914881313588355
0.1,all_u,12,u,0.9052756721630916,0.7711637829501303,3.325170696293175,8.081628252186782,1.508403928901082,3.6255443990532314,1.3146783960927613,2.1960848978585727,1.1260234716995965,1.5856009514170406
0.1,realized_switch_tau_5,12,b,0.8831400281774772,0.7862281022113362,1.8227399484814844,5.242809912033791,0.9165645184896184,2.2635095125138447,0.7459609036233751,1.4072366379746786,1.2006417660312632,1.5488790160717572
0.1,all_u,13,u,0.9002102476770637,0.7715859212166511,3.4391983822819228,8.41485773097138,1.5642991838748423,3.770951516349698,1.3367168497300481,2.193958138010101,1.1473558349966617,1.6509126776421716
0.1,realized_switch_tau_5,13,b,0.8831400279932787,0.7862281022554773,1.8269559022048887,5.254936412274885,0.9186845105860435,2.2687449583497825,0.7306104697764115,1.3582283546664125,1.2287031586207346,1.6084782412796828
0.1,all_u,14,u,0.8954295213905938,0.7718416059732496,3.563502357477912,8.761047007745008,1.6234941670869756,3.9235165698204924,1.358880092365339,2.19267148366343,1.1702547059167803,1.7187891833569418
0.1,realized_switch_tau_5,14,b,0.8831400276769685,0.7862281023323722,1.8311816073327054,5.2670909654176405,0.9208094064487079,2.2739925154424685,0.7155759183628443,1.3109268300117858,1.2574204019649324,1.6703707815811262
0.1,all_u,15,u,0.8909078353002294,0.7719452294268362,3.69852132395773,9.120941437050773,1.6861557533001192,4.083605592317728,1.3811929710750173,2.192150353016897,1.1947295248553058,1.7893772957110903
0.1,realized_switch_tau_5,15,b,0.8831400272437888,0.7862281024392044,1.8354170864246766,5.279273635549545,0.9229392173921918,2.2792522114756917,0.7008507490876495,1.2652726243496266,1.2868088246393399,1.7346448813028141
0.1,all_u,16,u,0.8866210777227194,0.7719093241548785,3.8447605031552414,9.495321869348597,1.7524677854479473,4.2516135587291,1.4036820348447654,2.192330902468664,1.2207966508747448,1.8628309808666903
0.1,realized_switch_tau_5,16,b,0.8831400265276119,0.7862281026170493,1.8396623620896124,5.291484493531531,0.9250739551308824,2.2845240768043493,0.6864285956769833,1.2212083694847684,1.316884113477301,1.8013921803194544
0.1,all_u,17,u,0.8825466904315576,0.7717447944301036,4.002793992428269,9.885007794825148,1.8226318909013066,4.4279660466992965,1.4263751976639947,2.1931585245920218,1.2484791725939233,1.9393119688006908
0.1,realized_switch_tau_5,17,b,0.8831400254722128,0.78622810288114,1.8439174569961942,5.303723606174559,0.9272136311844486,2.2898081401821466,0.6723032226793677,1.178678694130318,1.3476623219907344,1.8707078446966403
0.1,all_u,18,u,0.878663635893291,0.7714611182884684,4.173267872918055,10.290860688310156,1.8968684997504626,4.613121120887199,1.449301499975765,2.1945865814384486,1.2778067747436088,2.018990418179188
0.1,realized_switch_tau_5,18,b,0.8831400239624896,0.7862281032613393,1.8481823938667825,5.315991042497968,0.9293582572230833,2.295104431230557,0.6584685230269739,1.1376301557291082,1.3791598789147137,1.9426907023815085
0.1,all_u,19,u,0.8749523457279357,0.7710665199600795,4.356904093718785,10.713787565626356,1.9754180306682467,4.807571497013091,1.4724909255116971,2.196575353418062,1.3088156603592709,2.1020456244034422
0.1,realized_switch_tau_5,19,b,0.8831400218567926,0.786228103794508,1.8524571954801532,5.328286872504972,0.9315078450029195,2.300412979953527,0.6449185153387852,1.0980111729952906,1.4113935969950875,2.017443384101947
0.1,all_u,20,u,0.8713946481290916,0.7705681206179897,4.5545051534027206,11.154744780517147,2.0585422903214114,5.011846956608242,1.4959742914345613,2.19909114755959,1.3415485259997648,2.1886667760029686
0.1,realized_switch_tau_5,20,b,0.8831400189831381,0.7862281045255101,1.8567418846725696,5.340611167302355,0.9336624063751265,2.305733816782829,0.6316473413346038,1.0597719610980627,1.4443806819743494,2.0950724696891525
0.1,all_u,21,u,0.8679736863625025,0.7699720678816042,4.766959626746779,11.61474208064706,2.146526076489438,5.226517058234656,1.5197831855369939,2.202105550840981,1.3760545900473844,2.2790537637196473
0.1,realized_switch_tau_5,21,b,0.8831400151351201,0.7862281055082961,1.8610364843390044,5.352963999230715,0.9358219532958415,2.3110669726274056,0.6186492633021341,1.0228644691023505,1.478138741789678,2.1756886400294895
0.1,all_u,22,u,0.8646738421401039,0.7692836439511627,4.9952485893006,12.094846947732728,2.239678949416832,5.452194209838102,1.5439499117410183,2.2055948203229647,1.4123896730249672,2.373418048121561
0.1,realized_switch_tau_5,22,b,0.8831400100675297,0.7862281068070622,1.8653410174345204,5.365345442004402,0.9379864978369041,2.316412478926382,0.6059186616160033,0.9872423195876016,1.512685795988425,2.2594068348620624
0.1,all_u,23,u,0.8614806322733551,0.7685073675257053,5.240452987922857,12.596189274678835,2.3383373537215575,5.6895369682086665,1.5685075473987575,2.2095393267072505,1.45061632659526,2.471983593541328
0.1,realized_switch_tau_5,23,b,0.8831400034916744,0.7862281084974816,1.8696555069758232,5.3777555708618205,0.9401560521974519,2.3217703677060118,0.5934500323076572,0.9528607503688906,1.5480402853664648,2.346346416646737
0.1,all_u,24,u,0.8583806314042793,0.7676470725936415,5.50376208166309,13.119966374431474,2.4428668826326607,5.939253830191465,1.5934899501664892,2.213923131872234,1.4908040178700448,2.574987871651715
0.1,realized_switch_tau_5,24,b,0.8831399950705237,0.7862281106679847,1.8739799760430063,5.390194462721983,0.9423306287161187,2.327140671638949,0.5812379846849206,0.9196765582464247,1.584221081834999,2.4366313407359486
0.1,all_u,25,u,0.855361380684776,0.7667059822260629,5.7864830073888465,13.66744839642455,2.55366489827936,6.20210735178913,1.6189318400723631,2.218733604939369,1.5330293626121885,2.682682946254261
0.1,realized_switch_tau_5,25,b,0.8831399844130197,0.7862281134212427,1.878314447781477,5.402662196369,0.9445102398852383,2.3325234241142643,0.5692772390009848,0.887648044716133,1.6212474985215228,2.530390332092599
0.1,all_u,26,u,0.8524113066244373,0.7656867694751921,6.090051613685327,14.239984168617756,2.6711634321961535,6.478918754225597,1.6448688812582215,2.223961114156543,1.5773764126877734,2.795336645184411
0.1,realized_switch_tau_5,26,b,0.8831400287112239,0.7862281020683947,1.8826589462499899,5.415156980680415,0.9466947766885543,2.3379179385884123,0.5575625587894198,0.8567346972606821,1.6591393001110384,2.6277570688055736
0.1,all_u,27,u,0.849519642253556,0.7645916104070845,6.416044686519042,14.839007521814729,2.7958324390086386,6.770573019176076,1.671337787680645,2.229598767140191,1.6239369974297775,2.913233829937168
0.1,realized_switch_tau_5,27,b,0.8831400285571476,0.7862281021083981,1.887013491156895,5.427682113574778,0.9488844592873612,2.3433254884893233,0.5460889988221526,0.826898139485049,1.6979166943060497,2.72887037966789
0.1,all_u,28,u,0.846676350467336,0.7634222307801563,6.766193727190866,15.46604414689801,2.9281834507823112,7.078024517410286,1.698376453922201,2.2356421902763586,1.6728111214959613,3.0366777731315278
0.1,realized_switch_tau_5,28,b,0.8831400283568431,0.7862281021605089,1.8913781080265535,5.440236218268832,0.9510792066710607,2.348745546484722,0.5348515425820994,0.7981006669141056,1.737600393587839,2.8338744236970106
0.1,all_u,29,u,0.8438720571878657,0.7621799437978376,7.142400470847126,16.122719033685325,3.0687736308041056,7.402303291156032,1.726024083361036,2.2420893596340896,1.7241074227212791,3.165991654744777
0.1,realized_switch_tau_5,29,b,0.8831400280989905,0.786228102227716,1.8957528201567437,5.452819362131143,0.9532790305797696,2.3541781416417575,0.5238453315171567,0.7703060925014074,1.7782115801322018,2.9429189121796613
0.1,all_u,30,u,0.8410979844428271,0.760865684488032,7.546754345211789,16.81076456718496,3.2182103384907554,7.744521987285759,1.754321347688792,2.248940454245458,1.7779436917406,3.3015201911328336
0.1,realized_switch_tau_5,30,b,0.8831400277700353,0.786228102313601,1.9001376508995256,5.465431612756816,0.9554839427859052,2.359623303121684,0.5130656070557075,0.7434794894515773,1.8197719311898617,3.0561593171320482
0.1,all_u,31,u,0.8383458898539735,0.7594800383653394,7.981552123672662,17.532029341265847,3.3771562280737104,8.105883568748641,1.7833105548190968,2.2561977434555427,1.8344474589735484,3.4436314099228222
0.1,realized_switch_tau_5,31,b,0.8831400273538358,0.7862281024224334,1.9045326236614537,5.478073037979351,0.9576939550951037,2.3650810601843677,0.5025077085492916,0.7175871473313374,1.862303630658605,3.173757092966
0.1,all_u,32,u,0.8356080126162534,0.7580232647652585,8.449320049951941,18.288487768576157,3.546334942284911,8.48768990721927,1.8130358231590367,2.263865506380734,1.8937566532915502,3.592718586950561
0.1,realized_switch_tau_5,32,b,0.8831400268312635,0.786228102559278,1.9089377619037968,5.490743705884045,0.9599090793472524,2.370551442193385,0.49216707125761316,0.6925965297090381,1.9058293809261282,3.295879906684448
0.1,all_u,33,u,0.8328770191469712,0.7564953187458257,8.95283875187935,19.082250582298304,3.7265375309920707,8.891351296670116,1.8435432881839817,2.271949963153619,1.9560203372627083,3.749202363522306
0.1,realized_switch_tau_5,33,b,0.8831400261797523,0.7862281027301129,1.9133530891427706,5.503443684823041,0.9621293274176578,2.3760344786217447,0.4820392243750189,0.6684762332694488,1.9503724149899717,3.4227018769344117
0.1,all_u,34,u,0.8301459570327384,0.7548958675685429,9.495171329606602,19.915576312038137,3.918629620558788,9.318397092475392,1.874881308353452,2.2804592390646024,2.021399527137206,3.9135330622899476
0.1,realized_switch_tau_5,34,b,0.8831400253727965,0.7862281029419677,1.9177786289497987,5.516173043432299,0.964354711218344,2.381530199058331,0.47211978909758473,0.6451959483524361,1.995956508861064,3.5544038222582772
0.1,all_u,35,u,0.8274082202270431,0.7532243015842589,10.079695036109534,20.79088384585354,4.123559388591312,9.770487646463685,1.907100654722069,2.2894033633734963,2.090068103564479,4.086193224965339
0.1,realized_switch_tau_5,35,b,0.8831400243793781,0.7862281032030716,1.9222144049517842,5.528931850650687,0.96658524269953,2.3870386332151643,0.4624044767299895,0.6227264208659503,2.042605994257565,3.6911735188972825
0.1,all_u,36,u,0.8246574880238402,0.75147975422936,10.710137017754118,21.71076623833684,4.342366817692006,10.249427354293797,1.9402548414543066,2.298794224568016,2.1622138183326554,4.267700398616788
0.1,realized_switch_tau_5,36,b,0.883140023403396,0.7862281034601161,1.9266604408350085,5.541720168128941,0.9688209333326805,2.392559808029277,0.45288908661016786,0.6010394147888084,2.09034577159586,3.8332059685147106
0.1,all_u,37,u,0.8218877038693798,0.7496611056201041,11.390614787215595,22.678005809521526,4.57619377626156,10.757179574451573,1.9744003271589246,2.308645618634125,2.2380394187998576,4.458610189965935
0.1,realized_switch_tau_5,37,b,0.883140022011091,0.7862281038268282,1.9311167603233192,5.554538077881108,0.9710617959895635,2.398093758220109,0.44356950512151355,0.5801076793950709,2.1392013231853606,3.980703676263841
0.1,all_u,38,u,0.819093039433497,0.7477669905510682,12.125681972403152,23.69559077280963,4.826295542444766,11.295883187576417,2.0095968073067776,2.31897328057903,2.317763886742514,4.659519628142796
0.1,realized_switch_tau_5,38,b,0.8831400203342021,0.7862281042688956,1.9355833872203259,5.567385644185984,0.9733078423592293,2.403640511742882,0.4344417027404037,0.5599049112495751,2.189198727093618,4.13387693939996
0.1,all_u,39,u,0.816267861875155,0.745795805330637,12.92038016069941,24.766733532240423,5.094053817737081,11.867871141666434,2.0459075292697295,2.329794929231824,2.401623810754792,4.871070866653505
0.1,realized_switch_tau_5,39,b,0.8831400183245806,0.7862281047991244,1.940060345377105,5.580262937176793,0.9755590845446384,2.409200098795461,0.4255017330381236,0.5404057234932484,2.240364670840128,4.292944147209793
0.1,all_u,40,u,0.8134067059717615,0.7437457118416076,13.78029772681043,25.894890833934127,5.380991418198239,12.47569130527769,2.0833996232606498,2.341130335051467,2.4898749062990952,5.0939552630838145
0.1,realized_switch_tau_5,40,b,0.8831400159274737,0.7862281054320823,1.9445476587016972,5.593170027363096,0.9778155346928376,2.414772549726707,0.416745730796824,0.5215856133939389,2.2927264657162545,4.458132092351091
0.1,all_u,41,u,0.8105042477782315,0.7416146408109727,14.711636666031314,27.08378599602638,5.688788920705698,13.122129897955675,2.12214446525013,2.3530014012567144,2.5827936983960154,5.328917881457218
0.1,realized_switch_tau_5,41,b,0.8831400130808079,0.7862281061842892,1.9490453511595023,5.606106985655627,0.9800772049969017,2.4203578950459033,0.408169910338357,0.503420931556152,2.3463120613695065,4.629676294201959
0.1,all_u,42,u,0.8075552829360787,0.7394002923816969,15.721288633290433,28.337433453033828,6.019303506786997,13.810237925933617,2.1622180592621136,2.365432270076141,2.6806793853382547,5.576762466417265
0.1,realized_switch_tau_5,42,b,0.8831400097144109,0.7862281070744247,1.9535534467736928,5.619073883393175,0.982344107698044,2.4259561654329413,0.399770563887493,0.48588885220306516,2.401150060729503,4.807821334651705
0.1,all_u,43,u,0.8045547026319979,0.7371001385142935,16.81692156910927,29.660165907937778,6.374590426540887,14.543360902738204,2.203701475027554,2.3784494302254098,2.783855902508356,5.838356946694177
0.1,realized_switch_tau_5,43,b,0.883140005749169,0.7862281081235514,1.9580719696256714,5.632070792371863,0.9846162550879193,2.431567391749439,0.3915440599688167,0.46896734449350375,2.4572697352837216,4.992821206811868
0.1,all_u,44,u,0.8014974758626169,0.7347114218210145,18.00707855794739,31.056664375442544,6.756927355222549,15.325172512467304,2.246681303106469,2.3920818571427356,2.8926742114474386,6.11463952856038
0.1,realized_switch_tau_5,44,b,0.8831400010962833,0.786228109355314,1.9626009438555534,5.645097784871577,0.9868936595107379,2.437191605048749,0.38348684183646625,0.45263514483743506,2.514701040711321,5.184939677144453
0.1,all_u,45,u,0.7983786315777788,0.7322311549353128,19.301290794080035,32.53199149038823,7.168842171395254,16.15971265633579,2.2912501611985707,2.406361164838095,3.0075148379433245,6.406625453349965
0.1,realized_switch_tau_5,45,b,0.8831399956556961,0.7862281107963555,1.9671403936626852,5.658154933708927,0.9891763333672754,2.4428288365960564,0.37559542593679,0.4368717301773,2.5734746328834612,5.384450661523581
0.1,all_u,46,u,0.7951932430548309,0.729656119044213,20.710206881626036,34.0916284703276,7.613144651586187,17.051430580251143,2.3375072447994834,2.4213217788334758,3.128790689378578,6.715414499062964
0.1,realized_switch_tau_5,46,b,0.8831399893220059,0.7862281124747557,1.9716903433063362,5.671242312054073,0.9914642891023905,2.4484791177987417,0.3678664003968744,0.4216572921838214,2.6336218842392043,5.591638615766369
0.1,all_u,47,u,0.7919364145495642,0.7269828615744972,22.245741063778457,35.74151618474451,8.092962689356813,18.00523385310272,2.385558926195113,2.437001132448249,3.256950184228952,7.042199318285585
0.1,realized_switch_tau_5,47,b,0.883139981960728,0.7862281144263,1.9762508171057076,5.684359994183741,0.9937575392579648,2.4541424804925005,0.3602964235668266,0.40697271241242244,2.6951749005420025,5.806798941191625
0.1,all_u,48,u,0.7886032673063755,0.7242076954035747,23.921243425098915,37.48810085448408,8.611783814837166,19.026543978388567,2.4355194233659785,2.453439874845201,3.392480730821778,7.388274717383649
0.1,realized_switch_tau_5,48,b,0.8831399734373968,0.7862281166867984,1.9808218394416888,5.69750805456848,0.9960560964096915,2.4598189565944497,0.35288222255088325,0.39279953821434505,2.758166538041269,6.030238405776687
0.1,all_u,49,u,0.7851889318339038,0.7213266944323611,25.751695665585714,39.338384936322655,9.173502723652101,20.121359906463187,2.487511506703475,2.4706821237614887,3.535912599266139,7.755047993417422
0.1,realized_switch_tau_5,49,b,0.8831399635977024,0.7862281192973246,1.985403434756733,5.710686568503141,0.9983599732113949,2.4655085783426873,0.34562059180733107,0.37911995958835804,2.822630421021186,6.262275581526173
0.1,all_u,50,u,0.7816885375237612,0.7183356924499837,27.753936630740352,41.299983901601564,9.782475974125422,21.296330359249946,2.5416672992063454,2.4887757252451856,3.687823231744203,8.14405046806646
0.1,realized_switch_tau_5,50,b,0.8831399522703812,0.7862281223034565,1.9899956275558712,5.72389561202158,1.0006691823896,2.471211378263804,0.3385083917589167,0.3659167867912513,2.8886009597713396,6.503241298663606
0.1,all_u,51,u,0.7780972060791479,0.7152302806037577,29.94692260231361,43.38118963159814,10.443584901572898,22.5588365868958,2.598129142757015,2.507772551073585,3.8488420483593875,8.556950368499718
0.1,realized_switch_tau_5,51,b,0.8831399392656923,0.7862281257556722,1.9945984424075434,5.7371352619505265,1.0029837367478278,2.4769273891933365,0.33154254743534306,0.3531734287369389,2.95611336897748,6.753479117298831
0.1,all_u,52,u,0.774410046304044,0.7120058055150656,32.3520282117645,45.59104131092099,11.162308170413636,23.917087136555907,2.6570505523155528,2.5277288255578267,4.019655809137588,8.99556723245826
0.1,realized_switch_tau_5,52,b,0.8831399243737794,0.7862281297097824,1.9992119039445015,5.750405595967968,1.005303649171233,2.4826566442978844,0.3247200471436914,0.34087387214783965,3.025203686544721,7.013345817242312
0.1,all_u,53,u,0.7706221506110629,0.7086573679868484,34.993394934996424,47.939404806397,11.944805586582092,25.38022659186375,2.7185972659250224,2.548705486071114,4.2010146027089945,9.4618880374867
0.1,realized_switch_tau_5,53,b,0.8831400302688455,0.786228101638523,2.0038360387844207,5.763702795067,1.0076286564938282,2.4883976992708643,0.31803786164802844,0.32900246418348145,3.095908792863588,7.283211906664225
0.1,all_u,54,u,0.7667285934471884,0.705179822461518,37.898335417555074,50.43706166409937,12.79801509327211,26.95846058201095,2.7829484002514704,2.570768580878699,4.3937385416731765,9.958085283124623
0.1,realized_switch_tau_5,54,b,0.8831400297778328,0.786228101769297,2.0084708633283483,5.777034116484298,1.0099592784416007,2.494153309157838,0.31149325736402195,0.3175446573916293,3.168266354428479,7.5634621930464
0.1,all_u,55,u,0.7627244325157178,0.7015677774823511,41.09780342812268,53.095809023545684,13.729765204615447,28.663199769753682,2.8502977176824276,2.593989707790615,4.598725255601457,10.48653728792517
0.1,realized_switch_tau_5,55,b,0.8831400292023046,0.7862281019226445,2.01311640812792,5.790396275671639,1.0122952912649061,2.4999222326723394,0.30508332840865265,0.30648587916297976,3.2423150567953605,7.854496213683063
0.1,all_u,56,u,0.7586047087964283,0.6978155971726134,44.626941092155796,55.92857193864871,14.748905733238095,30.50722604335463,2.920855046308504,2.618446499288216,4.816958284546884,11.049851001208118
0.1,realized_switch_tau_5,56,b,0.8831400285293751,0.7862281021020172,2.017772697982045,5.803789344380455,1.0146367074644727,2.5057045007691876,0.29880530342636147,0.29581223297925463,3.3180944253661675,8.15672891521034
0.1,all_u,57,u,0.7543644523104847,0.6939174059108033,48.52571735307338,58.94952983129849,15.865459831324275,32.504884555840476,2.9948478216777437,2.644223146180973,5.049516494109615,11.65088767391182
0.1,realized_switch_tau_5,57,b,0.8831400277444107,0.7862281023113348,2.0224397577474895,5.817213394586739,1.0169835395743758,2.5115001444969725,0.2926564680909285,0.2855103062819409,3.395644909343194,8.470591210962237
0.1,all_u,58,u,0.7499986901496418,0.6898670918695111,52.839674231709964,62.17425900999459,17.090801282669627,34.67230647702835,3.072522788260769,2.671410995062183,5.297584644029187,12.29279177999292
0.1,realized_switch_tau_5,58,b,0.8831400268308232,0.7862281025550407,2.0271176123390915,5.83066849849877,1.0193358001626656,2.517309195001001,0.2866341639319305,0.27556715361801887,3.47500790332233,8.796530595350456
0.1,all_u,59,u,0.7455024517602856,0.6856583163378245,57.620800763153746,65.6198935887783,18.43786190306822,37.02766730326774,3.1541479194908217,2.7001091820202454,5.562465264039275,12.97902364747184
0.1,realized_switch_tau_5,59,b,0.8831400257698304,0.786228102838169,2.0318062867299704,5.844154728565825,1.021693501832074,2.5231316835266013,0.28073578718535125,0.26597028037266346,3.5562257693913146,9.135011781884582
0.1,all_u,60,u,0.740870783886557,0.6812845225633556,62.928558539302166,69.305307359928,19.921374066789934,39.591487647261346,3.240014485402473,2.7304253524526048,5.845592018412589,13.713396313686587
0.1,realized_switch_tau_5,60,b,0.8831400245401957,0.7862281031664122,2.0365058059517476,5.85767215748778,1.0240566572207799,2.5289676414227773,0.2749587876678421,0.2567076270684722,3.639341859744862,9.486517365742229
0.1,all_u,61,u,0.7360987601659856,0.6767389506634821,68.83108740454918,73.25131971784802,21.558155649343657,42.38698359338532,3.330439405666031,2.762476432431038,6.148544753902639,14.500117211297605
0.1,realized_switch_tau_5,61,b,0.8831400231179395,0.7862281035461987,2.0412161950947865,5.87122085822573,1.0264252790032622,2.5348171001462556,0.2693006676741495,0.24776755421149077,3.7244005398287867,9.851548511833736
0.1,all_u,62,u,0.731181500818734,0.6720146531626003,75.40662594395972,77.48092907601617,23.36744466383986,45.440476293108084,3.4257677949176957,2.7963894990459526,6.473066470648606,15.343835370238388
0.1,realized_switch_tau_5,62,b,0.8831400214760103,0.7862281039847827,2.045937479308436,5.884800904013846,1.0287993798912534,2.540680091265964,0.2637589808972356,0.23913882766499298,3.8114472120255716,10.230625669342373
0.1,all_u,63,u,0.726114192719582,0.6671045146846678,82.74518825063672,82.01957789373607,25.371293601689754,48.78187151726543,3.5263758028076793,2.8323027377725927,6.821082473396672,16.249694940068636
0.1,realized_switch_tau_5,63,b,0.8831400195839318,0.7862281044903379,2.0506696838012974,5.898412368372505,1.0311789726347749,2.5465566464680407,0.2583313313706168,0.23081060453264168,3.9005283398940973,10.624289313758682
0.1,all_u,64,u,0.7208921006966147,0.6620012829702108,90.95054732709181,86.89545409145919,27.59503588242234,52.445221344558,3.632673874714253,2.8703664455117166,7.194722009347184,17.22339595506268
0.1,realized_switch_tau_5,64,b,0.8831400179059516,0.7862281049390075,2.055412833849489,5.912055309101485,1.0335640688743533,2.552446791502498,0.2530153721758634,0.2227724189993405,3.9916914729765662,11.033100717466827
0.1,all_u,65,u,0.7155105977407581,0.6566975952000388,100.14258637661038,92.13983413561144,30.067836775462442,56.469385815581525,3.7451102272065384,2.91074420884707,7.59634275856733,18.271263387489988
0.1,realized_switch_tau_5,65,b,0.8831400155265893,0.7862281055751343,2.0601669547468617,5.925729828430898,1.0359546834476931,2.5583505689287254,0.24780880542087694,0.21501417120419813,4.084985271787968,11.45764275024573
0.1,all_u,66,u,0.7099651901338846,0.6511860148809627,110.46009161864814,97.78747441735187,32.82334724688285,60.89881194060882,3.86417478549634,2.9536141626599783,8.028558560715558,19.40032574622857
0.1,realized_switch_tau_5,66,b,0.8831400128080059,0.7862281063021459,2.064932071903126,5.93943598786272,1.038350828301985,2.5642680059166065,0.24270937980051052,0.2075261116605517,4.180459534875019,11.898520709591136
0.1,all_u,67,u,0.7042515394310996,0.6454590765637517,122.06407682352999,103.87705831273635,35.90048173992465,65.78445326961784,3.9904036315406968,2.999170361407945,8.49427085184678,20.61840463473547
0.1,realized_switch_tau_5,67,b,0.8831400097071653,0.786228107131592,2.069708210765809,5.953173862036737,1.0407525163392912,2.570199134611658,0.2377148905614553,0.20029883084153594,4.2781652244154476,12.356363184363772
0.1,all_u,68,u,0.6983654911740838,0.6395093354293178,135.1417495342626,110.45170758721618,39.34434458409232,71.18485839345658,4.124383926293153,3.0476243017255116,8.996704357464575,21.93421691415211
0.1,realized_switch_tau_5,68,b,0.8831400061761929,0.7862281080763245,2.0744953968430617,5.966943525933268,1.0431597605044038,2.5761439872972316,0.23282317832016355,0.19332324691697816,4.378154493734714,12.831822950804145
0.1,all_u,69,u,0.6923030970036503,0.6333294276133116,149.91125302923624,117.55956842373324,43.20733747084291,77.16746117132399,4.2667595133598635,3.0992065662669264,9.539447657447736,23.357491391951744
0.1,realized_switch_tau_5,69,b,0.8831400021618405,0.7862281091506379,2.0792936557039923,5.980745054892873,1.045572573786402,2.582102596401999,0.2280321281292507,0.1865905943411738,4.480480715154216,13.325577903228293
0.1,all_u,70,u,0.6860606338135438,0.6269121403686816,166.62734872677535,125.25448397046277,47.55048646387485,83.81011352212393,4.418237266911383,3.154168609001795,10.126499357546226,24.89910224482848
0.1,realized_switch_tau_5,70,b,0.8831399976050126,0.7862281103703984,2.0841030129790443,5.994578524634401,1.047990969220104,2.5880749945067887,0.22333966856305879,0.1800924128380071,4.585198508491583,13.838332020534338
0.1,all_u,71,u,0.6796346128340336,0.620250495817397,185.5882412414085,133.59676743625778,52.44503738270588,91.20290927481183,4.579594387353399,3.2127846619165665,10.76232071554535,26.571221742216075
0.1,realized_switch_tau_5,71,b,0.8831399924401541,0.7862281117532078,2.0889234943603814,6.008444011277864,1.0504149598878647,2.594061214353257,0.2187437708220797,0.17382053676976347,4.692363770228347,14.370816369897598
0.1,all_u,72,u,0.6730217710577049,0.6133378521069838,207.14379556715474,142.65409214884167,57.97438091119455,99.45035744135973,4.751686911441702,3.2753537339338124,11.451895724113347,28.38749523299993
0.1,realized_switch_tau_5,72,b,0.8831399865946188,0.7862281133185735,2.093755125602309,6.0223415913678675,1.0528445589214586,2.6000612888527628,0.21424244785579147,0.1677670848761439,4.802033703360833,14.923790149084963
0.1,all_u,73,u,0.6662190326367742,0.6061680289468598,231.70545529005898,152.50251782082537,64.2363859077363,108.67397401984246,4.935459848281551,3.342201630693083,12.200799840493833,30.36324181141694
0.1,realized_switch_tau_5,73,b,0.8831399799879873,0.7862281150880908,2.0985979325217197,6.036271341899599,1.0552797795041167,2.6060752510962195,0.20983375350354141,0.16192445037064052,4.914266847950401,15.498041768874328
0.1,all_u,74,u,0.6592234200029051,0.5987354682359539,259.7582461946664,163.22767550057137,71.34624330389998,119.01537308442214,5.1319596005841595,3.413682862502153,13.015278795166859,32.515684578044564
0.1,realized_switch_tau_5,74,b,0.8831399725313102,0.7862281170856477,2.103451940998576,6.050233340347067,1.057720634872781,2.6121031343647894,0.20551578165311374,0.15628529138181427,5.0291231123895725,16.094389977121963
0.1,all_u,75,u,0.6520318824105308,0.591035447749723,291.87534654781206,174.9261373355617,79.43995751654951,130.63994855052695,5.342349745881856,3.490182190450099,13.902339234271993,34.86421494853993
0.1,realized_switch_tau_5,75,b,0.8831399641262938,0.7862281193376417,2.1083171769764206,6.064227664693915,1.0601671383205362,2.6181449721415464,0.20128666541660692,0.15084252172746643,5.146663805401027,16.713685026080068
0.1,all_u,76,u,0.6446409899689001,0.5830643772839573,328.73583166344474,187.70700118915215,88.6786744844789,143.74124445443033,5.567931969170844,3.572115360251426,14.869853396959963,37.4306959986176
0.1,realized_switch_tau_5,76,b,0.8831399546644106,0.7862281218732188,2.113193666462932,6.078254393466996,1.0626193031992741,2.624200798124205,0.1971445763232717,0.1455893020101112,5.266951668786841,17.356809884628287
0.1,all_u,77,u,0.637046409860747,0.5748202256759278,371.1463682971343,201.69372398705082,99.25411774810526,158.54610657789715,5.810175174071843,3.659928221447619,15.92668067345022,40.23981029669574
0.1,realized_switch_tau_5,77,b,0.8831399440259308,0.7862281247245347,2.1180814355305104,6.092313605773012,1.0650771429225891,2.6302706462389778,0.19308772352895726,0.14051903102255855,5.390050910945798,18.02468149714705
0.1,all_u,78,u,0.6292420313101753,0.5663031584008226,420.06786348079663,217.02624061662627,111.39553937369888,175.32067727363705,6.070757939824905,3.7540928151737814,17.082809859336262,43.319457919638396
0.1,realized_switch_tau_5,78,b,0.8831399320788728,0.7862281279270338,2.1229805103169266,6.1064053813383765,1.0675406709689315,2.6363545506556765,0.18911435304182397,0.13562533745280855,5.51602724117704,18.71825209082691
0.1,all_u,79,u,0.6212185260584121,0.5575165169109136,476.6483949145523,233.86340554670412,125.37882368608899,194.37720947495916,6.351633209614153,3.855097940171607,18.349527435928664,46.70121009395481
0.1,realized_switch_tau_5,79,b,0.88313991867786,0.7862281315197576,2.127890917026,6.120529800552554,1.070009900885044,2.6424525458041095,0.18522274696398983,0.1309020718778307,5.644947904788788,19.43851053327707
0.1,all_u,80,u,0.612961004830803,0.5484683557885011,542.264221423608,252.38578856961158,141.53878911234364,216.08147807863725,6.655130572830169,3.9634298281231217,19.739619645591194,50.42082263318752
0.1,realized_switch_tau_5,80,b,0.8831399036628772,0.7862281355456767,2.1328126819283453,6.13468694451549,1.072484846289708,2.648564666392045,0.1814112227487811,0.12634329903617544,5.77688171903136,20.186483742367944
0.5,all_u,1,u,0.9893989718603499,0.7480260458527832,2.6893811492547157,5.085541369091102,1.0766042291400437,2.4226702018066364,1.074326436183813,2.3175566953967315,1.0,1.0
0.5,realized_switch_tau_5,1,u,0.9893989718603499,0.7480260458527832,2.6893811492547157,5.085541369091102,1.0766042291400437,2.4226702018066364,1.074326436183813,2.3175566953967315,1.0,1.0
0.5,all_u,2,u,0.9798099940456669,0.7519902441614963,2.69905525708338,5.318222017140892,1.1010335832623623,2.507326077582956,1.0942853789728426,2.2960402969325155,1.00212020562793,1.045355311746499
0.5,realized_switch_tau_5,2,u,0.9798099940456669,0.7519902441614963,2.69905525708338,5.318222017140892,1.1010335832623623,2.507326077582956,1.0942853789728426,2.2960402969325155,1.00212020562793,1.045355311746499
0.5,all_u,3,u,0.9707103955037963,0.7554288812318913,2.718170195876936,5.557474183587832,1.1279484849345596,2.5967026857447975,1.1145066282891043,2.277618237857617,1.0061667682116469,1.0920218085600308
0.5,realized_switch_tau_5,3,u,0.9707103955037963,0.7554288812318913,2.718170195876936,5.557474183587832,1.1279484849345596,2.5967026857447975,1.1145066282891043,2.277618237857617,1.0061667682116469,1.0920218085600308
0.5,all_u,4,u,0.9620969366853803,0.7584005187952503,2.746423168724856,5.803789707349704,1.1573343083729377,2.6908997749670154,1.1349387275168386,2.261876074418847,1.0120608135512752,1.1400956677389968
0.5,realized_switch_tau_5,4,u,0.9620969366853803,0.7584005187952503,2.746423168724856,5.803789707349704,1.1573343083729377,2.6908997749670154,1.1349387275168386,2.261876074418847,1.0120608135512752,1.1400956677389968
0.5,all_u,5,u,0.9539595082784706,0.7609566558304789,2.7835908552998205,6.0576758632030305,1.1891940200567106,2.790042214372303,1.1555415812704068,2.2484652193493444,1.019732854570131,1.1896760416719112
0.5,realized_switch_tau_5,5,b,0.8755671474876737,0.7882319909602475,1.8071891614885736,5.405096831805487,0.9243226607387895,2.321800478007428,0.8844257650569405,1.879963243716493,1.019732854570131,1.1896760416719112
0.5,all_u,6,u,0.9462828924098979,0.7631424448400752,2.8295247827858643,6.319655714042437,1.223546963599414,2.8942792830028248,1.1762850608869024,2.2370917832911297,1.0291226549799326,1.2408651867782412
0.5,realized_switch_tau_5,6,b,0.8755671479076286,0.7882319910253033,1.8295383376559515,5.471940608999849,0.9357535882928518,2.3505137308106314,0.873621843545523,1.8333291001822654,1.0451105081490706,1.235024400486399
0.5,all_u,7,u,0.9390482119328036,0.7649973940247269,2.8841470195850123,6.590268994197407,1.26042786370437,3.003784126955999,1.1971477052030235,2.227507379472714,1.0401789534561263,1.2937686797744454
0.5,realized_switch_tau_5,7,b,0.8755671461838385,0.7882319912982788,1.8521639018764928,5.539611191543483,0.9473258845366893,2.3795821428865813,0.8629499038353383,1.7878518088788042,1.0711197244052097,1.28210135898511
0.5,all_u,8,u,0.9322341235627202,0.7665560228025788,2.947446365172315,6.870073397301575,1.2998859841507169,3.1187534659248453,1.2181154861866856,2.2195015848332704,1.0528591068807294,1.3484957018041583
0.5,realized_switch_tau_5,8,b,0.8755671480197377,0.7882319910140229,1.875069272645992,5.60811843679518,0.9590412857821452,2.4090099531404965,0.8524083234314284,1.743502558203281,1.0977762212225137,1.3309728082993983
0.5,all_u,9,u,0.9258177771381001,0.7678484621407323,3.019475111714213,7.159646188847389,1.3419844505190157,3.2394075382558967,1.2391806752287047,2.2128957422670537,1.0671286909092783,1.4051593777794606
0.5,realized_switch_tau_5,9,b,0.8755671476799888,0.788231991083136,1.898257909563088,5.6774730217647065,0.9709015737626756,2.4388017424878132,0.8419955202461147,1.7002534658499773,1.1250961064310805,1.3817071513924453
0.5,all_u,10,u,0.919775576927228,0.7689009938290601,3.1003464174421382,7.459586082223484,1.3867997179239329,3.3659902970888904,1.2603408109078515,2.2075378655467675,1.0829610865835504,1.4638771616674577
0.5,realized_switch_tau_5,10,b,0.8755671465286675,0.7882319913300676,1.9217333161432408,5.7476853359971365,0.9829085375766478,2.4689619748498366,0.8317099185712185,1.6580772137651256,1.153095889962552,1.4343753984166276
0.5,all_u,11,u,0.9140837873314899,0.769736525576927,3.1902322991144296,7.770515336376989,1.4344211346068332,3.4987698871341517,1.2815977411406954,2.203298462112586,1.100337072259836,1.5247712619666414
0.5,realized_switch_tau_5,11,b,0.8755671432764868,0.7882319920525684,1.9454990389541016,5.818766037317284,0.9950639941415995,2.4994952264583135,0.8215499666187479,1.6169472014722972,1.1817924923453733,1.489051266342037
0.5,all_u,12,u,0.908719017149798,0.7703750029552522,3.289362219178461,8.093082053645508,1.484950553849721,3.6380394298216,1.3029567162827294,2.2000671187334224,1.1192444310413003,1.587969105093202
0.5,realized_switch_tau_5,12,b,0.8755671351861307,0.7882319938954742,1.9695586686584536,5.890725969840815,1.007369786357029,2.530406151259039,0.8115141337873351,1.5768375002987902,1.2112032555207604,1.5458112820149106
0.5,all_u,13,u,0.9036586099436569,0.7708337615086868,3.3980222224540655,8.427962672901971,1.5385019460612275,3.784118147364905,1.3244255122790565,2.1977497217697235,1.1396775773843133,1.6536038372847541
0.5,realized_switch_tau_5,13,b,0.8755671479422709,0.7882319910185994,1.9939158412193208,5.963574982117641,1.0198277153459079,2.561699017231355,0.8016008610923236,1.537722554220962,1.241345953712027,1.6047348891560225
0.5,all_u,14,u,0.8988809931306464,0.7711278145249152,3.516554563549214,8.775864659538792,1.5952008527611052,3.9373529496150574,1.3460134820520258,2.1962662520635936,1.1616372017885632,1.721814868126917
0.5,realized_switch_tau_5,14,b,0.8755671467570525,0.7882319912972154,2.018574231801845,6.03732546277228,1.0324397399385006,2.5933790956262186,0.7918087103055276,1.499578019710686,1.2722387971941689,1.665904561391543
0.5,all_u,15,u,0.8943660182296436,0.7712700764226876,3.6453577140516757,9.13752942140828,1.65518352799471,4.098120609916426,1.367730461350361,2.1955490932736588,1.185129921826034,1.7927484638602234
0.5,realized_switch_tau_5,15,b,0.8755671440496439,0.788231991941351,2.0435375683838837,6.1119880598010665,1.045207738847345,2.625450978085876,0.7821361802747602,1.4623797057815653,1.303900457902418,1.729405913889402
0.5,all_u,16,u,0.890095368331447,0.7712715068047481,3.7848865970220564,9.513735488602089,1.7185953887908971,4.266830851383388,1.389585313647969,2.1955418843349217,1.210167920337569,1.8665584033040001
0.5,realized_switch_tau_5,16,b,0.8755671381886831,0.7882319933495187,2.0688096224684123,6.187574114568585,1.0581336451027743,2.6579195336181254,0.772581812155194,1.4261041525729408,1.336350069472773,1.795327826081059
0.5,all_u,17,u,0.8860531313051971,0.7711411510701116,3.9356527753915977,9.905302033216419,1.785588155659109,4.443930873414379,1.4115837899327468,2.196199006061293,1.2367685322459288,1.9434067196927587
0.5,realized_switch_tau_5,17,b,0.8755671260384486,0.7882319962926706,2.0943942125245925,6.264095165405043,1.0712194195805724,2.6907897131773013,0.7631441670655578,1.3907284922236016,1.3696072421780228,1.863762565183458
0.5,all_u,18,u,0.882226693662302,0.7708860326842949,4.098224122867488,10.313092857939937,1.8563145949160436,4.629912259818996,1.4337251541168665,2.1974859088027423,1.264953712555867,2.0234645681696275
0.5,realized_switch_tau_5,18,b,0.875567147949244,0.7882319910041446,2.1202952054827455,6.341561257855631,1.0844669421504225,2.7240658986037887,0.7538217560985087,1.3562301054934807,1.403692075246576,1.9348059151898613
0.5,all_u,19,u,0.878608248984721,0.7705108056233813,4.2732231516031876,10.73802106037157,1.930918762668389,4.8253220787352245,1.4559965130214003,2.1993807362602897,1.2947492687742372,2.1069132872581258
0.5,realized_switch_tau_5,19,b,0.8755671452970912,0.7882319916544389,2.146516506404614,6.41998627875107,1.0978783519653956,2.757753958633982,0.7446132648593818,1.3225876570077055,1.4386251569113713,2.0085573145514304
0.5,all_u,20,u,0.8751973876280079,0.7700170156348574,4.461322468695563,11.181054754466432,2.009518067677946,5.030781352472438,1.4783630837691712,2.20187802163555,1.3261836449466884,2.1939457771826927
0.5,realized_switch_tau_5,20,b,0.8755671397217009,0.7882319930287018,2.1730620818565916,6.4993812781505484,1.111455625882992,2.7918586751034504,0.7355172663806373,1.2897797579254888,1.4744276039357516,2.0851199873385142
0.5,all_u,21,u,0.8720056220130402,0.769401691551142,4.663234595840267,11.643224502740885,2.0921702643061217,5.247016828650978,1.500751144152541,2.2049959084474318,1.3592858816215598,2.284768412709613
0.5,realized_switch_tau_5,21,b,0.8755671282828389,0.7882319958612245,2.1999359426827754,6.579758363816869,1.1252008230515758,2.8263852435690984,0.7265323905489479,1.257785724478388,1.5111210527419527,2.1646010940611595
0.5,all_u,22,u,0.8690643283712367,0.7686547861542243,4.8796910372221385,12.125633646174872,2.1788128386978842,5.47491682165389,1.5230179368699526,2.2087894324501702,1.3940820718064815,2.3796038843198923
0.5,realized_switch_tau_5,22,b,0.8755671200945978,0.7882319979064399,2.2271421501548367,6.661129341815171,1.1391159978724805,2.8613387512289514,0.7176572658959749,1.22658530945999,1.5487276791629412,2.247111879681429
0.5,all_u,23,u,0.8664387190187828,0.7677546371358127,5.111401159439116,12.629473678621908,2.2691519124685615,5.715630728970683,1.5448983792404525,2.2133743019188885,1.4305890862820014,2.4786956788274126
0.5,realized_switch_tau_5,23,b,0.8755671358580195,0.788231993999405,2.2546848139776205,6.743505720010125,1.1532031982933475,2.8967241793040093,0.7088905220082761,1.1961587033948173,1.5872702082244319,2.33276783046478
0.5,all_u,24,u,0.8642525412134658,0.7666600251063416,5.358973454144359,13.15604855521584,2.3624588630574,5.970747917006212,1.5659105332873722,2.2189689205337033,1.468803348466316,2.5823154827520622
0.5,realized_switch_tau_5,24,b,0.8755671477708835,0.788231991031298,2.2825680893734064,6.826900968405988,1.167464620363242,2.932547264582443,0.700230877347318,1.1664868792297112,1.6267719238597524,2.421688837010355
0.5,all_u,25,u,0.8627317676103676,0.7652965379964539,5.6227668785406895,13.706815160796953,2.457200357150331,6.242619008360223,1.585188899374438,2.225967490675594,1.508680612868607,2.690775820136379
0.5,realized_switch_tau_5,25,b,0.8755671249648044,0.7882319967490986,2.3107961889648503,6.911328866038048,1.1819025012065623,2.968813867710958,0.6916770669625573,1.1375512857839343,1.6672566979421755,2.5139993572143293
0.5,all_u,26,u,0.8622827707939091,0.7635335369045603,5.902612848005646,14.283452966842631,2.5503687617021433,6.534931720632805,1.6011913654678465,2.235065896201325,1.550099397062403,2.804452012219438
0.5,realized_switch_tau_5,26,b,0.8755670885557487,0.7882320058915426,2.3393733852800356,6.996801404826715,1.1965189726227679,3.0055291773835244,0.6832277648930554,1.1093335373167839,1.7087490068115017,2.6098285895435684
0.5,all_u,27,u,0.8636337838021169,0.7611466693197734,6.197297868067772,14.887987329224224,2.636287720160166,6.853727969611645,1.611191230645695,2.247473073408062,1.5927944758538966,2.9238206049045132
0.5,realized_switch_tau_5,27,b,0.8755671337072036,0.7882319945543487,2.368304000188326,7.083327855586066,1.2113159869804535,3.0426973583806896,0.6748815615073355,1.0818153255915692,1.751273929580507,2.7093106593109866
0.5,all_u,28,u,0.8680963848003873,0.7577609128096467,6.503604869476591,15.523011892319705,2.704536674335082,7.209148057852529,1.61041820345782,2.265250555204122,1.6362351470245138,3.049526177067239
0.5,realized_switch_tau_5,28,b,0.8755671368556863,0.7882319937657997,2.397592383687283,7.17092595392479,1.2262961021074337,3.0803257939459585,0.6666373743761219,1.054979941653455,1.7948571365248174,2.812584815912874
0.5,all_u,29,u,0.8780599205510675,0.7527782207199691,6.81454427000655,16.19209811087463,2.7365647641291275,7.618205080912347,1.590695445522982,2.2917991237531012,1.6794002132663544,3.182494775816493
0.5,realized_switch_tau_5,29,b,0.8755670716965487,0.788232010265815,2.4272429695155155,7.259610028691532,1.2414616634950095,3.1184205831435103,0.658493988622432,1.0288105693282268,1.8395249790113748,2.919795602102356
0.5,all_u,30,u,0.89789232957512,0.7453491932369003,7.116113532589471,16.900587409466947,2.701320016063326,8.108054100738526,1.538784235811165,2.332257318645015,1.720357452352805,3.324115539601309
0.5,realized_switch_tau_5,30,b,0.8755671471982645,0.788231991133164,2.4572602564572494,7.349385366568293,1.2568143879223481,3.156984413176276,0.6504498876329802,1.0032896779338338,1.885304474976521,3.031093066218903
0.5,all_u,31,u,0.9333538229951467,0.7351018208935178,7.381351595241176,17.657950326481007,2.5652164679198157,8.704411382575756,1.4420327992640443,2.3898458465632237,1.7554897907043703,3.4764835063092905
0.5,realized_switch_tau_5,31,b,0.8755671536735226,0.7882319894912156,2.487648742524707,7.440273606321164,1.2723571619679956,3.196026161456725,0.6425041482832645,0.9784021751465202,1.9322232378207624,3.1466330040170876
0.5,all_u,32,u,0.9461917214668756,0.7322028316286148,7.559790728815477,18.494801048443716,2.5389281054807658,9.187672214267689,1.4120587435672058,2.406524964485308,1.7788891273686696,3.6422480534019996
0.5,realized_switch_tau_5,32,b,0.8755670796916903,0.7882320083265855,2.518413034577206,7.53228905480661,1.2880923822883863,3.2355519440752483,0.6346555772577045,0.9541323901909047,1.9803096452648024,3.2665771220082434
0.5,all_u,33,u,0.9540729757874845,0.7309696899993338,7.706960396529286,19.38403991501569,2.5318821941668173,9.661199764055464,1.395323455152362,2.4136727294861187,1.7980329196976694,3.817817122139304
0.5,realized_switch_tau_5,33,b,0.8755671433117548,0.7882319921178671,2.5495578035047575,7.6254369697954605,1.3040218063601619,3.2755644719668826,0.6269026998317864,0.9304640376269192,2.0295927877198046,3.391093287827565
0.5,all_u,34,u,0.9588514720100221,0.7306952913874736,7.834713944827266,20.32219039908918,2.5366238420770335,10.136218105940419,1.3865258834425318,2.415267581031612,1.8145485799852403,4.002696656440401
0.5,realized_switch_tau_5,34,b,0.8755671298606673,0.7882319955568717,2.5810877170390167,7.719739895519157,1.3201484447416238,3.3160729825002204,0.6192446323253517,0.9073831256131235,2.080102393417772,3.520355800446594
0.5,all_u,35,u,0.9613115429763517,0.7310455853421333,7.95079471507308,21.308015537154454,2.5508342363968506,10.617973790132023,1.3835875523133885,2.413231891684499,1.8294817805917798,4.196726766651264
0.5,realized_switch_tau_5,35,b,0.8755671111802543,0.7882320003377273,2.6130075585738206,7.815209277152357,1.3364745362409356,3.357082540974048,0.611680119377911,0.8848747771603988,2.1318690156171054,3.65454557054886
0.5,all_u,36,u,0.9619350168957294,0.731811400254948,8.061303666633624,22.341202941549646,2.5735251557921837,11.11005985825629,1.3853485868711006,2.4087904083386236,1.8436377460405742,4.399897841031929
0.5,realized_switch_tau_5,36,b,0.8755671627199665,0.7882319871477413,2.6453221529380957,7.9118564262525375,1.3530023193853846,3.3985981714359212,0.6042079242465732,0.8629244873472022,2.184923939656814,3.793850415475815
0.5,all_u,37,u,0.9610772352404031,0.7328465956170576,8.17133572608724,23.4220095582057,2.604194027442708,11.615387256359337,1.3910293372350087,2.4028060674803307,1.8576733539712604,4.612298280413302
0.5,realized_switch_tau_5,37,b,0.8755670598963683,0.7882320134928711,2.6780363600653967,8.009705179641673,1.3697349645456252,3.4406296199281607,0.5968272002336368,0.8415192922528834,2.2392991966673272,3.9384653249137402
0.5,all_u,38,u,0.9590257638074404,0.7340442523889585,8.285229576890321,24.551119529628966,2.6425480830132795,12.13650909805203,1.400043004179245,2.395910340333957,1.8721345105626195,4.834092694188863
0.5,realized_switch_tau_5,38,b,0.35983689704097727,0.8307503077159056,3.0733242402305847,86.57229507567014,6.869528345345531,33.48052139507001,2.6534892156798433,7.946669361406894,2.2950277132299304,4.088592681835063
0.5,all_u,39,u,0.9560232367527025,0.7353249006941188,8.406703539302068,25.72957317570854,2.6883997124047063,12.675754495863828,1.4119172521802692,2.388569564372245,1.8874763668866263,5.065510546759596
0.5,realized_switch_tau_5,39,b,0.9177167408272738,0.775708156621782,2.8807545694552346,6.859503592330018,1.3421737712266177,3.041696796095644,0.5100471113844098,0.6939368876782758,2.5888661256855747,4.213151431424668
0.5,all_u,40,u,0.9522776377996629,0.7366294415632884,8.538954693942866,26.958724626567758,2.741622221803731,13.235298339161623,1.4262562512419443,2.381126466841493,1.904077387150915,5.306839158019341
0.5,realized_switch_tau_5,40,b,0.30601531456307485,0.8306456563485409,3.515897169931665,125.52966236326976,9.525320853999162,48.55898643771055,3.1785925989981623,10.750595110912583,2.6314701941622305,4.3832470216021155
0.5,all_u,41,u,0.9479673780698112,0.7379143642952033,8.684743927725961,28.24021343364327,2.802132008091114,13.81720460632934,1.4427211499686294,2.3738292589898595,1.9222508012963326,5.558418892683986
0.5,realized_switch_tau_5,41,b,0.9472836668196971,0.7643508562475676,3.10090414406969,6.161447058649208,1.3557123438141978,2.8130233210642817,0.44768020534020747,0.5974406985473989,2.996710197148694,4.51686496763513
0.5,all_u,42,u,0.9432445519587493,0.7391482009225431,8.846474308080127,29.575943763075802,2.869881174333393,14.423459659863187,1.461018705347518,2.366853699189421,1.9422547511361037,5.820639607504461
0.5,realized_switch_tau_5,42,b,0.25991742669733864,0.8302641930428282,4.098797003483426,179.0257734241531,13.108745752528764,69.31699983721833,3.7706250321861035,14.285358071286392,3.0283053117882344,4.708456132807474
0.5,all_u,43,u,0.9382378522792847,0.7403087358902422,9.026263677359832,30.968068525587668,2.9448527203775567,15.056002575557995,1.4808931042220803,2.3603205773136318,1.964301458858299,6.0939379839162875
0.5,realized_switch_tau_5,43,b,0.9698484821935481,0.7535003089926428,3.341488178150865,5.6762652816262955,1.3930263633484634,2.6655869578809943,0.39829098719294864,0.5260049888842923,3.4765445093671055,4.852310981027888
0.5,all_u,44,u,0.9330572453256216,0.7413804903188363,9.226010134741468,32.418976729494716,3.02704401623665,15.716765441469988,1.5021139314092287,2.3543112321980417,1.9885653542323036,6.378795626437231
0.5,realized_switch_tau_5,44,b,0.21984000440316256,0.8297416813482505,4.874954025807346,252.60793102560447,17.963983359834764,97.93109623355903,4.4429756379921965,18.750285839983555,3.497509128102926,5.067607749376985
1.0,all_u,1,u,0.9916090208872531,0.7472566606501273,2.6895248164064807,5.085165954015843,1.071776358813287,2.42739374428042,1.069980721636029,2.3217677060983037,1.0,1.0
1.0,realized_switch_tau_5,1,u,0.9916090208872531,0.7472566606501273,2.6895248164064807,5.085165954015843,1.071776358813287,2.42739374428042,1.069980721636029,2.3217677060983037,1.0,1.0
1.0,all_u,2,u,0.9830098606845735,0.750930575928309,2.697110467938897,5.318385016017659,1.0931911228807925,2.5143667504214693,1.0876636962008168,2.301762399235278,1.0016781958225494,1.045493801082977
1.0,realized_switch_tau_5,2,u,0.9830098606845735,0.750930575928309,2.697110467938897,5.318385016017659,1.0931911228807925,2.5143667504214693,1.0876636962008168,2.301762399235278,1.0016781958225494,1.045493801082977
1.0,all_u,3,u,0.974961338109722,0.7540744142152253,2.713147158553661,5.558501016860468,1.116478301578156,2.606374690610627,1.1052980925016282,2.284848064507569,1.0050819262417996,1.0923658980861037
1.0,realized_switch_tau_5,3,u,0.974961338109722,0.7540744142152253,2.713147158553661,5.558501016860468,1.116478301578156,2.606374690610627,1.1052980925016282,2.284848064507569,1.0050819262417996,1.0923658980861037
1.0,all_u,4,u,0.9675157873150325,0.7567266263661402,2.7372302037558436,5.806038417311458,1.1414215881896903,2.703687828640746,1.1226976120109102,2.2707233212335542,1.010115107546439,1.1407212282941683
1.0,realized_switch_tau_5,4,u,0.9675157873150325,0.7567266263661402,2.7372302037558436,5.806038417311458,1.1414215881896903,2.703687828640746,1.1226976120109102,2.2707233212335542,1.010115107546439,1.1407212282941683
1.0,all_u,5,u,0.9607479496408906,0.7589109164679286,2.7689611199166486,6.061554945307672,1.167711678693506,2.8066871883738784,1.1396100315788253,2.259188686818729,1.0166776663444066,1.1906725065790873
1.0,realized_switch_tau_5,5,b,0.8627090873615321,0.7914285856686688,1.8193552309166452,5.805792954798343,0.9580236309237294,2.4739315621711424,0.9171255301254317,2.0025774058065844,1.0166776663444066,1.1906725065790873
1.0,all_u,6,u,0.9547750885198815,0.7606315637753388,2.8079097652317935,6.325650866958776,1.1948755367290256,2.9159224303035303,1.1556671866446928,2.250164195461019,1.0246590029360731,1.2423429723907249
1.0,realized_switch_tau_5,6,b,0.8627090843482819,0.7914285859990539,1.8693114189119346,5.965209670666332,0.9843292253866709,2.541861306779299,0.9171255358665817,1.9831128880192543,1.044593787278721,1.2353737513455612
1.0,all_u,7,u,0.9497901487218668,0.7618653251155114,2.853553828635767,6.59898446409431,1.2221566467732905,3.0322113280976666,1.1703009735307677,2.243726580510704,1.0339270254770911,1.2958709574107807
1.0,realized_switch_tau_5,7,b,0.8627090874635216,0.7914285856626682,1.9206393141991107,6.12900328357541,1.0113571103592824,2.61165611418934,0.9171255299311108,1.9638374346634346,1.0732764347866393,1.2817532083703647
1.0,all_u,8,u,0.9461177476675727,0.7625479667588357,2.9051792574344235,6.88229779717426,1.2483120850768885,3.1568094910035276,1.182602389784731,2.2401765052408047,1.0443096899134208,1.3514174830551289
1.0,realized_switch_tau_5,8,b,0.8627090866905304,0.7914285858050137,1.973376579014221,6.297294610456398,1.0391271403006326,2.6833674588555674,0.9171255314038923,1.944749408042392,1.1027466550137905,1.3298738826805843
1.0,all_u,9,u,0.9443100187270486,0.7625530311481291,2.9617129515147353,7.176460109885005,1.2712728217200209,3.291694309068762,1.1910881644595213,2.240150199397121,1.0555636415584435,1.4091789122947662
1.0,realized_switch_tau_5,9,b,0.8627090849141035,0.7914285861601588,2.0275619135700285,6.470206953365305,1.0676596874372968,2.757047883132687,0.917125534788521,1.9258469237525562,1.1330260740969516,1.3798011444346843
1.0,all_u,10,u,0.9453097318702828,0.7616618773395584,3.021438381300088,7.482542482687323,1.2875989835243316,3.4400153213455313,1.1933318372284036,2.244786242275378,1.067320505444603,1.4694078593277526
1.0,realized_switch_tau_5,10,b,0.8627090820835553,0.791428586757514,2.0832350796527224,6.647867197114982,1.096975689590062,2.8327514541243457,0.9171255401815686,1.9071281774635587,1.164136911402742,1.4316028180269473
1.0,all_u,11,u,0.9507095125180134,0.7595348659129978,3.081512962502896,7.801950794886004,1.2917204661556383,3.6066962699830816,1.1854651486216667,2.2559099183796794,1.0789949143692252,1.5324467232383943
1.0,realized_switch_tau_5,11,b,0.8627090791579923,0.7914285874042738,2.1404369308970383,6.830405670392113,1.1270966569533216,2.9105337080142326,0.9171255457556484,1.8885913723191015,1.1961019964321216,1.4853492741593526
1.0,all_u,12,u,0.963005540230128,0.7557514378508862,3.1371709393590397,8.136683787554043,1.2754983616503028,3.798631127256499,1.1619800891067102,2.275901565589058,1.089631751433194,1.5987767244596418
1.0,realized_switch_tau_5,12,b,0.8627090782944823,0.791428587624022,2.199209442340411,7.017956233143542,1.1580446868076237,2.990451687985486,0.9171255474008956,1.8702347187147146,1.2289447853343476,1.541113525495054
1.0,all_u,13,u,0.9843582059631107,0.7503231440874253,3.180532144363337,8.489979056497104,1.2324743619328662,4.020189402649489,1.1192836679584643,2.3050521207327943,1.097693819031668,1.6690665293660545
1.0,realized_switch_tau_5,13,b,0.8627090816456666,0.7914285869114481,2.259595740636999,7.210656420472227,1.18984248223339,3.0725640038724427,0.9171255410158787,1.8520564467781246,1.262689377795096,1.598971325931015
1.3,all_u,1,u,0.9935227498448438,0.7465958373396925,2.689650333391922,5.084843626793885,1.0676201998858483,2.431461303152521,1.0662389406171393,2.3253937031940994,1.0,1.0
1.3,realized_switch_tau_5,1,u,0.9935227498448438,0.7465958373396925,2.689650333391922,5.084843626793885,1.0676201998858483,2.431461303152521,1.0662389406171393,2.3253937031940994,1.0,1.0
1.3,all_u,2,u,0.9859717297134305,0.7499601778148618,2.6954414983659754,5.318494336009058,1.0860366479947463,2.5208193950876043,1.0815969750626278,2.3070212360881746,1.0012954500310312,1.0456127492788554
1.3,realized_switch_tau_5,2,u,0.9859717297134305,0.7499601778148618,2.6954414983659754,5.318494336009058,1.0860366479947463,2.5208193950876043,1.0815969750626278,2.3070212360881746,1.0012954500310312,1.0456127492788554
1.3,all_u,3,u,0.9793033363062911,0.7527059920528167,2.708662460953916,5.55933123793513,1.1051101620856614,2.616098406569748,1.096055578675936,2.2921873949941025,1.0041047386729807,1.092672817941611
1.3,realized_switch_tau_5,3,u,0.9793033363062911,0.7527059920528167,2.708662460953916,5.55933123793513,1.1051101620856614,2.616098406569748,1.096055578675936,2.2921873949941025,1.0041047386729807,1.092672817941611
1.3,all_u,4,u,0.9737696367206002,0.7548146102851254,2.7285572746573976,5.807970913267116,1.1239803239015551,2.718096109869876,1.1089534796291254,2.2808928131468083,1.0082610622908954,1.141310877235881
1.3,realized_switch_tau_5,4,u,0.9737696367206002,0.7548146102851254,2.7285572746573976,5.807970913267116,1.1239803239015551,2.718096109869876,1.1089534796291254,2.2808928131468083,1.0082610622908954,1.141310877235881
1.3,all_u,5,u,0.969769214726765,0.7562224251729786,2.7541601519248724,6.065117767804853,1.1412988425631232,2.828043251337501,1.1192731602873145,2.273398417030176,1.0135504730797682,1.191680772635644
1.3,realized_switch_tau_5,5,b,0.8517367000487269,0.793969356751348,1.8210609477310828,6.133569184073012,0.9832750816999066,2.596983035310851,0.9421909032895108,2.1013316970830047,1.0135504730797682,1.191680772635644
1.3,all_u,6,u,0.9679448956309555,0.7568026944193349,2.7841245815882147,6.331608527242025,1.154930850554638,2.9478453872431207,1.1254269513947073,2.270320143615322,1.0196785584228203,1.2439716814054433
1.3,realized_switch_tau_5,6,b,0.8517366997523342,0.7939693567834197,1.8915701440692982,6.371053309216716,1.0213462605597976,2.6975349691546526,0.9504868896309202,2.104640936594619,1.0436049406409644,1.235874868739615
1.3,all_u,7,u,0.9693262891104886,0.756348527399683,2.8164461916964676,6.608489061231585,1.1615530354811714,3.080394619420929,1.1249785126498992,2.272728924444572,1.0262157389454443,1.298427182410005
1.3,realized_switch_tau_5,7,b,0.8517366979144334,0.7939693570624347,1.9648093682189176,6.61773259663913,1.0608915115855588,2.80198017769439,0.9588559252145361,2.1079554099845765,1.0745506031718044,1.2817079256851083
1.3,all_u,8,u,0.9754478690172749,0.7545940155034352,2.8480279942016042,6.897154866081079,1.15640510790634,3.2296857205571743,1.1145199132052475,2.2820704904579787,1.0325113079227801,1.3553726475205312
1.3,realized_switch_tau_5,8,b,0.8517366906751641,0.7939693583180584,2.0408843242355714,6.873963238438296,1.1019679194943257,2.9104694688699504,0.9672986612264078,2.111275171566851,1.1064138873086622,1.329240725122782
1.3,all_u,9,u,0.9877668243781539,0.7514675747311572,2.874076103718316,7.199659008616748,1.1349799951815025,3.3989926231872847,1.0912010509810546,2.298859989515978,1.037581378497433,1.4152436281269396
1.3,realized_switch_tau_5,9,b,0.8517367012711513,0.7939693564711059,2.119904811087948,7.140113989293095,1.1446347103675614,3.023159005291644,0.9758156994519717,2.1145999304171506,1.13922200419173,1.3785363026412087
