t,evidence_window,Y_US,NFA,NFA_over_Y,rebased_NFA_change_current_Y,VA_asset,VA_liability,VA,CA_asset,CA_liability,CA_bond,CA,RES,cum_VA_asset_current_Y,cum_VA_liability_current_Y,cum_VA_current_Y,cum_CA_asset_current_Y,cum_CA_liability_current_Y,cum_CA_bond_current_Y,cum_CA_current_Y,cum_RES_current_Y
1,true,2.7264737869186,0.1498572782728842,0.054963770050490586,0.0,0.0,0.0,0.0,0.0,0.0,0.0,0.0,0.0,0.0,0.0,0.0,0.0,0.0,0.0,0.0,0.0
2,true,2.7273764942436873,0.13068504620730687,0.04791602717231248,-0.007029550964467731,-0.006874006586449926,-0.0074816902924926465,-0.014355696878942573,0.008560701939289062,-0.013142525032577814,-0.0002347120933460234,-0.004816535186634776,1.5612511283791264e-17,-0.0025203731868181684,-0.00274318206829283,-0.005263555255110999,0.0031388046195151282,-0.004818742502296989,-8.605782657487851e-5,-0.0017659957093567387,5.724369670539629e-18
3,true,2.737062486006449,0.11295950415775519,0.04127034173873407,-0.013480793479788342,-0.00603429445610615,-0.007907904075235384,-0.013942198531341534,0.010070022367794291,-0.01320970399060194,-0.000643661895402492,-0.0037833435182101412,-3.469446951953614e-18,-0.004716114852529407,-0.005622668260739068,-0.010338783113268475,0.0068068319237631954,-0.009627923789796029,-0.0003209185004870385,-0.0031420103665198724,4.436531644389005e-18
4,true,2.755318485899445,0.09660860727396292,0.035062591772372205,-0.01932577713662702,-0.0052981204728791914,-0.008313173902596636,-0.013611294375475827,0.011621430666510963,-0.013344111146282471,-0.0010169220285449476,-0.0027396025083164556,1.734723475976807e-17,-0.006607737584097096,-0.008602551172078804,-0.0152102887561759,0.01097954923483875,-0.014407169397153653,-0.0006878682181362287,-0.004115488380451132,1.070304548912389e-17
5,true,2.7819813751694467,0.08156817633437197,0.029320173406769755,-0.024546929950008324,-0.004649103879263675,-0.00870067058550409,-0.013349774464767764,0.013213933899920512,-0.013542793876260294,-0.0013617964984832531,-0.0016906564748230355,-1.5439038936193583e-16,-0.008215556580894378,-0.011647611714817865,-0.019863168295712243,0.015624148048391363,-0.019137128134971714,-0.001170781567715683,-0.004683761654296036,-4.489609146384836e-17
6,true,2.8169389904324262,0.06778274111310512,0.024062552062123235,-0.029136071969801475,-0.004073291333070864,-0.00907376662280583,-0.013147057955876694,0.01484852901001077,-0.013802846601401398,-0.0016840596739995939,-0.0006383772653902227,6.591949208711867e-17,-0.009559602397933362,-0.014724211500323426,-0.02428381389825679,0.020701413158605103,-0.023799585605094112,-0.0017540856250556557,-0.0048522580715446685,-2.0937833010773646e-17
7,true,2.860130226588191,0.05520606038925735,0.019301939427811256,-0.033093324563943004,-0.003558802432386188,-0.009435912782658117,-0.012994715215044304,0.016527840370018254,-0.014121498638924613,-0.001988307239897097,0.00041803449119654466,-6.938893903907228e-18,-0.010659521331140311,-0.01780097905612719,-0.028460500387267506,0.02616750019205327,-0.02837754677445834,-0.002422777594270405,-0.004632824176675479,-2.304772400722225e-17
8,true,2.911544736044142,0.04380138742574191,0.015044037236829129,-0.03642598704879881,-0.00309552079938652,-0.00979056267334555,-0.01288608347273207,0.018255846793369387,-0.014496178426820903,-0.002278257857331767,0.0014814105092167164,-8.500145032286355e-17,-0.011534474996654612,-0.02084930387060277,-0.032383778867257386,0.03197557086943615,-0.03285529379941464,-0.003162485251562892,-0.00404220818154138,-5.183535067884119e-17
9,true,2.971222471723157,0.03354162014999651,0.011288828241307723,-0.03914740792042763,-0.002674805669975751,-0.01014109839505486,-0.01281590406503061,0.020037636139085314,-0.014924571088542641,-0.0025569282612575295,0.002556136789285143,6.591949208711867e-17,-0.012203039649363754,-0.02384364685038437,-0.036046686499748126,0.03807723664676833,-0.037218427719173414,-0.003959530348274396,-0.003100721420679481,-2.8608241601500495e-17
10,true,3.0392532227425635,0.024409323002392513,0.008031355472370286,-0.0412759142054277,-0.002289259659275836,-0.0104908106732605,-0.012780070332536335,0.021879257601185684,-0.015404649283090207,-0.0028268351331631747,0.003647773184932302,3.642919299551295e-17,-0.012683117352758731,-0.026761702313688084,-0.03944481966644681,0.04442380706446998,-0.04145389306219518,-0.004801008541255673,-0.0018310945389808722,-1.5981642123100203e-17
11,true,3.1157762959198707,0.016396755798995355,0.005262494557284813,-0.04283379479093421,-0.0019325097515766408,-0.010842859970082977,-0.012775369721659617,0.02378757560556928,-0.015934701984300255,-0.0030900711030065753,0.00476280251826245,8.673617379884035e-18,-0.012991855382358223,-0.02958442494531616,-0.04257628032767438,0.050967322204969204,-0.04554999030407041,-0.005674846364158608,-0.00025751446325981953,-1.2805360898250009e-17
12,true,3.2009804091621197,0.009505857419339292,0.0029696706022101275,-0.04384638545484973,-0.0015990387366788157,-0.011200287485764137,-0.012799326222442953,0.025770208898814862,-0.0165133423899777,-0.003348438666050335,0.005908427842786827,6.245004513516506e-17,-0.013145583039686265,-0.032295960688450726,-0.045441543728136996,0.057661391104821456,-0.04949637367516794,-0.006569859156366266,0.0015951582732872472,7.045155641424713e-18
13,true,3.2951038885354835,0.0037482891157193388,0.0011375329101946084,-0.044341239032103276,-0.00128402626871271,-0.011566004145978324,-0.012850030414691035,0.02783546584873147,-0.01713951575682516,-0.003603487980835096,0.0070924621110712155,-1.3357370765021415e-16,-0.013159761122140207,-0.0348834954808865,-0.048043256603026704,0.06446183681167798,-0.05328403721244757,-0.00747578202830694,0.003702017570923457,-3.3693111421703846e-17
14,true,3.398435201831499,-0.0008544870632590795,-0.00025143544381795943,-0.04434740001955048,-0.000983222070424726,-0.011942804233424373,-0.012926026303849099,0.029992328597020793,-0.01781249716396434,-0.0038565813081858635,0.00832325012487059,9.020562075079397e-17,-0.013048947377983804,-0.03733705023118306,-0.05038599760916687,0.07132717363764506,-0.056905288432555004,-0.008383287615473663,0.006038597589616383,-6.125372553963386e-18
15,true,3.511313869821114,-0.004271074419322174,-0.0012163750031095244,-0.04389478081606488,-0.000692838302311493,-0.012333383741237514,-0.013026222043549007,0.03225045975731589,-0.018531884805280573,-0.00410894026454936,0.00960963468748596,-4.683753385137379e-17,-0.012826777123399972,-0.03964924092261044,-0.05247601804601041,0.07821893675048446,-0.060353710332265664,-0.009283989188273244,0.008581237229945547,-1.9267493044289476e-17
16,false,3.6341317893511764,-0.006459928744753984,-0.0017775714033494957,-0.043013631887451845,-0.0004094551785343543,-0.012740356743158775,-0.013149811921693129,0.03462022389065294,-0.019297592231223345,-0.004361674063168258,0.010960957596261336,-1.734723475976807e-17,-0.012505956919395874,-0.041815018037562775,-0.054320974956958645,0.08510188383688352,-0.06362411321834713,-0.01017042754902958,0.011307343069506823,-2.3389754486047235e-17
17,false,3.7673349931773172,-0.007369053593616726,-0.001956038846283157,-0.04173409907832445,-0.00012993883310424338,-0.01316627164839499,-0.013296210481499234,0.03711272435502334,-0.020109840039559786,-0.00461579868282716,0.01238708563263639,1.0234868508263162e-16,-0.012098269602432422,-0.04383139759804807,-0.05592966720048049,0.09194408948702948,-0.0667124778950615,-0.011036043469811936,0.014195568122156034,4.604643545419797e-18
18,false,3.9114258664815313,-0.006935608821218797,-0.001773166374097134,-0.04008586445104835,0.00014862667588886553,-0.013613635289906927,-0.013465008614018061,0.039739861580712285,-0.020969145729318434,-0.004872262464977878,0.013898453386415974,1.5612511283791264e-17,-0.01161458999991576,-0.04569719569341749,-0.057311785693333256,0.09871695399620539,-0.06961589136032718,-0.011875141393593308,0.017225921242284895,8.426529651502206e-18
19,false,4.066965847235687,-0.005085426554882311,-0.0012504227342697925,-0.03809786230024059,0.00042899773777332293,-0.014084939793068898,-0.013655942055295574,0.0425144070561629,-0.021876313348222855,-0.005131969386307972,0.015506124321632071,-1.0408340855860843e-17,-0.01106490974028262,-0.04741277411636842,-0.05847768385665104,0.10539514480273622,-0.0723324764905819,-0.0126828467557439,0.02037982155641044,5.545019563669723e-18
20,false,4.23457864471943,-0.00173240386889717,-0.00040910891360052985,-0.03579805568868476,0.000713828736868746,-0.014582677805497716,-0.01386884906862897,0.04545008000744658,-0.02283242725282761,-0.005395781000004818,0.017221871754614156,-4.5102810375396984e-17,-0.010458367879135344,-0.04897979899797339,-0.05943816687710873,0.1119564835513986,-0.07486131806320631,-0.013455054299768301,0.02364011118842398,-5.325536984847445e-18
21,false,4.4149539982866415,0.0032222036984010938,0.0007298385667555243,-0.03321327348628986,0.0010057156442240952,-0.015109375064436662,-0.014103659420212567,0.0485616517835969,-0.023838842792712662,-0.0056645420033733795,0.01905826698751086,-2.7755575615628914e-17,-0.009803288018896373,-0.05040102026210464,-0.06020430828100101,0.11838179658747566,-0.07720238573516064,-0.01418837605760385,0.026991034794711162,-1.1394678364225443e-17
22,false,4.608852025640412,0.009890635408043469,0.0021460084535192122,-0.030369090195598542,0.0013072465049680313,-0.015667602010696825,-0.014360355505728794,0.05186504588366578,-0.02489718448264133,-0.005939074185653398,0.02102878721537105,1.1796119636642288e-16,-0.009107217783712998,-0.051680068400873684,-0.060787286184586675,0.12465473589859222,-0.07935645666786958,-0.014880083241734494,0.030418195988988123,1.4679190216287048e-17
23,false,4.8171081894807966,0.018399593212048426,0.0038196346206688775,-0.027289751421382277,0.001621037131673032,-0.01626000903300257,-0.014638971901329536,0.055377470672663305,-0.026009339491350904,-0.006220201475977932,0.02314792970533447,2.42861286636753e-17,-0.008376972326853709,-0.052821275121709345,-0.06119824744856304,0.13076158515602126,-0.08132503779096802,-0.015528051337872509,0.03390849602718075,1.908621118943156e-17
24,false,5.040638947593127,0.02889138087103338,0.00573169020265354,-0.023998127749183716,0.0019497781457350134,-0.016889336876375442,-0.014939558730640429,0.05911754671341872,-0.02717745997218608,-0.006508740351607034,0.025431346389625603,-2.220446049250313e-16,-0.00761867776134674,-0.05382951182677755,-0.06144818958812427,0.1366910537734462,-0.08311029015972851,-0.016130701774777084,0.03745006183894059,-2.5811065234177205e-17
25,false,5.280448126690023,0.04152516309723975,0.007863946790301913,-0.02051570483726179,0.002296263533078478,-0.017558462650653497,-0.01526219911757502,0.06310547794550374,-0.028403959137404854,-0.006805537464317751,0.02789598134378113,2.6020852139652106e-16,-0.006837817445346354,-0.05471005292797418,-0.061547870373320525,0.14243407175650766,-0.08471495485416362,-0.016686951366285292,0.041032165536058714,2.4638867303827607e-17
26,false,5.53763411477674,0.056478450120386325,0.01019902163085821,-0.01686258539604916,0.0026634422000560197,-0.01827040056767752,-0.0156069583676215,0.0673632043347026,-0.029691518092156935,-0.007111440851777284,0.030560245390768376,-2.983724378680108e-16,-0.006039275514904585,-0.055468452898082936,-0.0615077284129875,0.14798358192923414,-0.08614228258265619,-0.017196156329639556,0.044645143016938386,-3.038629380022417e-17
27,false,5.813397924517388,0.07394875696199166,0.012720401720673659,-0.013057513402059821,0.003054455259277257,-0.019028335400241667,-0.01597388014096441,0.07191459804319507,-0.031043090416661406,-0.007427320643963925,0.033444186982569735,6.938893903907228e-18,-0.005227380484730371,-0.056110442928200555,-0.061337823412930904,0.15333433928581136,-0.08739596700036577,-0.01765806227457445,0.04828031001087112,-2.775128855113357e-17
28,false,6.109052220788392,0.09415543997326004,0.015412446410731284,-0.009117918178875162,0.0034726695380540456,-0.01983566817271584,-0.016362998634661792,0.07678569052589126,-0.032461906864470105,-0.007754102015490927,0.03656968164593023,-6.245004513516506e-17,-0.004405949130856598,-0.05664184690675509,-0.06104779603761167,0.1584827212628288,-0.08848008177049593,-0.018072761633596317,0.05192987785873655,-3.6630776806836445e-17
29,false,6.426031442093596,0.117341845371977,0.018260390791637198,-0.005059955463011817,0.003921740035925398,-0.020696009695126867,-0.01677426965920147,0.08200488271134213,-0.03395148791442865,-0.008092719738995335,0.03996067505791814,3.0184188481996443e-16,-0.003578325673290391,-0.05706850544306032,-0.060646831116350705,0.163426542876744,-0.08939902226230782,-0.018440644961097312,0.05558687565333888,1.214786406235255e-17
30,false,6.765903092648078,0.14377765462239722,0.021250327214799747,-0.0008985679468411508,0.0044056451800161215,-0.021613240276233386,-0.017207595096217262,0.0876032304255767,-0.03551565418795004,-0.008444171890989283,0.04364340434663738,9.71445146547012e-17,-0.002747421571378623,-0.05739621825630359,-0.0601436398276822,0.16816488764973975,-0.09015745182646732,-0.018762363942431408,0.05924507188084102,2.5895592750070553e-17
31,false,7.130380371744274,0.17376154961470536,0.024369183767990042,0.003352453879816451,0.004928745142763288,-0.022591532208887495,-0.017662787066124206,0.09361473228652742,-0.03715854023062518,-0.008809509997469489,0.04764668205843275,-4.0592529337857286e-16,-0.0019157523514406543,-0.057630695894417244,-0.05954644824585789,0.172697948988868,-0.09076025241698008,-0.01903879444621354,0.06289890212567437,-3.2357070769911216e-17
32,false,7.521336286883438,0.20762422094580457,0.027604698557074668,0.0076804095003252205,0.005495845433882867,-0.0236353772438672,-0.018139531809984333,0.10007665352082525,-0.03888461237124876,-0.009189838008493267,0.05200220314108322,3.2959746043559335e-16,-0.0010854716793065311,-0.057777520308090156,-0.05886299198739668,0.17702688304916345,-0.0912124798802353,-0.019271001681206237,0.06654340148772189,1.3146498754897434e-17
33,false,7.940819418713957,0.24573173604281662,0.0309453877598206,0.012073622722610611,0.006112261560525936,-0.02474962819808689,-0.018637366637560954,0.10702989686340167,-0.0406986879526959,-0.009586327176132614,0.05674488173457315,-1.491862189340054e-16,-0.000258403555254112,-0.057842114779114016,-0.05810051833436812,0.18115367448160868,-0.09151932368337788,-0.019460209741252052,0.07017414105697874,-6.3352379837236994e-18
34,false,8.391071541286967,0.28848930811466666,0.03438050869846595,0.01652137383880772,0.006783889437887291,-0.02593954761050996,-0.01915565817262267,0.11451942134650663,-0.04260595637603656,-0.01000023472599737,0.06191323024447269,2.42861286636753e-17,0.0005639271987108999,-0.05782972216127181,-0.057265794962560894,0.18508101495738868,-0.09168607075784445,-0.019607775398175622,0.07378716880136862,-3.1010165998014123e-18
35,false,8.874547338970153,0.3363455631105925,0.037900024673216036,0.021013836279716022,0.007517297702154039,-0.027210837911983476,-0.019693540209829438,0.12259469549759303,-0.04461200563857461,-0.010432894653263136,0.06754979520575527,-3.469446951953614e-18,0.0013802677142557467,-0.05774538736523687,-0.056365119650981114,0.18881219164621554,-0.09171807345405428,-0.019715162261464133,0.07737895593069716,-3.323020089386094e-18
36,false,9.39393646444229,0.3897973035157456,0.04149456460464655,0.02554201065241146,0.008319813905844832,-0.028569706731977965,-0.020249892826133133,0.13131022999945155,-0.04672284822673633,-0.010885748541429041,0.07370163323128617,6.245004513516506e-17,0.002189610836130001,-0.057593947176442006,-0.05540433634031199,0.19235098829740407,-0.09162072111001664,-0.019783920194664004,0.08094634699272346,3.508619221379429e-18
37,false,9.952188260355907,0.4493949139707014,0.04515538715850521,0.03009766574563424,0.009199646605521115,-0.03002289842924463,-0.020823251823723514,0.14072614722790272,-0.04894495611103326,-0.01136032883819027,0.0804208622786792,1.3183898417423734e-16,0.002991172484202597,-0.0573800217602359,-0.05438884927603328,0.19570159438450446,-0.09139941540981121,-0.019815663953025753,0.08448651502166753,1.6559044695151616e-17
38,false,10.552539460088644,0.5157483963459963,0.04887433951767132,0.034673276461743605,0.01016599542669644,-0.031577777529329214,-0.021411782102632775,0.1509088595662079,-0.05128529234966634,-0.011858302738613768,0.08776526447792779,-9.020562075079397e-17,0.0037843693700190793,-0.05710801260206358,-0.05332364323204447,0.19886852616564185,-0.09105954874927427,-0.019812057722579525,0.08799691969378809,7.068735421376582e-18
39,false,11.19854529258108,0.5895342235940557,0.0526438218707403,0.03926196964282967,0.011229208930608352,-0.033242369418730315,-0.022013160488121963,0.16193179561038779,-0.05375135432301889,-0.012381453551187471,0.09579898773618142,-8.326672684688674e-17,0.004568800205967917,-0.05678210064574258,-0.052213300439774644,0.20185655424732282,-0.09060648586114158,-0.01977479830357694,0.09147527008260434,-7.745307228100615e-19
40,false,11.894114411313328,0.6715030196623575,0.0564567479713869,0.04385746793332502,0.01240093197222942,-0.03502545809755522,-0.022624526125325804,0.17387626030719033,-0.05635121341022554,-0.012931724703337255,0.10459332219362755,2.0816681711721685e-17,0.005344227053260385,-0.05640624940925896,-0.05106202235599856,0.20467064141695818,-0.09004554791478313,-0.01970560321285149,0.09491949028932359,1.0209305133543636e-18
41,false,12.643548198397381,0.7624882788002387,0.06030651102329701,0.048454040820994214,0.013694309114267628,-0.03693664409877957,-0.023242334984511944,0.1868323711593398,-0.059093567036221234,-0.013511210000725249,0.1142275941223933,-1.1449174941446927e-16,0.006110559782227542,-0.055984207674812506,-0.049873647892584944,0.20731588599011888,-0.08938199929567976,-0.019606197980859965,0.09832768871357918,-8.094933754086904e-18
42,false,13.451585011572977,0.8634161817214014,0.06418694755886145,0.05304645533107153,0.015124187627132612,-0.0389864543385779,-0.023862266711445285,0.2009001517167748,-0.06198778955678771,-0.014122192527379007,0.12479016963260808,-8.326672684688674e-17,0.006867840828678091,-0.05551951549067507,-0.048651674661996956,0.20979747339055718,-0.0886210364574306,-0.019478306940058095,0.10169812999306851,-1.379877626092579e-17
43,false,14.323450087014795,0.9753167376575114,0.0680923053965681,0.05762993233962282,0.016707381729621898,-0.041186424647755134,-0.024479042918133236,0.21619074219066953,-0.06504399645939989,-0.014767146877026682,0.13637959885424294,2.1510571102112408e-16,0.00761623252916107,-0.05501550969108353,-0.04739927716192243,0.2121206324076487,-0.08776777902971283,-0.019323643876390614,0.10502920950154526,2.0588823860489263e-18
44,false,15.264911866902738,1.09933637561303,0.07201721079023081,0.06220010345417054,0.018462950008894276,-0.043549228647166593,-0.025086278638272317,0.23282780265874525,-0.0682731083420695,-0.015448777722884888,0.14910591659379085,1.97758476261356e-16,0.008356004777727685,-0.05447533159507226,-0.04611932681734455,0.21429059806549858,-0.08682726255341505,-0.019143905240568457,0.1083194302715151,1.488700212188455e-17
45,false,16.28234569064629,1.2367522866783918,0.0759566410255537,0.06675297460548915,0.020412545474572674,-0.04608877996899563,-0.025676234494422957,0.2509490818929699,-0.07168692296732458,-0.016170013365860436,0.16309214555978485,-2.3245294578089215e-16,0.009087524904412638,-0.05390193356429343,-0.04481440865988077,0.21631257818656982,-0.08580443260655123,-0.018940762314648665,0.11156738326536994,-3.1962043594984336e-19
46,false,17.382805872329175,1.3889886088270673,0.07990589200781038,0.07128488574601725,0.02258078577275417,-0.04882041013664283,-0.026239624363888662,0.27070823901083524,-0.07529820615686943,-0.01693408634140181,0.178475946512564,2.255140518769849e-16,0.009811247332068722,-0.05329808850362419,-0.04348684117155544,0.2181917259006536,-0.084704141003515,-0.018715857979565913,0.11477172691757272,1.2674011495448778e-17
47,false,18.574107441291247,1.5576349488308083,0.08386055447101062,0.07579248020437085,0.024995724641234684,-0.05176098983883699,-0.02676526519760231,0.29227688597481927,-0.07912077327241274,-0.017744507501062712,0.19541160520134382,-4.961309141293668e-16,0.010527705462997954,-0.05266639695907511,-0.04213869149607714,0.21993311458794654,-0.08353114236164086,-0.018470800525857707,0.11793117170044802,-1.4849759728811907e-17
48,false,19.864918922540983,1.7444674287032993,0.08781648873098744,0.08027267348274904,0.02768937934022431,-0.05492911695602488,-0.027239737615800567,0.3158469374800482,-0.08316959901917084,-0.018605120972585654,0.21407221748829172,-1.9081958235744878e-16,0.011237504295419637,-0.052009295212740086,-0.04077179091732042,0.22154171657557675,-0.08229009231360028,-0.018207159861907025,0.1210444644000695,-2.349068812499697e-17
49,false,21.26486781393623,1.9514726385253676,0.09176979869333786,0.08472262212096937,0.030698327672131737,-0.05834533911869658,-0.027647011446564847,0.34163331882694603,-0.08746093133576015,-0.019520166222553148,0.23465222126863272,3.95516952522712e-16,0.011941312855278222,-0.05132906450624365,-0.039387751650965405,0.22302238593993237,-0.08098554659931671,-0.01792646556868091,0.1241103737719348,-3.3446557550871395e-18
50,false,22.78466071655959,2.180875066914162,0.09571681114957885,0.08913969858524867,0.03406444983710816,-0.0620323503401911,-0.02796790050308294,0.3698770319674282,-0.09201241732884077,-0.020494285746710306,0.25737032889187716,3.191891195797325e-16,0.012639858579072284,-0.05062783845800663,-0.03798797987893432,0.22437984274275907,-0.07962196072044982,-0.017630203558126282,0.127127678464183,1.0887388675680069e-17
51,false,24.436220320712437,2.435168431405329,0.09965405449144893,0.09352146621445327,0.03783576110314154,-0.06601525967010961,-0.028179498566968074,0.40084870244596893,-0.09684324830258802,-0.02153259108524641,0.2824728630581345,2.42861286636753e-16,0.013333921779074012,-0.049907611150275547,-0.03657368937120152,0.22561866027626282,-0.07820369041629088,-0.017319814274317207,0.1300951555856548,2.009012593839322e-17
52,false,26.232841880525722,2.7171515594455404,0.10357823875203745,0.09786565606826302,0.04206740712665397,-0.07032187650285648,-0.02825446937620251,0.4348526406828961,-0.10197432459712046,-0.022640718669361348,0.31023759741641427,-1.1796119636642288e-16,0.014024330994514406,-0.049170244845221645,-0.03514591385070722,0.22674325407623055,-0.07673499282579638,-0.01699669133146398,0.13301156991897023,1.42175044943144e-17
53,false,28.189372233373668,3.0299695789343,0.10748623821239588,0.10217014684887601,0.0468228007113246,-0.07498303860070042,-0.02816023788937582,0.4722315537094456,-0.1074284190941581,-0.023824877237152542,0.3409782573781349,4.371503159461554e-16,0.014711957922907736,-0.048417477535603506,-0.03370551961269576,0.22775787386162347,-0.07522002742885427,-0.016662179971197486,0.13587566646157176,2.87383435350882e-17
54,false,30.322414953100132,3.377161176709966,0.11137507292652785,0.10643294419091529,0.05217502829293851,-0.08003297671841357,-0.02785794842547506,0.5133719008520938,-0.11323041043337366,-0.0250919442175791,0.37504954620114106,-1.1796119636642288e-16,0.015397714436190731,-0.04765093003988537,-0.032253215603694624,0.2286665952215085,-0.07366285853170673,-0.01631757689519191,0.1386861597946099,2.2826502044289874e-17
55,false,32.65056584312428,3.762713073154358,0.11524189477245245,0.11065216487334743,0.058208438588726555,-0.08550971926174396,-0.027301280673017403,0.5587101623568624,-0.11940748265302543,-0.02644950258642642,0.4128531771174106,-1.1657341758564144e-15,0.01608254900007564,-0.04687211242173838,-0.030789563421662735,0.22947331401773616,-0.07206745687007642,-0.01596412885264957,0.1414417282950102,-1.4504480909062013e-17
56,false,35.19468368916744,4.191122684186729,0.1190839707838236,0.11482601865683775,0.06502052825059006,-0.09145559734833184,-0.02643506909774178,0.6087400596070373,-0.12598939999335437,-0.027905979483571652,0.45484468013011126,1.2628786905111156e-15,0.01676744301823251,-0.046082431213320285,-0.02931498819508777,0.23018174221229104,-0.07043770211349631,-0.01560303324686925,0.14414100685192552,2.2426659336972115e-17
57,false,37.978202144061,4.667470511137805,0.12289866943761317,0.11895279338733472,0.07272420233008396,-0.09791776625803321,-0.025193563927949247,0.6640209118034567,-0.13300879485364564,-0.02947072607078549,0.5015413908790255,-1.1102230246251565e-16,0.017453407960665454,-0.04528319560560331,-0.027829787644937848,0.2307954043410982,-0.06877738526488986,-0.015235438043935822,0.14678258103227254,1.7859636339130916e-17
58,false,41.027489605982915,5.197503927451129,0.12668344998357378,0.12303084340900455,0.08145046539533818,-0.10494878747040813,-0.023498322075069952,0.7251873266294322,-0.14050148941782867,-0.031154098823207854,0.5535317383883956,-1.0130785099704553e-15,0.0181414833853182,-0.044475622599218737,-0.026334139213900525,0.23131763453623544,-0.0670902108898806,-0.014862441023449777,0.14936498262290507,-8.160422050651149e-18
59,false,44.37226515768561,5.787734046338499,0.13043584828880478,0.1270585747207249,0.09135152898004519,-0.11260738193826872,-0.021255852958223534,0.7929605137018269,-0.14850688403803813,-0.03296765781819688,0.6114859718455918,1.0130785099704553e-15,0.01883273362400248,-0.043660843523823885,-0.024828109899821402,0.2317515755342643,-0.06537979982938356,-0.014485091084334467,0.15188668462054628,1.5286054851978836e-17
60,false,48.046080276671866,6.44554819474221,0.1341534659565509,0.1310344336148919,0.102604584687942,-0.12095920096077088,-0.01835461627282889,0.8681614261033721,-0.15706837444545388,-0.034924286981378394,0.6761687646765399,6.938893903907228e-16,0.01952824516158915,-0.04283990941520115,-0.02331166425361199,0.23210017804169586,-0.06364969152158076,-0.014104388651611278,0.15434609786850384,2.8559380111677735e-17
61,false,52.08687771373942,7.179340709040925,0.13783396172251589,0.13495689776993125,0.11541630962826462,-0.13007770684822736,-0.014661397219962749,0.9517260781307108,-0.16623382904157,-0.03703833757046249,0.7484539115186782,-5.412337245047638e-16,0.020229124696536947,-0.04201379559902258,-0.021784670902485627,0.23236620039060793,-0.06190334608254555,-0.013721285635645522,0.15674156867241687,1.5952819240952663e-17
62,false,56.53764107226603,7.99866515225446,0.14147504212336381,0.13882446676452742,0.13002818546977948,-0.14004522858290477,-0.01001704311312529,1.0447234776263483,-0.17605614385841306,-0.03932584744127665,0.8293414863266586,9.43689570931383e-16,0.020936496594919623,-0.04118340663104561,-0.02024691003612598,0.23255220933913015,-0.06014414639239856,-0.013336686146078237,0.15907137680065336,3.1388329655564577e-17
63,false,61.44715128025783,8.9144117830206,0.14507445174085207,0.14263565229855746,0.14672284469903693,-0.1509541737515231,-0.00423132905248616,1.1483766322837383,-0.18659387789108392,-0.041804794574025306,0.9199779598186291,-1.8596235662471372e-15,0.021651499650900335,-0.040349581458747764,-0.018698081807847426,0.23266058192440853,-0.058375400071228274,-0.012951447746775355,0.1613337341064049,-1.3833261355791023e-18
64,false,66.87086931634254,9.93901513227795,0.14862996748643972,0.14638897256884767,0.16583176657993653,-0.16290832981149697,0.0029234367684395635,1.2640871519571186,-0.19791195044432366,-0.04449528902388533,1.0216799124889095,8.326672684688674e-17,0.022375284729663145,-0.039513097299551825,-0.017137812569888677,0.23269350743457837,-0.056600340751689134,-0.012566381544152865,0.16352678513873636,-2.5941392623003617e-20
65,false,72.87196816530769,11.086696774943949,0.15213938986516926,0.1500829437165907,0.1877443793733855,-0.17602448816991484,0.011719891203470667,1.3934641918398831,-0.21008249153633443,-0.04741994884102019,1.1359617514625286,-2.7755575615628914e-16,0.023109011089511775,-0.038674674568675724,-0.015565663479163943,0.23265299051343893,-0.05482212957581269,-0.012182253741871563,0.16564860719575467,-3.832618861050995e-18
66,false,79.5225417905838,12.373750378350485,0.15560053916455233,0.15371607628272543,0.21291914184130414,-0.1904341550467063,0.022484986794597844,1.5383585146440617,-0.22318575015254477,-0.05060414787957779,1.2645686166119392,-1.4155343563970746e-15,0.02385384344584118,-0.03783498038760049,-0.01398113694175931,0.23254085466232755,-0.053043855696461306,-0.01179978574138147,0.16769721322448475,-2.131250835131157e-17
67,false,86.90502419045674,13.818876478290976,0.15901124943025402,0.15728686951472157,0.24189673813131793,-0.2062856614932668,0.03561107663805113,1.700902694597389,-0.2373111998485001,-0.054076471446451446,1.4095150233024376,2.831068712794149e-15,0.024610947644775352,-0.03699463293935996,-0.012383685294584605,0.23235874698390413,-0.05126853680449593,-0.011419655370102009,0.16967055480930615,1.3074547615045511e-17
68,false,95.11385858489045,15.443576766779072,0.16236936442858602,0.16079380771684632,0.2753161252421384,-0.22374650073329558,0.05156962450884281,1.883558582321939,-0.25255878004820653,-0.057869138294477374,1.573130663979255,-1.5265566588595902e-15,0.025381486584384116,-0.03615420531148249,-0.010772718727098373,0.23210814321152348,-0.04949911906949128,-0.011042497698087489,0.17156652644394468,-4.10363734477686e-18
69,false,104.25746484527212,17.272619258431384,0.16567273416887293,0.16423535720507196,0.3139337768470234,-0.2430060659413242,0.07092771090569919,2.0891736352765844,-0.2690403277490424,-0.06201852678093389,1.758114780746608,3.969047313034935e-15,0.02616661460699369,-0.035314229466934195,-0.00914761485994051,0.23179035458960523,-0.047738476533913075,-0.010668905990679736,0.17338297206501244,3.432593086980708e-17
70,false,114.46056338643515,19.334588394195848,0.16891921393851195,0.16760996581112905,0.3586472163246675,-0.26427873181274913,0.09436848451191837,2.321047586744104,-0.2868812219667435,-0.06656571352480833,1.9676006512525523,-6.661338147750939e-15,0.02696747270421793,-0.034475199599333484,-0.0075077268951155565,0.23140653468932712,-0.04598940984761808,-0.010299432135464434,0.17511769270624464,-2.6931578227546177e-17
71,false,125.8669258073219,21.662536396804562,0.1721066615225492,0.17091606059770983,0.4105232423387999,-0.28780755669824004,0.12271568564055985,2.5830118898266465,-0.3062223319680336,-0.07155724089046323,2.20523231696815,4.385380947269368e-15,0.02778518136309686,-0.03363757634137325,-0.005852394978276396,0.23095768833005556,-0.04425464479416116,-0.009934587959908188,0.17676845557598622,1.035043417563788e-17
72,false,138.64263784272305,24.294756563640075,0.17523293657467898,0.1741520477470812,0.4708324319499053,-0.3138684480081251,0.15696398394178024,2.8795242956254286,-0.3272222327238581,-0.07704588000783508,2.475256182893735,-2.6645352591003757e-15,0.028620833063081205,-0.032801790592478806,-0.004180957529397605,0.23044468148059002,-0.04253683006486063,-0.009574846139250574,0.1783330052764788,-9.82207169331688e-18
73,false,152.97997843593498,27.275703360198655,0.17829590276495683,0.1773163152411186,0.5410912187302234,-0.34277494537775355,0.19831627335246982,3.2157817533304374,-0.35005975711063364,-0.08309147301369357,2.78263052320611,3.3306690738754696e-16,0.029475484687300907,-0.031968246884880286,-0.002492762197579386,0.2298682522389821,-0.04083853420980106,-0.009220640590483064,0.17980907743869798,-6.724350674980924e-18
74,false,169.10204126004018,30.657089039777574,0.18129342976193882,0.18040723538393935,0.6231130475248181,-0.37488386400982643,0.24822918351499168,3.5978555239673526,-0.37493701320451844,-0.0897620146989091,3.133156496063925,2.4424906541753444e-15,0.030350148473279423,-0.031137327165652023,-0.0007871786923726046,0.2292290235277772,-0.039162242197841486,-0.008872367253623763,0.18119441407631193,8.360630199294862e-18
75,false,187.26825306255927,34.499193158609145,0.18422339395179954,0.18342316606574763,0.7190706902071592,-0.41060191562336806,0.3084687745837911,4.0328532638625925,-0.4020829420245845,-0.09713497759022705,3.533635344247781,-7.216449660063518e-16,0.031245780605585555,-0.030309395243948222,0.000936385361637324,0.22852751792456236,-0.03751035171804076,-0.008530385502411279,0.1824867807041103,3.696059826453997e-18
76,false,207.780977956351,38.87243105051143,0.18708368510363566,0.1863624579742477,0.831573138436789,-0.45039308854110366,0.3811800498956854,4.529113663551542,-0.4317573107627233,-0.10529851078221997,3.992057842006599,4.996003610813204e-16,0.032163270929568374,-0.029484800040477776,0.0026784708890905907,0.22776417354214548,-0.03588516822906059,-0.008195018227927805,0.1836839870851571,5.735631046295398e-18
77,false,230.99343870095385,43.859234796355096,0.189872210409992,0.18922345917655592,0.9637591752547341,-0.494787599593139,0.4689715756615951,5.09644097546059,-0.46425558644783355,-0.11435321883068683,4.51783217018207,1.3322676295501878e-15,0.03310342971765089,-0.02866387990969255,0.004439549807958334,0.2269393624003882,-0.034288900064664535,-0.007866552967126097,0.18478390936859757,1.0926815375106288e-17
78,false,257.3192397050894,49.5563153617087,0.19258690262921893,0.19200452379720997,1.119413044289673,-0.5443920112767309,0.5750210330129422,5.746387906888647,-0.4999144869225402,-0.12441388762544436,5.122059532340662,-2.6645352591003757e-15,0.034066975005879505,-0.027846966306678683,0.00622000869920082,0.2260534100404689,-0.03272365265723353,-0.007545242285226185,0.18578451509800917,-5.460633325170759e-19
79,false,287.2438414877178,56.07738742702557,0.1952257257686876,0.19470401822746852,1.3031058124468502,-0.5999013814401714,0.7032044310066788,6.492598188548507,-0.539118709196787,-0.1356118450415229,5.817867634310197,-3.6637359812630166e-15,0.03505451628783691,-0.027034388411422257,0.008020127876414648,0.22510661832821083,-0.031191422886302844,-0.00723130509085408,0.1866838903510539,-1.3243969176549962e-17
80,false,321.3384190910595,63.556461263983806,0.19778668683240597,0.1973203333889031,1.5203710328806632,-0.6621129658260396,0.8582580670546236,7.351221528271307,-0.5823085845072873,-0.1480971738604051,6.620815769903615,-2.886579864025407e-15,0.03606654002243195,-0.026226476651102962,0.009840063371328991,0.2240992892317981,-0.02969409242389067,-0.00692492679033328,0.1874802700175741,-2.0821750681939238e-17
81,false,360.27663786000426,72.1518259046899,0.2002678451016481,0.19985189451666702,1.7779204410146396,-0.7319427357731814,1.0459777052414583,8.341418147741226,-0.6299894304875299,-0.16204178178905693,7.549386935464639,-3.1086244689504383e-15,0.03710339219691971,-0.025423567111022012,0.011679825085897697,0.22303175122928956,-0.028233421425113123,-0.006626260373407077,0.1881720694307694,-2.719980116945812e-17
82,false,404.85500887007646,82.0508817461984,0.2026673252115541,0.20229717472560324,2.0839119264776214,-0.8104443339401654,1.2734675925374561,9.48597317315958,-0.6827424028567105,-0.17764252133183112,8.625588248971038,4.884981308350689e-15,0.03816526159206674,-0.024626005351725447,0.013539256240341297,0.22190438718496255,-0.0268110417590621,-0.006335426940638471,0.188757918485262,-1.2138843536006285e-17
83,false,456.01764534105297,93.47601528510047,0.2049833295709211,0.20465470790506252,2.448280774495182,-0.8988316001869643,1.549449174308218,10.812047050176998,-0.7412375988514553,-0.1951250867317027,9.875684364593841,1.4876988529977098e-14,0.039252161134012885,-0.023834150556094412,0.015418010577918476,0.22071766459163544,-0.02542845055778507,-0.006052516706706345,0.18923669732714404,2.184677944881693e-17
84,false,514.886442971904,106.69175814523214,0.20721415294877754,0.2069231037663444,2.8831518739619084,-0.9985048266686534,1.884647047293255,12.352093636661541,-0.8062495633699288,-0.21474826045317208,11.33109581283844,-2.5091040356528538e-14,0.04036390985337348,-0.023048379315379532,0.017315530537993954,0.21947216686589227,-0.024087003805767733,-0.005777589831774055,0.1896075732283505,-2.9382252417974925e-17
85,false,582.7979593559545,122.01353041057237,0.20935819772843503,0.20910106354347927,3.403352334127224,-1.11108174792649,2.292270586200734,14.144986483592197,-0.8786759336997382,-0.2368088707529714,13.029501679139488,7.549516567451064e-15,0.04150011494497552,-0.022269089281355365,0.01923102566362016,0.21816862562974335,-0.02278791034165365,-0.005510677408230602,0.18987003787985912,-1.300451853832531e-17
86,false,661.3485864935371,139.81834433393485,0.21141399133435843,0.2111873978535022,4.027050730805575,-1.2384338979981844,2.788616832807391,16.23740409300598,-0.9595597274718334,-0.2616472749790839,15.016197090555064,1.9095836023552692e-14,0.0426601547352828,-0.02149670231135601,0.0211634524239268,0.21680795398043057,-0.021532226216851816,-0.0052517823340033415,0.19002394542957543,1.7414158572670613e-17
87,false,752.4500122233314,160.55793598847663,0.21338020251213993,0.21318104339746322,4.776554839622737,-1.3827298461939912,3.3938249934287454,18.68553702579353,-1.0501164612978595,-0.28965390338263086,17.345766661113036,2.220446049250313e-15,0.04384316212039084,-0.02073166759342361,0.023111494526967237,0.21539127955147602,-0.020320850003964924,-0.005000880677015148,0.19006954887049596,1.8256727999338557e-17
88,false,858.3974766724378,184.77491505996505,0.2152556596231406,0.21508108166555642,5.6793104718817204,-1.5464859898444887,4.132824482037232,21.557197643174412,-1.1517667380931893,-0.3212763156300289,20.08415458945119,8.881784197001252e-16,0.04504801027046278,-0.019974464033133466,0.02507354623732932,0.21391997712564764,-0.019154518761754676,-0.004757922935665868,0.1900075354282271,1.7038090189472323e-17
89,false,981.9539746680084,213.1226693389488,0.21703936725853576,0.21688675595277315,6.769152817692831,-1.7326271738581418,5.036525643834689,24.93443238221426,-1.2661761680468795,-0.3570275790182995,23.31122863514908,-1.3322676295501878e-14,0.04627330031260832,-0.019225602405822544,0.02704769790678579,0.21239569912348427,-0.01803380524631924,-0.00452283583117767,0.18983905804598739,1.3267193413001273e-18
90,false,1126.4543773688679,246.3899581302801,0.21873052569229567,0.21859749120702615,8.08787858917528,-1.9445580426564264,6.1433205465188525,28.91676693233865,-1.3953036326524533,-0.39749505487377323,27.123968244812424,5.329070518200751e-15,0.04751735252445096,-0.018485626367823988,0.029031726156626986,0.2108204048562808,-0.01695911592734549,-0.004295523878536175,0.18956576505039918,5.887364798696746e-18
91,false,1295.9344892701936,285.53136373734816,0.22032854754729567,0.22021291108610597,9.68722338201447,-2.1862487197289364,7.5009746622855324,33.62524288170149,-1.541460968696274,-0.44335096822266085,31.64043094478256,-2.4868995751603507e-14,0.048778201103174997,-0.017755113125453918,0.031023087977721093,0.20919638532300255,-0.015930690565220628,-0.004075871649397054,0.18918982310838492,-1.4072584728580252e-17
92,false,1495.2913922256894,331.7050849354318,0.2218330732458108,0.2217328537975802,11.631353423299682,-2.462336878065441,9.169016545234241,39.207455049958455,-1.7073863019645028,-0.4953640951445575,37.00470465284939,-5.329070518200751e-15,0.050053592862631155,-0.017034673288877283,0.03301891957375388,0.20752628379596658,-0.014948603168278956,-0.0038637464038613176,0.18871393422382632,-1.5760284947582976e-17
93,false,1730.4831325454852,386.3199547051198,0.22324398743884638,0.22315738891878312,14.000013834442255,-2.7782493825809853,11.221764451861269,45.84385199024794,-1.8963342876752287,-0.5544123847459952,43.393105317826716,4.263256414560601e-14,0.05134099184267464,-0.016324949483478145,0.03501604235919651,0.20581311144422892,-0.014012764109021471,-0.003659000775620883,0.18814134655958661,1.1017932140381573e-17
94,false,2008.777987946725,451.09406012464666,0.2245614312937255,0.22448683007887146,16.89250914136492,-3.1403491822894445,13.752159959075474,53.75563233944702,-2.1121887984382512,-0.6214980805573713,51.02194546045139,-1.7763568394002505e-14,0.05263758870702689,-0.015626614335410575,0.03701097437161633,0.20406025584210086,-0.013122923930674709,-0.003461476204171034,0.18747585570725514,6.485422173458888e-19
95,false,2339.066355195348,528.1279954290294,0.2257858116149606,0.22572174448067858,20.432748111390776,-3.5561120715439336,16.876636039846844,63.21466742267428,-2.359603285738773,-0.6977648723996168,60.157299264535894,0.0,0.05394031570092948,-0.014940367509040103,0.03899994819188938,0.20227148174834494,-0.012278678606695117,-0.003271006852860653,0.1867217962887892,5.569646742021477e-19
96,false,2732.251901049893,619.996609706729,0.22691780705449946,0.22686295952078003,24.775648041636305,-4.034340157804033,20.74130788383227,74.55600044264287,-2.6441763891190653,-0.7845176596564842,71.12730639386731,4.973799150320701e-14,0.055245867201444185,-0.014266931653510685,0.04097893554793351,0.20045092394491676,-0.011479476102567367,-0.0030874238695029524,0.1858840239728465,1.8680843012334517e-17
97,false,3201.7432580871186,729.8641707950532,0.22795836891403667,0.2279115640123962,30.115279527477608,-4.585421436897626,25.52985809057998,88.1936226675977,-2.9726731277880343,-0.8832465420653683,84.3377029977443,-1.5987211554602254e-13,0.05655072584487872,-0.013607047491802875,0.04294367835307585,0.19860307008601563,-0.010724624295015918,-0.002910560131679385,0.18496788565932037,-3.399127848164135e-17
98,false,3764.0735366663225,861.6292237018567,0.22890871161485452,0.22886889908812966,36.69523109624495,-5.221647798004688,31.473583298240264,104.64043297814948,-3.3533055799326736,-0.9956577896536807,100.29146960856312,2.0605739337042905e-13,0.05785119078807254,-0.01296146844425498,0.044889722343817565,0.19673273288844859,-0.010013300416388338,-0.002740255727748198,0.18397917674431208,2.5830007227802732e-17
99,false,4439.682676373193,1020.1071864351984,0.22977029233731877,0.22973653828569018,44.821823840278974,-5.957605268419738,38.86421857185923,124.53354701792561,-3.7960894475657523,-1.1237134088772418,119.61374416148263,-2.0605739337042905e-13,0.05914340715107123,-0.01233095462590527,0.04681245252516596,0.19484501117229494,-0.009344561668869966,-0.0025763637429007703,0.18292408576052424,-2.451331652406789e-17
100,false,5253.90770080448,1211.2609544809907,0.23054477228359418,0.2305162492704758,54.88096562591269,-6.810658540252768,48.07030708565992,148.66644823003762,-4.313301386880134,-1.269685883025197,143.08346096013227,8.526512829121202e-14,0.06042339223576399,-0.011716266763994121,0.04870712547176988,0.19294523745710193,-0.008717357166257444,-0.0024187564921385857,0.18180912379870592,-4.485464869802806e-18
101,false,6238.238989962695,1442.4926140691387,0.2312339454115343,0.23120992304263915,67.35962521032248,-7.801560685944294,59.55806452437818,178.02990560098144,-4.920071626207292,-1.4362389110045886,171.67359506376957,2.2737367544323206e-13,0.06168704847725524,-0.011118160906237955,0.05056888757101728,0.19103890960700834,-0.008130541592632011,-0.0022673325427544928,0.18064103547162183,3.2670671538877017e-17
102,false,7431.917697317282,1723.0129888685342,0.2318396218906588,0.23181945787857253,82.87317196060124,-8.955227763501494,73.91794419709974,213.86413336845948,-5.635156252087892,-1.626546514075729,206.60243060229587,-7.105427357601002e-14,0.06293015369585667,-0.010537384268093135,0.052392769427763546,0.18913160305667065,-0.007582890462457765,-0.00212202414340391,0.17942668845080897,1.7862574486528203e-17
103,false,8883.971651410267,2064.310123651392,0.23236342985445002,0.2323465615792964,102.19999617850074,-10.301748951869032,91.89824722663171,257.72533278818787,-6.4819621667589375,-1.8444830652023594,249.39888755622658,-3.552713678800501e-13,0.06414830455195883,-0.009974674059577414,0.05417363049238143,0.1872288550586497,-0.0070731180216612064,-0.001982805950073483,0.178172931086915,-2.504715156296675e-17
104,false,10655.81625665884,2480.743148699653,0.23280648698774548,0.23279242356222618,126.32500445318759,-11.877734160305769,114.44727029288183,311.5706104171951,-7.489926227167997,-2.09492943464835,301.98575475537876,1.9895196601282805e-13,0.06533678010295597,-0.009430760940050083,0.0559060191629059,0.18533600838416467,-0.006599898545992434,-0.0018497054388519397,0.1768864043993203,-2.2115826562247964e-18
105,false,12824.585362512338,2990.2938741100606,0.23316885416436275,0.2331571690085439,156.49338074345695,-13.728176878010256,142.7652038654467,377.866219246359,-8.69641350698108,-2.384284194417056,366.7855215449609,1.4210854715202004e-13,0.06649026695356901,-0.008906380158655148,0.05758388679491387,0.1834579913365473,-0.006161892762370411,-0.0017228163605468435,0.17557328221363006,9.243365409488191e-18
106,false,15487.408142726094,3615.514166136729,0.2334486269631121,0.2334389508909836,194.27508215091228,-15.909136405703611,178.36594574520868,459.725081351982,-10.149398502558068,-2.7213365679642685,446.85434628145964,-1.4210854715202004e-13,0.06760235003975952,-0.008402294807635727,0.0592000552321238,0.1815989948585113,-0.005757781896521268,-0.0016023173031302338,0.17423889565885978,-1.5216373329848076e-18
107,false,18766.91647325963,4384.710344308312,0.23364042518950537,0.23363244000565878,241.63780494254164,-18.49178456302274,223.1460203795189,561.0803183228602,-11.911370252271562,-3.118790278523832,546.0501577920647,-2.842170943040401e-14,0.06866460951386713,-0.007919337936850282,0.06074527157701686,0.1797619803345075,-0.005386313123124299,-0.0014884987827412637,0.17288716842864194,-2.7701901868442183e-18
108,false,22818.360217913858,5333.401118793096,0.23373288298806147,0.23372631558896523,301.01941759380856,-21.568817342849496,279.45060025095904,686.9013707089964,-14.065215178388568,-3.595981296782906,669.2401742338249,1.1368683772161603e-13,0.06966505891871982,-0.0074584838394138745,0.06220657507930596,0.17794790694585952,-0.005046361901521946,-0.001381804534678324,0.17151974050965926,2.703915149066213e-18
109,false,27838.83620463607,6506.060817749872,0.23370448282843093,0.2336990997988685,375.37535942120417,-25.2651059012907,350.11025351991344,843.4566715666905,-16.723386521744903,-4.183839608083407,822.5494454368621,-3.979039320256561e-13,0.07058548547024054,-0.007020964360427394,0.06356452110981314,0.17615449425520396,-0.004737018789552283,-0.0012828967765963091,0.17013457868905538,-1.2076834666658944e-17
110,false,34079.3182088628,7958.0882343161065,0.23351665034914035,0.23351225304056292,468.14210935099885,-29.75615634484024,438.3859530061586,1038.6596572849162,-20.036073851081113,-4.982119873760503,1013.6414635600745,1.8189894035458565e-12,0.07139696465960893,-0.00660845477579996,0.06478850988380896,0.1743754300818316,-0.004457517697411107,-0.0011941692276665635,0.1687237431567539,4.350980181888289e-17
