sweep_kind,sweep_value,case_id,label,omega_bar,omega_bar_star,T_max,branch_iters,warm_start_T,seed_kind,global_polish,status,elapsed_sec,branch_converged,max_u_residual,max_bgp_residual,residual_safe,error
omega_star,0.25,omega_0p50_omega_star_0p25,omega_bar* = 0.25 (AHP),0.5,0.25,30,60,,none,false,ok,4.0981831550598145,true,1.3116486360967873e-7,2.1638176561709538e-11,true,
omega_star,0.25,omega_0p50_omega_star_0p25,omega_bar* = 0.25 (AHP),0.5,0.25,45,60,30,horizon,false,ok,0.024801015853881836,true,1.2719917398235468e-7,9.412262316347304e-10,true,
omega_star,0.25,omega_0p50_omega_star_0p25,omega_bar* = 0.25 (AHP),0.5,0.25,60,60,45,horizon,false,ok,0.022476911544799805,true,1.5566993850941658e-7,9.412399550256443e-10,true,
omega_star,0.25,omega_0p50_omega_star_0p25,omega_bar* = 0.25 (AHP),0.5,0.25,70,60,60,horizon,false,ok,0.01615309715270996,true,1.5957340712687901e-7,9.412399550256443e-10,true,
omega_star,0.25,omega_0p50_omega_star_0p25,omega_bar* = 0.25 (AHP),0.5,0.25,80,60,70,horizon,false,ok,0.02366495132446289,true,1.6496605472799417e-7,9.412399550256443e-10,true,
omega_star,0.25,omega_0p50_omega_star_0p25,omega_bar* = 0.25 (AHP),0.5,0.25,90,60,80,horizon,false,ok,0.032933950424194336,true,2.43632676556676e-7,9.412399550256443e-10,true,
omega_star,0.25,omega_0p50_omega_star_0p25,omega_bar* = 0.25 (AHP),0.5,0.25,100,60,90,horizon,false,ok,0.049176931381225586,true,3.2881681738823914e-7,9.412399550256443e-10,true,
omega_star_continuation,0.26,omega_0p50_omega_star_0p26,omega_bar* continuation = 0.26,0.5,0.26,100,60,100,parameter,false,ok,2.4403600692749023,true,1.0815502426248745e-6,9.750441015117708e-10,true,
omega_star_continuation,0.27,omega_0p50_omega_star_0p27,omega_bar* continuation = 0.27,0.5,0.27,100,60,100,parameter,false,ok,1.2265350818634033,true,3.8254137839586657e-7,9.204836732764922e-10,true,
omega_star_continuation,0.28,omega_0p50_omega_star_0p28,omega_bar* continuation = 0.28,0.5,0.28,100,60,100,parameter,false,ok,0.08285713195800781,true,3.9457723019207127e-7,9.480695933535902e-10,true,
omega_star_continuation,0.29,omega_0p50_omega_star_0p29,omega_bar* continuation = 0.29,0.5,0.29,100,60,100,parameter,false,ok,0.08198285102844238,true,4.517641797328832e-7,9.708410705730864e-10,true,
omega_star,0.3,omega_0p50_omega_star_0p30,omega_bar* = 0.3,0.5,0.3,100,60,100,parameter,false,ok,0.0833730697631836,true,4.723875319002643e-7,9.87246677974907e-10,true,
omega_star_continuation,0.31,omega_0p50_omega_star_0p31,omega_bar* continuation = 0.31,0.5,0.31,100,60,100,parameter,false,ok,0.08368396759033203,true,4.832552445198901e-7,9.957968421364603e-10,true,
omega_star_continuation,0.32,omega_0p50_omega_star_0p32,omega_bar* continuation = 0.32,0.5,0.32,100,60,100,parameter,false,ok,0.08552908897399902,true,4.875645150106918e-7,9.952646682644498e-10,true,
omega_star_continuation,0.33,omega_0p50_omega_star_0p33,omega_bar* continuation = 0.33,0.5,0.33,100,60,100,parameter,false,ok,0.08560895919799805,true,4.85866222625625e-7,9.84912038828467e-10,true,
omega_star_continuation,0.34,omega_0p50_omega_star_0p34,omega_bar* continuation = 0.34,0.5,0.34,100,60,100,parameter,false,ok,0.08203792572021484,true,4.783148409759019e-7,9.646559364770793e-10,true,
omega_star_continuation,0.35,omega_0p50_omega_star_0p35,omega_bar* continuation = 0.35,0.5,0.35,100,60,100,parameter,false,ok,0.0817558765411377,true,5.613773402688353e-7,9.871481982333905e-10,true,
omega_star_continuation,0.36,omega_0p50_omega_star_0p36,omega_bar* continuation = 0.36,0.5,0.36,100,60,100,parameter,false,ok,0.08212590217590332,true,5.386218898708662e-7,9.901670575279265e-10,true,
omega_star_continuation,0.37,omega_0p50_omega_star_0p37,omega_bar* continuation = 0.37,0.5,0.37,100,60,100,parameter,false,ok,0.07880115509033203,true,6.146996277224025e-7,9.708186668818598e-10,true,
omega_star_continuation,0.38,omega_0p50_omega_star_0p38,omega_bar* continuation = 0.38,0.5,0.38,100,60,100,parameter,false,ok,0.07872796058654785,true,5.756096381032871e-7,9.688208284037647e-10,true,
omega_star_continuation,0.39,omega_0p50_omega_star_0p39,omega_bar* continuation = 0.39,0.5,0.39,100,60,100,parameter,false,ok,0.07701492309570312,true,6.401886023427509e-7,9.631981886432662e-10,true,
omega_star,0.4,omega_0p50_omega_star_0p40,omega_bar* = 0.4,0.5,0.4,100,60,100,parameter,false,ok,0.07622790336608887,true,5.859000958544519e-7,9.9771398938111e-10,true,
omega_star_continuation,0.41,omega_0p50_omega_star_0p41,omega_bar* continuation = 0.41,0.5,0.41,100,60,100,parameter,false,ok,0.07178807258605957,true,6.359522176166016e-7,9.92036003082961e-10,true,
omega_star_continuation,0.42,omega_0p50_omega_star_0p42,omega_bar* continuation = 0.42,0.5,0.42,100,60,100,parameter,false,ok,0.07083392143249512,true,6.818965942704203e-7,9.904804446410875e-10,true,
omega_star_continuation,0.43,omega_0p50_omega_star_0p43,omega_bar* continuation = 0.43,0.5,0.43,100,60,100,parameter,false,ok,0.06865501403808594,true,7.222469472533953e-7,9.905167488739857e-10,true,
omega_star_continuation,0.44,omega_0p50_omega_star_0p44,omega_bar* continuation = 0.44,0.5,0.44,100,60,100,parameter,false,ok,0.07012295722961426,true,7.554127505713429e-7,9.843293800878112e-10,true,
omega_star_continuation,0.45,omega_0p50_omega_star_0p45,omega_bar* continuation = 0.45,0.5,0.45,100,60,100,parameter,false,ok,0.06794095039367676,true,6.512798118372704e-7,9.80972625353726e-10,true,
omega_star_continuation,0.46,omega_0p50_omega_star_0p46,omega_bar* continuation = 0.46,0.5,0.46,100,60,100,parameter,false,ok,0.06968808174133301,true,6.614310319371932e-7,9.872015966247308e-10,true,
omega_star_continuation,0.47,omega_0p50_omega_star_0p47,omega_bar* continuation = 0.47,0.5,0.47,100,60,100,parameter,false,ok,0.06926703453063965,true,7.875071607175954e-7,9.840738965912084e-10,true,
omega_star_continuation,0.48,omega_0p50_omega_star_0p48,omega_bar* continuation = 0.48,0.5,0.48,100,60,100,parameter,false,ok,0.06596088409423828,true,7.632262547896278e-7,9.978902082059396e-10,true,
omega_star_continuation,0.49,omega_0p50_omega_star_0p49,omega_bar* continuation = 0.49,0.5,0.49,100,60,100,parameter,false,ok,0.06587791442871094,true,7.120823846100771e-7,9.789911351653163e-10,true,
omega_star,0.5,omega_0p50_omega_star_0p50,omega_bar* = 0.5,0.5,0.5,100,60,100,parameter,false,error,0.009675979614257812,,,,false,"AssertionError: ω̄* must be in (0, 1/2)"
omega_star,0.5,omega_0p50_omega_star_0p50,omega_bar* = 0.5,0.5,0.5,100,200,100,parameter,false,error,0.0002541542053222656,,,,false,"AssertionError: ω̄* must be in (0, 1/2)"
omega_star,0.5,omega_0p50_omega_star_0p50,omega_bar* = 0.5,0.5,0.5,100,5,100,global_polish,true,error,0.0001800060272216797,,,,false,"AssertionError: ω̄* must be in (0, 1/2)"
omega_continuation,0.51,omega_0p51_omega_star_0p25,omega_bar continuation = 0.51,0.51,0.25,100,60,100,parameter,false,ok,0.06604695320129395,true,3.541926286652394e-7,9.788701979552513e-10,true,
omega_continuation,0.52,omega_0p52_omega_star_0p25,omega_bar continuation = 0.52,0.52,0.25,100,60,100,parameter,false,ok,0.06521987915039062,true,3.459554382921993e-7,9.194666932751136e-10,true,
omega_continuation,0.53,omega_0p53_omega_star_0p25,omega_bar continuation = 0.53,0.53,0.25,100,60,100,parameter,false,ok,0.06604599952697754,true,3.389663325140809e-7,9.552350448361711e-10,true,
omega_continuation,0.54,omega_0p54_omega_star_0p25,omega_bar continuation = 0.54,0.54,0.25,100,60,100,parameter,false,ok,0.0635218620300293,true,4.0691628543879305e-7,9.93866022258889e-10,true,
omega_continuation,0.55,omega_0p55_omega_star_0p25,omega_bar continuation = 0.55,0.55,0.25,100,60,100,parameter,false,ok,0.06932902336120605,true,3.9272113667025074e-7,9.235933167760548e-10,true,
omega_continuation,0.56,omega_0p56_omega_star_0p25,omega_bar continuation = 0.56,0.56,0.25,100,60,100,parameter,false,ok,0.058583974838256836,true,4.5346318250758215e-7,9.584038154687424e-10,true,
omega_continuation,0.57,omega_0p57_omega_star_0p25,omega_bar continuation = 0.57,0.57,0.25,100,60,100,parameter,false,ok,0.050984859466552734,true,4.982215985439603e-7,9.94745825730392e-10,true,
omega_continuation,0.58,omega_0p58_omega_star_0p25,omega_bar continuation = 0.58,0.58,0.25,100,60,100,parameter,false,ok,0.05125713348388672,true,4.963768605090008e-7,9.121748564882756e-10,true,
omega_continuation,0.59,omega_0p59_omega_star_0p25,omega_bar continuation = 0.59,0.59,0.25,100,60,100,parameter,false,ok,0.049318790435791016,true,5.779098291030999e-7,9.41822096142252e-10,true,
omega,0.6,omega_0p60_omega_star_0p25,omega_bar = 0.6,0.6,0.25,100,60,100,parameter,false,ok,0.03554081916809082,true,5.587982198407146e-7,9.709928635408706e-10,true,
omega_continuation,0.61,omega_0p61_omega_star_0p25,omega_bar continuation = 0.61,0.61,0.25,100,60,100,parameter,false,ok,0.04616689682006836,true,6.16247700889068e-7,9.988805861821534e-10,true,
omega_continuation,0.62,omega_0p62_omega_star_0p25,omega_bar continuation = 0.62,0.62,0.25,100,60,100,parameter,false,ok,0.04632282257080078,true,6.439026035594855e-7,8.951145754977242e-10,true,
omega_continuation,0.63,omega_0p63_omega_star_0p25,omega_bar continuation = 0.63,0.63,0.25,100,60,100,parameter,false,ok,0.05248594284057617,true,5.887764788930355e-7,9.119926942369453e-10,true,
omega_continuation,0.64,omega_0p64_omega_star_0p25,omega_bar continuation = 0.64,0.64,0.25,100,60,100,parameter,false,ok,0.05554986000061035,true,6.965072423962453e-7,9.252823887545433e-10,true,
omega_continuation,0.65,omega_0p65_omega_star_0p25,omega_bar continuation = 0.65,0.65,0.25,100,60,100,parameter,false,ok,0.05251288414001465,true,6.51931220701083e-7,9.340781164515125e-10,true,
omega_continuation,0.66,omega_0p66_omega_star_0p25,omega_bar continuation = 0.66,0.66,0.25,100,60,100,parameter,false,ok,0.08461689949035645,true,7.081075595143684e-7,9.446444266976678e-10,true,
omega_continuation,0.67,omega_0p67_omega_star_0p25,omega_bar continuation = 0.67,0.67,0.25,100,60,100,parameter,false,ok,0.06302809715270996,true,7.542907281817727e-7,9.346900973102968e-10,true,
omega_continuation,0.68,omega_0p68_omega_star_0p25,omega_bar continuation = 0.68,0.68,0.25,100,60,100,parameter,false,ok,0.060719966888427734,true,6.718737734394178e-7,9.249575137158199e-10,true,
omega_continuation,0.69,omega_0p69_omega_star_0p25,omega_bar continuation = 0.69,0.69,0.25,100,60,100,parameter,false,ok,0.060324907302856445,true,7.025362392464059e-7,9.07735572465488e-10,true,
omega,0.7,omega_0p70_omega_star_0p25,omega_bar = 0.7,0.7,0.25,100,60,100,parameter,false,ok,0.059719085693359375,true,7.289933227720313e-7,8.826781896827361e-10,true,
