sweep_kind,sweep_value,case_id,label,pi,gamma,T_max,t,model_t,bound_status,bubble_share_upper,log10_bubble_share_upper,bubble_share_lower,log10_bubble_share_lower,a_t,dividend_yield_d_over_q,switch_term_raw,switch_contribution_weighted
gamma,0.05,pi_0p750_gamma_0p05,γ = 0.05,0.75,0.05,105,1,0,diagnostic_only_hkt_gate_failed,3.6398898221737293e-9,-8.438911762050438,1.1325080352573607e-17,-16.94595870794157,0.0,0.0,0.0,0.0
gamma,0.05,pi_0p750_gamma_0p05,γ = 0.05,0.75,0.05,105,2,1,diagnostic_only_hkt_gate_failed,4.785239227128085e-9,-8.32009634578168,1.4888697570837183e-17,-16.82714329167281,0.31466595444099343,0.034849792305660085,0.839448486406,0.27981616213533334
gamma,0.05,pi_0p750_gamma_0p05,γ = 0.05,0.75,0.05,105,3,2,diagnostic_only_hkt_gate_failed,6.294158873151752e-9,-8.201062299099581,1.958351996152956e-17,-16.708109244990716,0.3153279437879367,0.03454758494358246,0.8423410765330627,0.2807803588443542
gamma,0.05,pi_0p750_gamma_0p05,γ = 0.05,0.75,0.05,105,4,3,diagnostic_only_hkt_gate_failed,8.281720448744716e-9,-8.081879433289885,2.5767579273477603e-17,-16.588926379181018,0.31577874274370005,0.03425688596320869,0.8445655703414743,0.2815218567804914
gamma,0.05,pi_0p750_gamma_0p05,γ = 0.05,0.75,0.05,105,5,4,diagnostic_only_hkt_gate_failed,1.0899028591956982e-8,-7.962612208110084,3.391101945365935e-17,-16.469659154001217,0.31603435052060597,0.03397821199316855,0.8461684155823124,0.28205613852743744
gamma,0.05,pi_0p750_gamma_0p05,γ = 0.05,0.75,0.05,105,6,5,diagnostic_only_hkt_gate_failed,1.434431746208175e-8,-7.843320111726364,4.4630622298310733e-17,-16.350367057617497,0.3161097194173092,0.033711815036935364,0.8471937131411216,0.2823979043803738
gamma,0.05,pi_0p750_gamma_0p05,γ = 0.05,0.75,0.05,105,7,6,diagnostic_only_hkt_gate_failed,1.887739006182078e-8,-7.72405805029758,5.873473367095528e-17,-16.231104996188716,0.31601870299663215,0.0334577307008774,0.8476829168872643,0.2825609722957547
gamma,0.05,pi_0p750_gamma_0p05,γ = 0.05,0.75,0.05,105,8,7,diagnostic_only_hkt_gate_failed,2.483837992765398e-8,-7.604876734237215,7.728163825036973e-17,-16.11192368012835,0.3157740474881241,0.03321582097725988,0.8476746795325928,0.28255822651086426
gamma,0.05,pi_0p750_gamma_0p05,γ = 0.05,0.75,0.05,105,9,8,diagnostic_only_hkt_gate_failed,3.2672092461772464e-8,-7.485823050541373,1.0165529466364941e-16,-15.992869996432505,0.3153874188628859,0.03298581176764334,0.8472048212857277,0.28240160709524254
gamma,0.05,pi_0p750_gamma_0p05,γ = 0.05,0.75,0.05,105,10,9,diagnostic_only_hkt_gate_failed,4.2959536160809125e-8,-7.366940416412052,1.336634411202883e-16,-15.873987362303186,0.3148694474060191,0.032767324792086966,0.8463063678417964,0.2821021226139321
gamma,0.05,pi_0p750_gamma_0p05,γ = 0.05,0.75,0.05,105,11,10,diagnostic_only_hkt_gate_failed,5.6458702193907296e-8,-7.248269109123966,1.7566447617531983e-16,-15.755316055015099,0.3142297901580506,0.032559904778141094,0.8450096561397286,0.2816698853799095
gamma,0.05,pi_0p750_gamma_0p05,γ = 0.05,0.75,0.05,105,12,11,diagnostic_only_hkt_gate_failed,7.415721772821856e-8,-7.129846572660064,2.307312832325845e-16,-15.636893518551199,0.31347719388812467,0.032363041676126116,0.8433424566359956,0.28111415221199854
gamma,0.05,pi_0p750_gamma_0p05,γ = 0.05,0.75,0.05,105,13,12,diagnostic_only_hkt_gate_failed,9.734021502575555e-8,-7.011707698729496,3.0286239709451905e-16,-15.518754644620628,0.3126195670191009,0.03217618923481022,0.8413301333528718,0.28044337778429057
gamma,0.05,pi_0p750_gamma_0p05,γ = 0.05,0.75,0.05,105,14,13,diagnostic_only_hkt_gate_failed,1.2767766057627074e-7,-6.89388508345046,3.97253718078578e-16,-15.400932029341593,0.31166404905195905,0.031998779911241636,0.8389958074221522,0.2796652691407174
gamma,0.05,pi_0p750_gamma_0p05,γ = 0.05,0.75,0.05,105,15,14,diagnostic_only_hkt_gate_failed,1.6733652216095346e-7,-6.776409261417012,5.20647506374591e-16,-15.283456207308147,0.31061707589004406,0.03183023665701811,0.8363605176990777,0.2787868392330259
gamma,0.05,pi_0p750_gamma_0p05,γ = 0.05,0.75,0.05,105,16,15,diagnostic_only_hkt_gate_failed,2.1912457244440037e-7,-6.6593089182921865,6.817798096630755e-16,-15.166355864183322,0.30948444257515045,0.03166998222371248,0.8334433810543138,0.2778144603514379
gamma,0.05,pi_0p750_gamma_0p05,γ = 0.05,0.75,0.05,105,17,16,diagnostic_only_hkt_gate_failed,2.866744031702639e-7,-6.54261108298022,8.919530012011359e-16,-15.049658028871352,0.30827136350946377,0.03151744644340033,0.8302617511981903,0.27675391706606345
gamma,0.05,pi_0p750_gamma_0p05,γ = 0.05,0.75,0.05,105,18,17,diagnostic_only_hkt_gate_failed,3.746784358347113e-7,-6.42634130148183,1.1657669873289313e-15,-14.933388247372962,0.30698252683613125,0.03137207166002584,0.8268313655283162,0.2756104551761054
gamma,0.05,pi_0p750_gamma_0p05,γ = 0.05,0.75,0.05,105,19,18,diagnostic_only_hkt_gate_failed,4.891884622400488e-7,-6.310523794572323,1.522051191953919e-15,-14.817570740463458,0.3056221427588461,0.03123331662756027,0.8231664783938575,0.2743888261312858
gamma,0.05,pi_0p750_gamma_0p05,γ = 0.05,0.75,0.05,105,20,19,diagnostic_only_hkt_gate_failed,6.379966516683692e-7,-6.195181600535525,1.9850500146463834e-15,-14.702228546426658,0.30419398844141,0.031100659304917462,0.8192799874094777,0.27309332913649254
gamma,0.05,pi_0p750_gamma_0p05,γ = 0.05,0.75,0.05,105,21,20,diagnostic_only_hkt_gate_failed,8.311191631233965e-7,-6.080336704041698,2.5859275320908134e-15,-14.587383649932832,0.3027014498430511,0.03097359877699064,0.8151835531981815,0.27172785106606046
gamma,0.05,pi_0p750_gamma_0p05,γ = 0.05,0.75,0.05,105,22,21,diagnostic_only_hkt_gate_failed,1.0814086687768838e-6,-5.966010153359547,3.3646732912794418e-15,-14.473057099250681,0.3011475571239206,0.030851656268334565,0.8108877025667581,0.270295900855586
gamma,0.05,pi_0p750_gamma_0p05,γ = 0.05,0.75,0.05,105,23,22,diagnostic_only_hkt_gate_failed,1.4053284351127852e-6,-5.85222216622997,4.372510770093645e-15,-14.359269112121101,0.2995350191729715,0.03073437573430099,0.8064019303160116,0.2688006434386705
gamma,0.05,pi_0p750_gamma_0p05,γ = 0.05,0.75,0.05,105,24,23,diagnostic_only_hkt_gate_failed,1.823928346862616e-6,-5.73899222695794,5.674934158644423e-15,-14.246039172849073,0.2978662505439415,0.030621323725221427,0.8017347804561603,0.2672449268187201
gamma,0.05,pi_0p750_gamma_0p05,γ = 0.05,0.75,0.05,105,25,24,diagnostic_only_hkt_gate_failed,2.364072689011227e-6,-5.626339174173547,7.355528455635512e-15,-14.13338612006468,0.29614340008352025,0.030512089189069704,0.7968939326833516,0.2656313108944505
gamma,0.05,pi_0p750_gamma_0p05,γ = 0.05,0.75,0.05,105,26,25,diagnostic_only_hkt_gate_failed,3.0599809225534064e-6,-5.514281281118293,9.520763407218743e-15,-14.021328227009427,0.29436837402543875,0.03040628282430597,0.7918862736033985,0.2639620912011328
gamma,0.05,pi_0p750_gamma_0p05,γ = 0.05,0.75,0.05,105,27,26,diagnostic_only_hkt_gate_failed,3.955156481815984e-6,-5.402836329398968,1.2305994728383963e-14,-13.909883275290102,0.29254285628539023,0.03030353621400242,0.7867179602141637,0.2622393200713879
gamma,0.05,pi_0p750_gamma_0p05,γ = 0.05,0.75,0.05,105,28,27,diagnostic_only_hkt_gate_failed,5.104795204965814e-6,-5.292021676326792,1.5882957645444625e-14,-13.799068622217925,0.29066832840504464,0.03020350093137783,0.7813944824210008,0.26046482747366695
gamma,0.05,pi_0p750_gamma_0p05,γ = 0.05,0.75,0.05,105,29,28,diagnostic_only_hkt_gate_failed,6.578784847046439e-6,-5.181854316561989,2.0469099520875145e-14,-13.688901262453122,0.28874608733505347,0.03010584753002689,0.7759207194150798,0.2586402398050266
gamma,0.05,pi_0p750_gamma_0p05,γ = 0.05,0.75,0.05,105,30,29,diagnostic_only_hkt_gate_failed,8.465430737005072e-6,-5.072350939274452,2.6339171788028038e-14,-13.579397885165587,0.286777259603746,0.030010264353065686,0.7703009857520409,0.25676699525068025
gamma,0.05,pi_0p750_gamma_0p05,γ = 0.05,0.75,0.05,105,31,30,diagnostic_only_hkt_gate_failed,1.0876070621821226e-5,-4.963527981061763,3.383958848480542e-14,-13.470574926952898,0.28476281475890897,0.029916456362180387,0.7645390751901857,0.25484635839672853
gamma,0.05,pi_0p750_gamma_0p05,γ = 0.05,0.75,0.05,105,32,31,diagnostic_only_hkt_gate_failed,1.3950774714524298e-5,-4.855401674476348,4.340616126899318e-14,-13.362448620367482,0.28270357922594963,0.029824144063256265,0.7586383054880802,0.2528794351626934
gamma,0.05,pi_0p750_gamma_0p05,γ = 0.05,0.75,0.05,105,33,32,diagnostic_only_hkt_gate_failed,1.7865365556860165e-5,-4.747988092940246,5.5585940878483284e-14,-13.25503503883138,0.2806002478314239,0.02973306235922566,0.7526015564165948,0.2508671854721982
gamma,0.05,pi_0p750_gamma_0p05,γ = 0.05,0.75,0.05,105,34,33,diagnostic_only_hkt_gate_failed,2.2840037208712756e-5,-4.641303192916317,7.106403470475639e-14,-13.148350138807452,0.2784533927402539,0.029642959323390575,0.74643130025059,0.24881043341686332
gamma,0.05,pi_0p750_gamma_0p05,γ = 0.05,0.75,0.05,105,35,34,diagnostic_only_hkt_gate_failed,2.9149905241650874e-5,-4.53536285267495,9.069643183167925e-14,-13.042409798566084,0.2762634743226728,0.0295535951794467,0.7401296374296783,0.2467098791432261
gamma,0.05,pi_0p750_gamma_0p05,γ = 0.05,0.75,0.05,105,36,35,diagnostic_only_hkt_gate_failed,3.713787849743092e-5,-4.430182908974667,1.1555005196732726e-13,-12.937229854865802,0.2740308481128923,0.029464741114833052,0.7336983209941778,0.24456610699805925
gamma,0.05,pi_0p750_gamma_0p05,γ = 0.05,0.75,0.05,105,37,36,diagnostic_only_hkt_gate_failed,4.723031147801184e-5,-4.325779190295929,1.4695144597704662e-13,-12.832826136187062,0.27175577574467785,0.029376178376928228,0.7271387921032488,0.2423795973677496
gamma,0.05,pi_0p750_gamma_0p05,γ = 0.05,0.75,0.05,105,38,37,diagnostic_only_hkt_gate_failed,5.995597231828596e-5,-4.222167549584519,1.865458124542259e-13,-12.729214495475654,0.26943842718883104,0.02928769715094445,0.7204521901136599,0.24015073003788662
gamma,0.05,pi_0p750_gamma_0p05,γ = 0.05,0.75,0.05,105,39,38,diagnostic_only_hkt_gate_failed,7.596894713409006e-5,-4.119363892511385,2.3636826185035024e-13,-12.626410838402519,0.2670788946728541,0.0291990957222127,0.7136393968519243,0.23787979895064143
gamma,0.05,pi_0p750_gamma_0p05,γ = 0.05,0.75,0.05,105,40,39,diagnostic_only_hkt_gate_failed,9.607619490925847e-5,-4.0173842054660565,2.989295501991551e-13,-12.52443115135719,0.26467719421828906,0.029110179460463556,0.7067010442734766,0.23556701475782552
gamma,0.05,pi_0p750_gamma_0p05,γ = 0.05,0.75,0.05,105,41,40,diagnostic_only_hkt_gate_failed,0.00012127056997968519,-3.916244581212455,3.7731882461270396e-13,-12.423291527103588,0.26223327322883844,0.029020759978108598,0.6996375397521896,0.23321251325072984
gamma,0.05,pi_0p750_gamma_0p05,γ = 0.05,0.75,0.05,105,42,41,diagnostic_only_hkt_gate_failed,0.00015277023869320278,-3.81596124281672,4.75326263488146e-13,-12.323008188707854,0.25974701626944113,0.02893065428674938,0.6924490859480751,0.23081636198269168
gamma,0.05,pi_0p750_gamma_0p05,γ = 0.05,0.75,0.05,105,43,42,diagnostic_only_hkt_gate_failed,0.0001920655323939674,-3.7165505655609095,5.975888539457267e-13,-12.223597511452043,0.2572182516496447,0.028839684058581762,0.6851357027731887,0.2283785675910629
gamma,0.05,pi_0p750_gamma_0p05,γ = 0.05,0.75,0.05,105,44,43,diagnostic_only_hkt_gate_failed,0.0002409743973086846,-3.618029097251781,7.497629174951424e-13,-12.125076043142915,0.2546467567871305,0.02874767485428178,0.6776972457985463,0.22589908193284874
gamma,0.05,pi_0p750_gamma_0p05,γ = 0.05,0.75,0.05,105,45,44,diagnostic_only_hkt_gate_failed,0.0003017077199274819,-3.5204135771998475,9.387273621183295e-13,-12.027460523090982,0.2520322627511296,0.028654455340529832,0.6701334222317995,0.22337780741059982
gamma,0.05,pi_0p750_gamma_0p05,γ = 0.05,0.75,0.05,105,46,45,diagnostic_only_hkt_gate_failed,0.00037694592010516426,-3.423720952936443,1.1728219925119523e-12,-11.930767898827577,0.2493744614680948,0.02855985672279787,0.6624438142358908,0.22081460474529693
gamma,0.05,pi_0p750_gamma_0p05,γ = 0.05,0.75,0.05,105,47,46,diagnostic_only_hkt_gate_failed,0.0004699283050950554,-3.327968395418904,1.4621255244401774e-12,-11.835015341310038,0.24667301071716022,0.02846371206028962,0.6546278959706119,0.2182092986568706
gamma,0.05,pi_0p750_gamma_0p05,γ = 0.05,0.75,0.05,105,48,47,diagnostic_only_hkt_gate_failed,0.0005845567601536484,-3.2331733126891353,1.8187782056069586e-12,-11.740220258580269,0.24392753919218943,0.028365855613887585,0.6466850507349055,0.2155616835783018
gamma,0.05,pi_0p750_gamma_0p05,γ = 0.05,0.75,0.05,105,49,48,diagnostic_only_hkt_gate_failed,0.0007255154055814863,-3.139353361326871,2.2573541141785145e-12,-11.646400307218004,0.24113765340903304,0.02826612234315047,0.6386145931976478,0.21287153106588258
gamma,0.05,pi_0p750_gamma_0p05,γ = 0.05,0.75,0.05,105,50,49,diagnostic_only_hkt_gate_failed,0.0008984078624739205,-3.046526455974007,2.79528824469331e-12,-11.55357340186514,0.2383029437588086,0.02816434736121264,0.630415789192788,0.21013859639759597
gamma,0.05,pi_0p750_gamma_0p05,γ = 0.05,0.75,0.05,105,51,50,diagnostic_only_hkt_gate_failed,0.0011099137284063525,-2.954710776828802,3.4533633633777962e-12,-11.461757722719936,0.23542299078952156,0.028060365419615426,0.6220878761097184,0.20736262536990613
gamma,0.05,pi_0p750_gamma_0p05,γ = 0.05,0.75,0.05,105,52,51,diagnostic_only_hkt_gate_failed,0.0013679657533684788,-2.863924774917996,4.256261269802647e-12,-11.37097172080913,0.23249737196479717,0.027954010437093856,0.6136300845831101,0.20454336152770336
gamma,0.05,pi_0p750_gamma_0p05,γ = 0.05,0.75,0.05,105,53,52,diagnostic_only_hkt_gate_failed,0.001681949007018506,-2.7741871751886316,5.233182481891846e-12,-11.281234121079764,0.2295256682244236,0.02784511502163761,0.6050416596083579,0.20168055320278594
gamma,0.05,pi_0p750_gamma_0p05,γ = 0.05,0.75,0.05,105,54,53,diagnostic_only_hkt_gate_failed,0.002062923025408978,-2.6855169767111944,6.418537418799885e-12,-11.192563922602329,0.22650747246243913,0.027733510131829564,0.5963218869918286,0.19877396233060954
gamma,0.05,pi_0p750_gamma_0p05,γ = 0.05,0.75,0.05,105,55,54,diagnostic_only_hkt_gate_failed,0.002523867493259279,-2.5979334499258955,7.852710811817978e-12,-11.10498039581703,0.22344239807925836,0.027619024742705042,0.58747012000966,0.19582337333655334
gamma,0.05,pi_0p750_gamma_0p05,γ = 0.05,0.75,0.05,105,56,55,diagnostic_only_hkt_gate_failed,0.003079951436511785,-2.5114561312337207,9.582899264706264e-12,-11.018503077124855,0.2203300865587003,0.027501485440698456,0.5784858033540056,0.19282860111800185
gamma,0.05,pi_0p750_gamma_0p05,γ = 0.05,0.75,0.05,105,57,56,diagnostic_only_hkt_gate_failed,0.0037488251574987544,-2.4261048142874913,1.1664019574929986e-11,-10.933151760178625,0.21717021673059406,0.027380716140043945,0.5693685017716503,0.1897895005905501
gamma,0.05,pi_0p750_gamma_0p05,γ = 0.05,0.75,0.05,105,58,57,diagnostic_only_hkt_gate_failed,0.004550933218556714,-2.3418995373842044,1.4159682544613891e-11,-10.84894648327534,0.21396251555064086,0.02725653790684524,0.5601179329313869,0.18670597764379562
gamma,0.05,pi_0p750_gamma_0p05,γ = 0.05,0.75,0.05,105,59,58,diagnostic_only_hkt_gate_failed,0.0055098456509083535,-2.2588605670098643,1.7143223497229573e-11,-10.765907512900997,0.21070676854619994,0.027128768754614153,0.5507339993747574,0.1835779997915858
gamma,0.05,pi_0p750_gamma_0p05,γ = 0.05,0.75,0.05,105,60,59,diagnostic_only_hkt_gate_failed,0.006652603237882899,-2.177008377160643,2.069877658489721e-11,-10.684055323051776,0.20740283110946167,0.02699722350193924,0.5412168228225673,0.18040560760752244
gamma,0.05,pi_0p750_gamma_0p05,γ = 0.05,0.75,0.05,105,61,60,diagnostic_only_hkt_gate_failed,0.008010071190181383,-2.096363624069876,2.49223752065288e-11,-10.60341056996101,0.20405064059261077,0.02686171369232323,0.5315667807008627,0.17718892690028756
gamma,0.05,pi_0p750_gamma_0p05,γ = 0.05,0.75,0.05,105,62,61,diagnostic_only_hkt_gate_failed,0.00961729380671732,-2.0169471161274446,2.992305549247025e-11,-10.523994062018579,0.20065022874029415,0.026722047545147256,0.5217845435854407,0.17392818119514689
gamma,0.05,pi_0p750_gamma_0p05,γ = 0.05,0.75,0.05,105,63,62,diagnostic_only_hkt_gate_failed,0.01151384085077778,-1.938779777843078,3.582393401235733e-11,-10.445826723734212,0.19720173701418936,0.02657803013974403,0.5118711206233361,0.17062370687444534
gamma,0.05,pi_0p750_gamma_0p05,γ = 0.05,0.75,0.05,105,64,63,diagnostic_only_hkt_gate_failed,0.013744134343277488,-1.8618826084416056,4.276322455310704e-11,-10.36892955433274,0.19370542996076257,0.02642946346532582,0.5018278994863102,0.16727596649543675
gamma,0.05,pi_0p750_gamma_0p05,γ = 0.05,0.75,0.05,105,65,64,diagnostic_only_hkt_gate_failed,0.016357742438145015,-1.7862766343022065,5.089515247691302e-11,-10.29332358019334,0.19016171041327834,0.026276146643427742,0.4916566913095517,0.16388556376985056
gamma,0.05,pi_0p750_gamma_0p05,γ = 0.05,0.75,0.05,105,66,65,diagnostic_only_hkt_gate_failed,0.019409625036997082,-1.7119828544074136,6.039071892182796e-11,-10.219029800298548,0.18657113659738944,0.026117876342226357,0.48135978076548935,0.1604532602551631
gamma,0.05,pi_0p750_gamma_0p05,γ = 0.05,0.75,0.05,105,67,66,diagnostic_only_hkt_gate_failed,0.022960313891353556,-1.6390221789765493,7.143826116819218e-11,-10.146069124867683,0.18293443833090225,0.02595444717245246,0.4709399734753494,0.1569799911584498
gamma,0.05,pi_0p750_gamma_0p05,γ = 0.05,0.75,0.05,105,68,67,diagnostic_only_hkt_gate_failed,0.027076008345670217,-1.5674153607116543,8.424375053158782e-11,-10.074462306602788,0.17925253434216162,0.02578565224633744,0.4604006462874726,0.1534668820958242
gamma,0.05,pi_0p750_gamma_0p05,γ = 0.05,0.75,0.05,105,69,68,diagnostic_only_hkt_gate_failed,0.031828566691539106,-1.4971829181484275,9.903076546247286e-11,-10.00422986403956,0.17552655048685878,0.025611283904254056,0.44974579974781426,0.14991526658260473
gamma,0.05,pi_0p750_gamma_0p05,γ = 0.05,0.75,0.05,105,70,69,diagnostic_only_hkt_gate_failed,0.03729537245748791,-1.4283450513241165,1.1604007552293736e-10,-9.93539199721525,0.1717578368806038,0.025431134468573965,0.43898010723608943,0.1463267024120298
gamma,0.05,pi_0p750_gamma_0p05,γ = 0.05,0.75,0.05,105,71,70,diagnostic_only_hkt_gate_failed,0.04355905518152244,-1.3609215488864486,1.3552877260398126e-10,-9.867968494777582,0.16794798687623644,0.02524499729868938,0.42810896873264137,0.14270298957754712
gamma,0.05,pi_0p750_gamma_0p05,γ = 0.05,0.75,0.05,105,72,71,diagnostic_only_hkt_gate_failed,0.05070704626390444,-1.2949316868027185,1.5776888901473342e-10,-9.801978632693853,0.16409885505078947,0.025052667938928182,0.4171385613355839,0.13904618711186129
gamma,0.05,pi_0p750_gamma_0p05,γ = 0.05,0.75,0.05,105,73,72,diagnostic_only_hkt_gate_failed,0.058830952621871505,-1.2303941192298824,1.8304544868428326e-10,-9.737441065121017,0.1602125731340425,0.024853945298211184,0.4060758835074941,0.13535862783583136
gamma,0.05,pi_0p750_gamma_0p05,γ = 0.05,0.75,0.05,105,74,73,diagnostic_only_hkt_gate_failed,0.06802573444472704,-1.1673267606313307,2.1165390884532063e-10,-9.674373706522465,0.15629156784106185,0.02464863325013685,0.3949288037727751,0.13164293459092502
gamma,0.05,pi_0p750_gamma_0p05,γ = 0.05,0.75,0.05,105,75,74,diagnostic_only_hkt_gate_failed,0.07838867792252266,-1.1057466601581263,2.438969638027165e-10,-9.61279360604926,0.1523385754286246,0.024436542233985958,0.383706099583916,0.12790203319463866
gamma,0.05,pi_0p750_gamma_0p05,γ = 0.05,0.75,0.05,105,76,75,diagnostic_only_hkt_gate_failed,0.09001815993097935,-1.0456698687580097,2.8008070139890805e-10,-9.552716814649143,0.1483566545152217,0.024217491033841743,0.37241749044413996,0.12413916348137999
gamma,0.05,pi_0p750_gamma_0p05,γ = 0.05,0.75,0.05,105,77,76,diagnostic_only_hkt_gate_failed,0.10301220907100149,-0.9871112993925476,3.205101258610354e-10,-9.494158245283682,0.14434919742844382,0.023991308807485442,0.36107366586287526,0.12035788862095842
gamma,0.05,pi_0p750_gamma_0p05,γ = 0.05,0.75,0.05,105,78,77,diagnostic_only_hkt_gate_failed,0.11746687585688934,-0.9300845815680873,3.6548408683716567e-10,-9.437131527459222,0.14031993795924652,0.023757837210342126,0.34968630224671327,0.11656210074890441
gamma,0.05,pi_0p750_gamma_0p05,γ = 0.05,0.75,0.05,105,79,78,diagnostic_only_hkt_gate_failed,0.13347443430449044,-0.8746019111065686,4.1528968385365414e-10,-9.381648856997703,0.13627295636178507,0.02351693273530587,0.3382680708794377,0.11275602362647924
gamma,0.05,pi_0p750_gamma_0p05,γ = 0.05,0.75,0.05,105,80,79,diagnostic_only_hkt_gate_failed,0.15112144691078427,-0.8206738969181366,4.701962457313436e-10,-9.32772084280927,0.13221267951611143,0.023268469105443078,0.3268326312320052,0.10894421041066839
gamma,0.05,pi_0p750_gamma_0p05,γ = 0.05,0.75,0.05,105,81,80,diagnostic_only_hkt_gate_failed,0.1704867350117799,-0.7683094063213313,5.304490155977515e-10,-9.275356352212466,0.12814387697351848,0.02301233982104316,0.3153946114574259,0.10513153715247531
gamma,0.05,pi_0p750_gamma_0p05,γ = 0.05,0.75,0.05,105,82,81,diagnostic_only_hkt_gate_failed,0.19163930582319072,-0.7175154109599147,5.962627011229014e-10,-9.224562356851047,0.12407165173260701,0.022748460770544203,0.3039695728861884,0.1013231909620628
gamma,0.05,pi_0p750_gamma_0p05,γ = 0.05,0.75,0.05,105,83,82,diagnostic_only_hkt_gate_failed,0.21463629568618967,-0.6682968355696687,6.678150751753241e-10,-9.175343781460802,0.12000142540808588,0.022476772881871474,0.29257395757864324,0.09752465252621441
gamma,0.05,pi_0p750_gamma_0p05,γ = 0.05,0.75,0.05,105,84,83,diagnostic_only_hkt_gate_failed,0.23952099544605,-0.6206564120752204,7.452408320246862e-10,-9.127703357966354,0.11593891741517537,0.022197244772656395,0.281225017927557,0.093741672642519
gamma,0.05,pi_0p750_gamma_0p05,γ = 0.05,0.75,0.05,105,85,84,diagnostic_only_hkt_gate_failed,0.26632102787357487,-0.5745945416762606,8.286259166072852e-10,-9.081641487567394,0.11189011793148346,0.021909875354448723,0.2699407277311042,0.08998024257703474
gamma,0.05,pi_0p750_gamma_0p05,γ = 0.05,0.75,0.05,105,86,85,diagnostic_only_hkt_gate_failed,0.29504674807062947,-0.5301091676806814,9.180025475798427e-10,-9.037156113571815,0.1078612546159555,0.02161469635017695,0.25873967479733573,0.08624655826577857
gamma,0.05,pi_0p750_gamma_0p05,γ = 0.05,0.75,0.05,105,87,86,diagnostic_only_hkt_gate_failed,0.3256899354546422,-0.48719566189581925,1.0133451475862511e-9,-8.994242607786953,0.10385875317858861,0.02131177467542802,0.24764093550948177,0.08254697850316059
gamma,0.05,pi_0p750_gamma_0p05,γ = 0.05,0.75,0.05,105,88,87,diagnostic_only_hkt_gate_failed,0.35822284008411087,-0.44584672723555324,1.1145673760138488e-9,-8.952893673126686,0.09988919241257732,0.02100121467342863,0.23666393321744614,0.07888797773914871
gamma,0.05,pi_0p750_gamma_0p05,γ = 0.05,0.75,0.05,105,89,88,diagnostic_only_hkt_gate_failed,0.3925976362926365,-0.4060523194791482,1.2215204290412613e-9,-8.913099265370283,0.09595925318568306,0.020683160035604813,0.22582827945023481,0.07527609315007827
gamma,0.05,pi_0p750_gamma_0p05,γ = 0.05,0.75,0.05,105,90,89,diagnostic_only_hkt_gate_failed,0.4287463246000703,-0.3677995898943624,1.333992734446741e-9,-8.874846535785498,0.0920756646646979,0.020357795685507066,0.21515360693757252,0.07171786897919083
gamma,0.05,pi_0p750_gamma_0p05,γ = 0.05,0.75,0.05,105,91,90,diagnostic_only_hkt_gate_failed,0.4665811064658786,-0.33107285131968245,1.4517111176082637e-9,-8.838119797210817,0.08824514566066571,0.02002534923042601,0.2046593892907192,0.06821979643023973
gamma,0.05,pi_0p750_gamma_0p05,γ = 0.05,0.75,0.05,105,92,91,diagnostic_only_hkt_gate_failed,0.5059952392247332,-0.2958535693027988,1.5743434615330218e-9,-8.802900515193933,0.0844743437157094,0.019686092146136664,0.19436475470871828,0.06478825156957276
gamma,0.05,pi_0p750_gamma_0p05,γ = 0.05,0.75,0.05,105,93,92,diagnostic_only_hkt_gate_failed,0.5468643594626619,-0.2621203797759797,1.7015028243834947e-9,-8.769167325667114,0.08076977226217943,0.019340340581689396,0.1842882950414701,0.06142943168049003
gamma,0.05,pi_0p750_gamma_0p05,γ = 0.05,0.75,0.05,105,94,93,diagnostic_only_hkt_gate_failed,0.5890482431763641,-0.22984913494586137,1.8327529160019258e-9,-8.736896080836996,0.0771377453728218,0.018988455532909405,0.17444786951973718,0.05814928983991239
gamma,0.05,pi_0p750_gamma_0p05,γ = 0.05,0.75,0.05,105,95,94,diagnostic_only_hkt_gate_failed,0.6323929511664533,-0.19901297948393673,1.9676147730439183e-9,-8.70605992537507,0.07358430908198402,0.018630842015312874,0.16486040120001347,0.054953467066671154
gamma,0.05,pi_0p750_gamma_0p05,γ = 0.05,0.75,0.05,105,96,95,diagnostic_only_hkt_gate_failed,0.6767332880916606,-0.16958246031429353,2.1055744100304814e-9,-8.676629406205427,0.0701151662797968,0.018267946495798076,0.15554165935199624,0.05184721978399874
gamma,0.05,pi_0p750_gamma_0p05,γ = 0.05,0.75,0.05,105,97,96,diagnostic_only_hkt_gate_failed,0.7218954841897333,-0.14152567490312193,2.2460911632007512e-9,-8.648572620794255,0.06673559124810724,0.01790025152349861,0.1465060191738259,0.048835339724608635
gamma,0.05,pi_0p750_gamma_0p05,γ = 0.05,0.75,0.05,105,98,97,diagnostic_only_hkt_gate_failed,0.767699989582247,-0.11480846528656441,2.388606384656081e-9,-8.621855411177698,0.06345032819248828,0.0175282659371371,0.1377661867660536,0.0459220622553512
gamma,0.05,pi_0p750_gamma_0p05,γ = 0.05,0.75,0.05,105,99,98,diagnostic_only_hkt_gate_failed,0.8139642537249341,-0.08939466728634157,2.532552090286181e-9,-8.596441613177475,0.06026346850396887,0.017152508608787777,0.1293328796855433,0.0431109598951811
gamma,0.05,pi_0p750_gamma_0p05,γ = 0.05,0.75,0.05,105,100,99,diagnostic_only_hkt_gate_failed,0.860505348726166,-0.06524642584189483,2.6773591219097253e-9,-8.572293371733029,0.05717830333242101,0.016773483364962552,0.1212144599023754,0.04040481996745846
gamma,0.05,pi_0p750_gamma_0p05,γ = 0.05,0.75,0.05,105,101,100,diagnostic_only_hkt_gate_failed,0.9071422871001737,-0.04232458763020043,2.822464358685339e-9,-8.549371533521334,0.05419715106134538,0.01639164254861438,0.11341652553819301,0.037805508512731
gamma,0.05,pi_0p750_gamma_0p05,γ = 0.05,0.75,0.05,105,102,101,diagnostic_only_hkt_gate_failed,0.9536978823117794,-0.020589181716335007,2.967316505973261e-9,-8.527636127607469,0.051321160829607165,0.016007336350377915,0.10594147343768776,0.03531382447922925
gamma,0.05,pi_0p750_gamma_0p05,γ = 0.05,0.75,0.05,105,103,102,diagnostic_only_hkt_gate_failed,1.0,0.0,3.1113799883674253e-9,-8.507046945891133,0.04855008965311264,0.015620743907997442,0.09878803723534561,0.032929345745115204
gamma,0.05,pi_0p750_gamma_0p05,γ = 0.05,0.75,0.05,105,104,103,diagnostic_only_hkt_gate_failed,,,,,0.045882039919666225,0.015231779523147916,0.09195078118955495,0.030650260396518317
gamma,0.05,pi_0p750_gamma_0p05,γ = 0.05,0.75,0.05,105,105,104,diagnostic_only_hkt_gate_failed,,,,,0.043313128707506025,0.014839962850821538,0.08541949757005349,0.028473165856684496
gamma,0.25,pi_0p750_gamma_0p25,γ = 0.25 (AHP),0.75,0.25,105,1,0,diagnostic_only_hkt_gate_failed,9.33036065774244e-10,-9.030101568617901,2.123558965115186e-17,-16.67293567539917,0.0,0.0,0.0,0.0
gamma,0.25,pi_0p750_gamma_0p25,γ = 0.25 (AHP),0.75,0.25,105,2,1,diagnostic_only_hkt_gate_failed,1.234891643447884e-9,-8.908371148248202,2.8105721917764256e-17,-16.551205255029473,0.3235197317085033,0.034865995968722786,0.8659612072193416,0.2886537357397805
gamma,0.25,pi_0p750_gamma_0p25,γ = 0.25 (AHP),0.75,0.25,105,3,2,diagnostic_only_hkt_gate_failed,1.6350381912824869e-9,-8.786472098618662,3.721292388116254e-17,-16.429306205399932,0.32403373199398483,0.034562187797476475,0.8684146325895251,0.28947154419650833
gamma,0.25,pi_0p750_gamma_0p25,γ = 0.25 (AHP),0.75,0.25,105,4,3,diagnostic_only_hkt_gate_failed,2.165395135824883e-9,-8.664462843121079,4.928367104311205e-17,-16.307296949902348,0.324369759293757,0.03427010308532147,0.8702989686253068,0.2900996562084356
gamma,0.25,pi_0p750_gamma_0p25,γ = 0.25 (AHP),0.75,0.25,105,5,4,diagnostic_only_hkt_gate_failed,2.86815473565808e-9,-8.542397422380214,6.527824513610994e-17,-16.185231529161484,0.3245410448220503,0.03399023661653238,0.871652424616554,0.290550808205518
gamma,0.25,pi_0p750_gamma_0p25,γ = 0.25 (AHP),0.75,0.25,105,6,5,diagnostic_only_hkt_gate_failed,3.799042946677369e-9,-8.420325796890245,8.646495032943708e-17,-16.063159903671515,0.324559968625856,0.033722820911364935,0.8725114431434734,0.2908371477144911
gamma,0.25,pi_0p750_gamma_0p25,γ = 0.25 (AHP),0.75,0.25,105,7,6,diagnostic_only_hkt_gate_failed,5.0315968674855994e-9,-8.298294161926846,1.1451746645964908e-16,-15.941128268708116,0.3244380066527584,0.03346787422176101,0.8729103972929924,0.29097013243099745
gamma,0.25,pi_0p750_gamma_0p25,γ = 0.25 (AHP),0.75,0.25,105,8,7,diagnostic_only_hkt_gate_failed,6.6627686943052095e-9,-8.176345263503672,1.51642393175228e-16,-15.819179370284942,0.3241857147499867,0.03322524296625451,0.8728814153511965,0.29096047178373213
gamma,0.25,pi_0p750_gamma_0p25,γ = 0.25 (AHP),0.75,0.25,105,9,8,diagnostic_only_hkt_gate_failed,8.820258149357151e-9,-8.054518703847696,2.007461335608173e-16,-15.697352810628967,0.323812750230395,0.0329946392316548,0.8724543329962205,0.29081811099874016
gamma,0.25,pi_0p750_gamma_0p25,γ = 0.25 (AHP),0.75,0.25,105,10,9,diagnostic_only_hkt_gate_failed,1.1672093730897044e-8,-7.932851233567661,2.656529601923068e-16,-15.57568534034893,0.3233279041552487,0.032775672363240735,0.871656695376024,0.29055223179200795
gamma,0.25,pi_0p750_gamma_0p25,γ = 0.25 (AHP),0.75,0.25,105,11,10,diagnostic_only_hkt_gate_failed,1.543913539594247e-8,-7.811377024161225,3.513895720255421e-16,-15.454211130942497,0.3227391547648151,0.03256787612739076,0.8705138359122729,0.2901712786374243
gamma,0.25,pi_0p750_gamma_0p25,γ = 0.25 (AHP),0.75,0.25,105,12,11,diagnostic_only_hkt_gate_failed,2.0411366366287276e-8,-7.6901279220121666,4.645558904672313e-16,-15.332962028793439,0.32205371886637857,0.03237073078159609,0.8690489642543475,0.2896829880847825
gamma,0.25,pi_0p750_gamma_0p25,γ = 0.25 (AHP),0.75,0.25,105,13,12,diagnostic_only_hkt_gate_failed,2.6969091619274282e-8,-7.569133681332814,6.13807529954363e-16,-15.211967788114084,0.3212781121707826,0.032183681513719704,0.8672832919711888,0.2890944306570629
gamma,0.25,pi_0p750_gamma_0p25,γ = 0.25 (AHP),0.75,0.25,105,14,13,diagnostic_only_hkt_gate_failed,3.5610479613337374e-8,-7.448422177069268,8.104826384412348e-16,-15.091256283850537,0.3204182074819038,0.03200615324286419,0.8652361627171189,0.2884120542390396
gamma,0.25,pi_0p750_gamma_0p25,γ = 0.25 (AHP),0.75,0.25,105,15,14,diagnostic_only_hkt_gate_failed,4.698729034442109e-8,-7.328019599079974,1.0694150560468003e-15,-14.970853705861247,0.3194792896533371,0.031837562326711304,0.8629251819798777,0.28764172732662585
gamma,0.25,pi_0p750_gamma_0p25,γ = 0.25 (AHP),0.75,0.25,105,16,15,diagnostic_only_hkt_gate_failed,6.195114984158933e-8,-7.207950628509499,1.4099875071402878e-15,-14.85078473529077,0.3184661083344406,0.03167732578160017,0.8603663476585214,0.28678878255284046
gamma,0.25,pi_0p750_gamma_0p25,γ = 0.25 (AHP),0.75,0.25,105,17,16,diagnostic_only_hkt_gate_failed,8.161338720095541e-8,-7.088238597243231,1.857493471275303e-15,-14.731072704024502,0.31738292847901894,0.031524868465202,0.8575741800414508,0.2858580600138169
gamma,0.25,pi_0p750_gamma_0p25,γ = 0.25 (AHP),0.75,0.25,105,18,17,diagnostic_only_hkt_gate_failed,1.0742228047978129e-7,-6.96890563217582,2.444895273974884e-15,-14.61173973895709,0.3162335759362275,0.03137962843448771,0.8545618425052192,0.2848539475017397
gamma,0.25,pi_0p750_gamma_0p25,γ = 0.25 (AHP),0.75,0.25,105,19,18,diagnostic_only_hkt_gate_failed,1.4126260601305787e-7,-6.849972786144803,3.215089795973069e-15,-14.492806892926072,0.3150214776872673,0.031241060776484843,0.8513412507323473,0.28378041691078243
gamma,0.25,pi_0p750_gamma_0p25,γ = 0.25 (AHP),0.75,0.25,105,20,19,diagnostic_only_hkt_gate_failed,1.855837063741813e-7,-6.731460156039618,4.2238232572839364e-15,-14.374294262820888,0.3137497007313214,0.031108640425849286,0.8479231809164164,0.2826410603054721
gamma,0.25,pi_0p750_gamma_0p25,γ = 0.25 (AHP),0.75,0.25,105,21,20,diagnostic_only_hkt_gate_failed,2.435639505951656e-7,-6.613386990325488,5.543434276959438e-15,-14.25622109710676,0.31242098432974574,0.030981863857622433,0.8443173614163699,0.28143912047212327
gamma,0.25,pi_0p750_gamma_0p25,γ = 0.25 (AHP),0.75,0.25,105,22,21,diagnostic_only_hkt_gate_failed,3.1932153921876384e-7,-6.495771785975568,7.267651725763562e-15,-14.13860589275684,0.31103777237345476,0.03086025024771267,0.8405325663772261,0.280177522125742
gamma,0.25,pi_0p750_gamma_0p25,γ = 0.25 (AHP),0.75,0.25,105,23,22,diagnostic_only_hkt_gate_failed,4.181842027683104e-7,-6.378632377018427,9.517732973390327e-15,-14.021466483799697,0.3096022391455938,0.030743341826944028,0.8365766919559495,0.2788588973186498
gamma,0.25,pi_0p750_gamma_0p25,γ = 0.25 (AHP),0.75,0.25,105,24,23,diagnostic_only_hkt_gate_failed,5.470335786988541e-7,-6.261986014441641,1.245030179300767e-14,-13.904820121222912,0.3081163159143324,0.03063070400006513,0.832456835742802,0.27748561191426735
gamma,0.25,pi_0p750_gamma_0p25,γ = 0.25 (AHP),0.75,0.25,105,25,24,diagnostic_only_hkt_gate_failed,7.147440682900014e-7,-6.145849440194682,1.626733659776205e-14,-13.788683546975951,0.30658170928017775,0.03052192476299872,0.8281793535515373,0.27605978451717905
gamma,0.25,pi_0p750_gamma_0p25,γ = 0.25 (AHP),0.75,0.25,105,26,25,diagnostic_only_hkt_gate_failed,9.327409544087547e-7,-6.03023895399382,2.1228873014905053e-14,-13.673073060775089,0.3049999234555427,0.030416614241761477,0.823749927641344,0.2745833092137813
gamma,0.25,pi_0p750_gamma_0p25,γ = 0.25 (AHP),0.75,0.25,105,27,26,diagnostic_only_hkt_gate_failed,1.2157087027061916e-6,-5.915170474374583,2.7669124584782378e-14,-13.558004581155854,0.3033722781871467,0.03031440389084294,0.8191736228889113,0.27305787429630374
gamma,0.25,pi_0p750_gamma_0p25,γ = 0.25 (AHP),0.75,0.25,105,28,27,diagnostic_only_hkt_gate_failed,1.582487922092069e-6,-5.800659595932271,3.601689728206297e-14,-13.44349370271354,0.3016999208522736,0.030214945304334658,0.8144549266438169,0.27148497554793893
gamma,0.25,pi_0p750_gamma_0p25,γ = 0.25 (AHP),0.75,0.25,105,29,28,diagnostic_only_hkt_gate_failed,2.0572087329636426e-6,-5.686721640743193,4.6821384598601374e-14,-13.329555747524465,0.2999838445806183,0.03011790940883474,0.8095978055153505,0.2698659351717835
gamma,0.25,pi_0p750_gamma_0p25,γ = 0.25 (AHP),0.75,0.25,105,30,29,diagnostic_only_hkt_gate_failed,2.670719598192363e-6,-5.573371706643657,6.078468726012195e-14,-13.216205813424928,0.29822489832856586,0.030022985187677917,0.8046057394226639,0.2682019131408879
gamma,0.25,pi_0p750_gamma_0p25,γ = 0.25 (AHP),0.75,0.25,105,31,30,diagnostic_only_hkt_gate_failed,3.462384444913329e-6,-5.460624712013829,7.880271511873217e-14,-13.103458818795099,0.2964237980118892,0.029929878516472528,0.7994817584862499,0.2664939194954166
gamma,0.25,pi_0p750_gamma_0p25,γ = 0.25 (AHP),0.75,0.25,105,32,31,diagnostic_only_hkt_gate_failed,4.4823375938137875e-6,-5.348495437044811,1.0201650859141745e-13,-12.991329543826081,0.2945811376893446,0.029838311065881848,0.794228479870388,0.26474282662346266
gamma,0.25,pi_0p750_gamma_0p25,γ = 0.25 (AHP),0.75,0.25,105,33,32,diagnostic_only_hkt_gate_failed,5.794306148179824e-6,-5.2369985621262884,1.3187647529336185e-13,-12.879832668907559,0.2926973988252751,0.029748019150021867,0.7888481390257598,0.2629493796752532
gamma,0.25,pi_0p750_gamma_0p25,γ = 0.25 (AHP),0.75,0.25,105,34,33,diagnostic_only_hkt_gate_failed,7.479133682899766e-6,-5.12614870407743,1.702225880243691e-13,-12.768982810858699,0.2907729573883832,0.02965875251241734,0.7833426146278976,0.2611142048759658
gamma,0.25,pi_0p750_gamma_0p25,γ = 0.25 (AHP),0.75,0.25,105,35,34,diagnostic_only_hkt_gate_failed,9.63916801600373e-6,-5.015960449670997,2.1938424898560035e-13,-12.658794556452268,0.2888080925793121,0.02957027328991602,0.7777134578681884,0.2592378192893961
gamma,0.25,pi_0p750_gamma_0p25,γ = 0.25 (AHP),0.75,0.25,105,36,35,diagnostic_only_hkt_gate_failed,1.2403710245350662e-5,-4.906448387574595,2.8230430803709764e-13,-12.549282494355865,0.2868029922039962,0.029482354844000077,0.7719619120799883,0.2573206373599961
gamma,0.25,pi_0p750_gamma_0p25,γ = 0.25 (AHP),0.75,0.25,105,37,36,diagnostic_only_hkt_gate_failed,1.593576301103811e-5,-4.797627137489887,3.626926508994015e-13,-12.440461244271157,0.28475776165533984,0.029394780840703925,0.7660889424439079,0.25536298081463593
gamma,0.25,pi_0p750_gamma_0p25,γ = 0.25 (AHP),0.75,0.25,105,38,37,diagnostic_only_hkt_gate_failed,2.044036378030451e-5,-4.689511379262716,4.65215861938436e-13,-12.332345486043986,0.2826724246681014,0.02930734414523513,0.7600952415685989,0.25336508052286627
gamma,0.25,pi_0p750_gamma_0p25,γ = 0.25 (AHP),0.75,0.25,105,39,38,diagnostic_only_hkt_gate_failed,2.617484520073324e-5,-4.582115878079536,5.957307463821882e-13,-12.224949984860807,0.280546935566492,0.029219845978503137,0.7539812687639668,0.2513270895879889
gamma,0.25,pi_0p750_gamma_0p25,γ = 0.25 (AHP),0.75,0.25,105,40,39,diagnostic_only_hkt_gate_failed,3.3461429472598323e-5,-4.475455509912753,7.615709740345501e-13,-12.118289616694023,0.2783811791811853,0.02913209490377284,0.7477472528322375,0.2492490842774125
gamma,0.25,pi_0p750_gamma_0p25,γ = 0.25 (AHP),0.75,0.25,105,41,40,diagnostic_only_hkt_gate_failed,4.2702639015539646e-5,-4.3695452848234275,9.718978209087535e-13,-12.012379391604698,0.27617497783556977,0.02904390604407927,0.7413932153744716,0.24713107179149052
gamma,0.25,pi_0p750_gamma_0p25,γ = 0.25 (AHP),0.75,0.25,105,42,41,diagnostic_only_hkt_gate_failed,5.4400091562155624e-5,-4.264400369329293,1.2381279392886174e-12,-11.907234476110562,0.27392809475684127,0.028955100187698243,0.7349189837074291,0.24497299456914304
gamma,0.25,pi_0p750_gamma_0p25,γ = 0.25 (AHP),0.75,0.25,105,43,42,diagnostic_only_hkt_gate_failed,6.917734545901649e-5,-4.160036107175951,1.5744533091597392e-12,-11.80287021395722,0.2716402394282156,0.02886550306853341,0.7283242090790466,0.2427747363596822
gamma,0.25,pi_0p750_gamma_0p25,γ = 0.25 (AHP),0.75,0.25,105,44,43,diagnostic_only_hkt_gate_failed,8.780757045302935e-5,-4.056468039170882,1.9984710160778444e-12,-11.699302145952153,0.26931107099288887,0.028774944569922245,0.7216083792688999,0.24053612642296662
gamma,0.25,pi_0p750_gamma_0p25,γ = 0.25 (AHP),0.75,0.25,105,45,44,diagnostic_only_hkt_gate_failed,0.00011124694121704325,-3.953711921298239,2.5319432766734446e-12,-11.596546028079509,0.2669402039377947,0.028683258118850145,0.7147708374568338,0.23825694581894458
gamma,0.25,pi_0p750_gamma_0p25,γ = 0.25 (AHP),0.75,0.25,105,46,45,diagnostic_only_hkt_gate_failed,0.00014067478422123632,-3.851783742330701,3.201711168053922e-12,-11.494617849111972,0.2645272102068778,0.028590279886894162,0.707810790959951,0.23593693031998367
gamma,0.25,pi_0p750_gamma_0p25,γ = 0.25 (AHP),0.75,0.25,105,47,46,diagnostic_only_hkt_gate_failed,0.000177541653505965,-3.7506997397042734,4.040788816358444e-12,-11.393533846485544,0.2620716249100402,0.028495848259203187,0.7007273299525111,0.233575776650837
gamma,0.25,pi_0p750_gamma_0p25,γ = 0.25 (AHP),0.75,0.25,105,48,47,diagnostic_only_hkt_gate_failed,0.00022362666441547394,-3.6504764140321013,5.089668293413916e-12,-11.293310520813371,0.25957295090732435,0.028399803261802324,0.693519442936566,0.231173147645522
gamma,0.25,pi_0p750_gamma_0p25,γ = 0.25 (AHP),0.75,0.25,105,49,48,diagnostic_only_hkt_gate_failed,0.0002811055739756936,-3.551130542784997,6.397869103426136e-12,-11.193964649566269,0.25703066184196194,0.028301985909670247,0.6861860277968751,0.22872867593229168
gamma,0.25,pi_0p750_gamma_0p25,γ = 0.25 (AHP),0.75,0.25,105,50,49,diagnostic_only_hkt_gate_failed,0.0003526312590278174,-3.4526791922591387,8.025769838457251e-12,-11.095513299040409,0.25444420770649,0.028202237745112012,0.6787259098841341,0.22624196996137802
gamma,0.25,pi_0p750_gamma_0p25,γ = 0.25 (AHP),0.75,0.25,105,51,50,diagnostic_only_hkt_gate_failed,0.00044142840110936046,-3.355139728156074,1.0046763174737268e-11,-10.997973834937344,0.25181301943098144,0.028100400330709013,0.6711378573008175,0.22371261910027251
gamma,0.25,pi_0p750_gamma_0p25,γ = 0.25 (AHP),0.75,0.25,105,52,51,diagnostic_only_hkt_gate_failed,0.0005514043341324501,-3.258529824587863,1.2549778728849799e-11,-10.901363931369133,0.24913651397759493,0.02799631478730467,0.6634205975708707,0.2211401991902902
gamma,0.25,pi_0p750_gamma_0p25,γ = 0.25 (AHP),0.75,0.25,105,53,52,diagnostic_only_hkt_gate_failed,0.0006872781365887452,-3.162867471469799,1.5642221153258366e-11,-10.80570157825107,0.2464140995011796,0.027889821354004488,0.6555728344415254,0.21852427814717512
gamma,0.25,pi_0p750_gamma_0p25,γ = 0.25 (AHP),0.75,0.25,105,54,53,diagnostic_only_hkt_gate_failed,0.0008547301427089984,-3.0681709800453576,1.9453372960430032e-11,-10.711005086826628,0.24364518119460193,0.027780758996797363,0.6475932665934138,0.21586442219780458
gamma,0.25,pi_0p750_gamma_0p25,γ = 0.25 (AHP),0.75,0.25,105,55,54,diagnostic_only_hkt_gate_failed,0.0010605740920126016,-2.974458986149563,2.4138312589164023e-11,-10.617293092930833,0.24082916819944716,0.027668965095770562,0.6394806093110299,0.21316020310367662
gamma,0.25,pi_0p750_gamma_0p25,γ = 0.25 (AHP),0.75,0.25,105,56,55,diagnostic_only_hkt_gate_failed,0.0013129541140068776,-2.8817504516575383,2.9882397710645106e-11,-10.524584558438809,0.2379654791635975,0.02755427504792417,0.6312336123470199,0.2104112041156733
gamma,0.25,pi_0p750_gamma_0p25,γ = 0.25 (AHP),0.75,0.25,105,57,56,diagnostic_only_hkt_gate_failed,0.0016215686387210928,-2.7900646635269863,3.690636135751451e-11,-10.432898770308256,0.2350535494133792,0.027436521980078635,0.6228510822999016,0.20761702743330052
gamma,0.25,pi_0p750_gamma_0p25,γ = 0.25 (AHP),0.75,0.25,105,58,57,diagnostic_only_hkt_gate_failed,0.001997923109265963,-2.699421229755716,4.547206357743392e-11,-10.342255336536986,0.23209283995631252,0.027315536591211168,0.6143319100953041,0.20477730336510136
gamma,0.25,pi_0p750_gamma_0p25,γ = 0.25 (AHP),0.75,0.25,105,59,58,diagnostic_only_hkt_gate_failed,0.00245561301805531,-2.6098400729401354,5.5888933243086673e-11,-10.252674179721406,0.2290828444131181,0.027191146851071945,0.6056750926861385,0.20189169756204617
gamma,0.25,pi_0p750_gamma_0p25,γ = 0.25 (AHP),0.75,0.25,105,60,59,diagnostic_only_hkt_gate_failed,0.0030106382796440843,-2.521341420704894,6.852112307311441e-11,-10.164175527486163,0.22602309790176908,0.027063177836111094,0.5968797601969741,0.19895992006565802
gamma,0.25,pi_0p750_gamma_0p25,γ = 0.25 (AHP),0.75,0.25,105,61,60,diagnostic_only_hkt_gate_failed,0.0036817492551065004,-2.4339457923751158,8.379538503155008e-11,-10.076779899156385,0.2229131875456507,0.026931451684392496,0.5879452075837747,0.19598173586125822
gamma,0.25,pi_0p750_gamma_0p25,γ = 0.25 (AHP),0.75,0.25,105,62,61,diagnostic_only_hkt_gate_failed,0.0044908238258251475,-2.347673981894029,1.0220965240148906e-10,-9.9905080886753,0.21975276279243636,0.026795787540404598,0.5788709257560952,0.19295697525203173
gamma,0.25,pi_0p750_gamma_0p25,γ = 0.25 (AHP),0.75,0.25,105,63,62,diagnostic_only_hkt_gate_failed,0.005463273758347895,-2.2625470369444964,1.2434228851369266e-10,-9.905381143725766,0.2165415456581779,0.0266560015011599,0.5696566324710541,0.18988554415701803
gamma,0.25,pi_0p750_gamma_0p25,γ = 0.25 (AHP),0.75,0.25,105,64,63,diagnostic_only_hkt_gate_failed,0.006628477199604365,-2.1785862332498747,1.5086193019345942e-10,-9.821420340031144,0.21327934363091983,0.02651190676768175,0.5603023105897141,0.18676743686323805
gamma,0.25,pi_0p750_gamma_0p25,γ = 0.25 (AHP),0.75,0.25,105,65,64,diagnostic_only_hkt_gate_failed,0.008020232448880851,-2.0958130444585623,1.8253781545942416e-10,-9.738647151239832,0.2099660611881651,0.026363313712890434,0.550808242425824,0.18360274747527466
gamma,0.25,pi_0p750_gamma_0p25,γ = 0.25 (AHP),0.75,0.25,105,66,65,diagnostic_only_hkt_gate_failed,0.009677226222559928,-2.0142491064170023,2.2025044107284396e-10,-9.657083213198273,0.2066017143817688,0.02621003019934589,0.5411750525472686,0.18039168418242285
gamma,0.25,pi_0p750_gamma_0p25,γ = 0.25 (AHP),0.75,0.25,105,67,66,diagnostic_only_hkt_gate_failed,0.011643507410655302,-1.9339161760741241,2.6500234507831655e-10,-9.576750282855395,0.20318644442882805,0.02605186185982096,0.5314037477070213,0.17713458256900708
gamma,0.25,pi_0p750_gamma_0p25,γ = 0.25 (AHP),0.75,0.25,105,68,67,diagnostic_only_hkt_gate_failed,0.013968954914414466,-1.8548360843568836,3.1792875463157075e-10,-9.497670191138154,0.19972053280363677,0.025888612530430375,0.5214957608196191,0.17383192027320638
gamma,0.25,pi_0p750_gamma_0p25,γ = 0.25 (AHP),0.75,0.25,105,69,68,diagnostic_only_hkt_gate_failed,0.016709725562961696,-1.7770306828097866,3.803077804328648e-10,-9.419864789591058,0.1962044165321953,0.025720084761881545,0.5114529953109413,0.17048433177031377
gamma,0.25,pi_0p750_gamma_0p25,γ = 0.25 (AHP),0.75,0.25,105,70,69,diagnostic_only_hkt_gate_failed,0.019928665460125183,-1.700521783221701,4.535697788435716e-10,-9.343355890002972,0.1926387052279604,0.025546080534313884,0.5012778740809396,0.16709262469364652
gamma,0.25,pi_0p750_gamma_0p25,γ = 0.25 (AHP),0.75,0.25,105,71,70,diagnostic_only_hkt_gate_failed,0.023695665443278762,-1.6253310905397649,5.393054420108529e-10,-9.268165197321036,0.1890241968631006,0.025366401966315046,0.4909733846903568,0.16365779489678559
gamma,0.25,pi_0p750_gamma_0p25,γ = 0.25 (AHP),0.75,0.25,105,72,71,diagnostic_only_hkt_gate_failed,0.028087938880958098,-1.5514801285616284,6.392721204487459e-10,-9.1943142353429,0.18536189448628448,0.025180852207665135,0.4805431268358581,0.16018104227861935
gamma,0.25,pi_0p750_gamma_0p25,γ = 0.25 (AHP),0.75,0.25,105,73,72,diagnostic_only_hkt_gate_failed,0.03319019791825867,-1.478990157818834,7.553978343246483e-10,-9.121824264600104,0.18165302405865025,0.024989236555132507,0.46999136251055335,0.15666378750351778
gamma,0.25,pi_0p750_gamma_0p25,γ = 0.25 (AHP),0.75,0.25,105,74,73,diagnostic_only_hkt_gate_failed,0.039094702645863,-1.4078820857634793,8.897823925299552e-10,-9.05071619254475,0.17789905146531632,0.02479136366158753,0.4593230634111864,0.1531076878037288
gamma,0.25,pi_0p750_gamma_0p25,γ = 0.25 (AHP),0.75,0.25,105,75,74,diagnostic_only_hkt_gate_failed,0.045901156752508075,-1.3381763696936533,1.0446950177650503e-9,-8.981010476474923,0.17410169782594145,0.0245870467932679,0.44854395309802075,0.14951465103267358
gamma,0.25,pi_0p750_gamma_0p25,γ = 0.25 (AHP),0.75,0.25,105,76,75,diagnostic_only_hkt_gate_failed,0.05371642341320234,-1.269892911558429,1.2225678802498585e-9,-8.9127270183397,0.17026295661420832,0.024376105450357413,0.43766055349155275,0.14588685116385092
gamma,0.25,pi_0p750_gamma_0p25,γ = 0.25 (AHP),0.75,0.25,105,77,76,diagnostic_only_hkt_gate_failed,0.0626540363159084,-1.2030509455276042,1.4259849688542642e-9,-8.845885052308875,0.16638510784598154,0.024158366996017807,0.42668022254989124,0.14222674084996373
gamma,0.25,pi_0p750_gamma_0p25,γ = 0.25 (AHP),0.75,0.25,105,78,77,diagnostic_only_hkt_gate_failed,0.07283348342959883,-1.137668918412132,1.6576657898979352e-9,-8.780503025193402,0.16247073153219596,0.023933668501069722,0.4156111890933788,0.13853706303112626
gamma,0.25,pi_0p750_gamma_0p25,γ = 0.25 (AHP),0.75,0.25,105,79,78,diagnostic_only_hkt_gate_failed,0.08437924527020957,-1.0737643634818599,1.9204434784042013e-9,-8.716598470263131,0.15852271917998959,0.02370185873972728,0.40446258132078694,0.1348208604402623
gamma,0.25,pi_0p750_gamma_0p25,γ = 0.25 (AHP),0.75,0.25,105,80,79,diagnostic_only_hkt_gate_failed,0.09741957522409893,-1.0113537684024347,2.217237038668807e-9,-8.654187875183705,0.1545442829232474,0.023462800323124967,0.3932444478003674,0.13108148260012245
gamma,0.25,pi_0p750_gamma_0p25,γ = 0.25 (AHP),0.75,0.25,105,81,80,diagnostic_only_hkt_gate_failed,0.11208501691623561,-0.9504524383015582,2.5510176000543724e-9,-8.59328654508283,0.15053896158345015,0.023216371950388177,0.38196776889918604,0.127322589633062
gamma,0.25,pi_0p750_gamma_0p25,γ = 0.25 (AHP),0.75,0.25,105,82,81,diagnostic_only_hkt_gate_failed,0.1285066626405735,-0.8910743550328867,2.92476877944663e-9,-8.533908461814157,0.14651062359753492,0.022962470782554617,0.3706444584449409,0.1235481528149803
gamma,0.25,pi_0p750_gamma_0p25,γ = 0.25 (AHP),0.75,0.25,105,83,82,diagnostic_only_hkt_gate_failed,0.1468141672940236,-0.8332320337881866,3.3414414790540164e-9,-8.476066140569458,0.14246346669709434,0.022701014957537756,0.3592873552186699,0.11976245173955663
gamma,0.25,pi_0p750_gamma_0p25,γ = 0.25 (AHP),0.75,0.25,105,84,83,diagnostic_only_hkt_gate_failed,0.16713354341737655,-0.7769363791962878,3.803903702274594e-9,-8.419770485977558,0.1384020118621077,0.022431946028010293,0.3479101975022923,0.11597006583409743
gamma,0.25,pi_0p750_gamma_0p25,γ = 0.25 (AHP),0.75,0.25,105,85,84,diagnostic_only_hkt_gate_failed,0.1895847750930633,-0.722196542306815,4.314886246804854e-9,-8.365030649088085,0.13433109366693743,0.022155231518880766,0.33652758644417,0.11217586214805667
gamma,0.25,pi_0p750_gamma_0p25,γ = 0.25 (AHP),0.75,0.25,105,86,85,diagnostic_only_hkt_gate_failed,0.2142793002570872,-0.6690197805135798,4.8769254028991024e-9,-8.31185388729485,0.1302558454490971,0.02187086745299509,0.325154933988306,0.108384977996102
gamma,0.25,pi_0p750_gamma_0p25,γ = 0.25 (AHP),0.75,0.25,105,87,86,diagnostic_only_hkt_gate_failed,0.2413174220162907,-0.6174113228802466,5.492304035813862e-9,-8.260245429661516,0.12618167842980554,0.02157888073430023,0.3138083930865158,0.10460279769550526
gamma,0.25,pi_0p750_gamma_0p25,γ = 0.25 (AHP),0.75,0.25,105,88,87,diagnostic_only_hkt_gate_failed,0.27078571942591445,-0.5673742430077919,6.1629926559687455e-9,-8.210208349789063,0.12211425583534698,0.021279331452385194,0.3025047731488854,0.1008349243829618
gamma,0.25,pi_0p750_gamma_0p25,γ = 0.25 (AHP),0.75,0.25,105,89,88,diagnostic_only_hkt_gate_failed,0.30275453538038816,-0.5189093422363635,6.89059224417873e-9,-8.161743449017633,0.11805946052934391,0.02097231490263518,0.2912614368801262,0.09708714562670873
gamma,0.25,pi_0p750_gamma_0p25,γ = 0.25 (AHP),0.75,0.25,105,90,89,diagnostic_only_hkt_gate_failed,0.33727562405321737,-0.4720150454746683,7.676280708170647e-9,-8.114849152255939,0.11402335766648732,0.020657963403515278,0.280096182788916,0.093365394262972
gamma,0.25,pi_0p750_gamma_0p25,γ = 0.25 (AHP),0.75,0.25,105,91,90,diagnostic_only_hkt_gate_failed,0.3743800412416741,-0.4266873122033071,8.520764867532016e-9,-8.069521418984579,0.11001215190873737,0.02033644776814805,0.26902711242176797,0.08967570414058931
gamma,0.25,pi_0p750_gamma_0p25,γ = 0.25 (AHP),0.75,0.25,105,92,91,diagnostic_only_hkt_gate_failed,0.41407635753015154,-0.3829195656514922,9.424239785905025e-9,-8.025753672432762,0.10603213824332107,0.02000797820901144,0.25807248010292894,0.08602416003430964
gamma,0.25,pi_0p750_gamma_0p25,γ = 0.25 (AHP),0.75,0.25,105,93,92,diagnostic_only_hkt_gate_failed,0.45634926741967574,-0.340702642308918,1.0386357115237971e-8,-7.983536749090188,0.10208964873452367,0.01967280478764927,0.2472505318406232,0.0824168439468744
gamma,0.25,pi_0p750_gamma_0p25,γ = 0.25 (AHP),0.75,0.25,105,94,93,diagnostic_only_hkt_gate_failed,0.5011586554557318,-0.3000247645894325,1.1406203841166321e-8,-7.942858871370702,0.09819099368652585,0.01933121708388545,0.2365793298079212,0.0788597766026404
gamma,0.25,pi_0p750_gamma_0p25,γ = 0.25 (AHP),0.75,0.25,105,95,94,diagnostic_only_hkt_gate_failed,0.5484391649389199,-0.26087153909492816,1.2482292467010798e-8,-7.903705645876199,0.09434239829738783,0.018983543013078894,0.22607656585292685,0.07535885528430894
gamma,0.25,pi_0p750_gamma_0p25,γ = 0.25 (AHP),0.75,0.25,105,96,95,diagnostic_only_hkt_gate_failed,0.5981002943886848,-0.2232259838253952,1.3612563209260015e-8,-7.866060090606666,0.09054993265350732,0.01863014632104371,0.21575935899739082,0.0719197863324636
gamma,0.25,pi_0p750_gamma_0p25,γ = 0.25 (AHP),0.75,0.25,105,97,96,diagnostic_only_hkt_gate_failed,0.6500270241726616,-0.18706858765699602,1.4794398259445108e-8,-7.829902694438266,0.08681943525383289,0.018271422503437402,0.20564403825118646,0.06854801275039549
gamma,0.25,pi_0p750_gamma_0p25,γ = 0.25 (AHP),0.75,0.25,105,98,97,diagnostic_only_hkt_gate_failed,0.7040809477337808,-0.15237740743012723,1.6024647530491368e-8,-7.795211514211398,0.08315642511927523,0.017907792212742753,0.19574589871959747,0.06524863290653249
gamma,0.25,pi_0p750_gamma_0p25,γ = 0.25 (AHP),0.75,0.25,105,99,98,diagnostic_only_hkt_gate_failed,0.7601018505328279,-0.11912821013930738,1.7299664592924458e-8,-7.761962316920578,0.07956599731800855,0.017539691035713414,0.18607891884688538,0.06202630628229512
gamma,0.25,pi_0p750_gamma_0p25,γ = 0.25 (AHP),0.75,0.25,105,100,99,diagnostic_only_hkt_gate_failed,0.81790964179364,-0.08729467216970659,1.8615350640746653e-8,-7.730128778950976,0.07605269112328719,0.017167553601004314,0.17665541256684866,0.05888513752228289
gamma,0.25,pi_0p750_gamma_0p25,γ = 0.25 (AHP),0.75,0.25,105,101,100,diagnostic_only_hkt_gate_failed,0.877306496421997,-0.05684865469503409,1.996720324079614e-8,-7.699682761476305,0.07262031353255878,0.016791788738057405,0.16748557438350417,0.055828524794501386
gamma,0.25,pi_0p750_gamma_0p25,γ = 0.25 (AHP),0.75,0.25,105,102,101,diagnostic_only_hkt_gate_failed,0.938079000252979,-0.02776058600343395,2.1350365157861924e-8,-7.670594692784704,0.06927169020044455,0.01641274032750941,0.15857684961880544,0.05285894987293514
gamma,0.25,pi_0p750_gamma_0p25,γ = 0.25 (AHP),0.75,0.25,105,103,102,diagnostic_only_hkt_gate_failed,1.0,0.0,2.275966645890612e-8,-7.642834106781271,0.06600829965314468,0.01603062515548173,0.1499330234929889,0.049977674497662966
gamma,0.25,pi_0p750_gamma_0p25,γ = 0.25 (AHP),0.75,0.25,105,104,103,diagnostic_only_hkt_gate_failed,,,,,0.06282972247589512,0.01564543382000179,0.14155286596768002,0.04718428865589334
gamma,0.25,pi_0p750_gamma_0p25,γ = 0.25 (AHP),0.75,0.25,105,105,104,diagnostic_only_hkt_gate_failed,,,,,0.059732802227753165,0.015256772571777457,0.13342808896792713,0.044476029655975705
gamma,0.5,pi_0p750_gamma_0p50,γ = 0.5,0.75,0.5,105,1,0,diagnostic_only_hkt_gate_failed,1.4026410132443549e-10,-9.853053466474384,7.413220946871322e-18,-17.12999305578315,0.0,0.0,0.0,0.0
gamma,0.5,pi_0p750_gamma_0p50,γ = 0.5,0.75,0.5,105,2,1,diagnostic_only_hkt_gate_failed,1.8723400659599734e-10,-9.72761526918925,9.895668574909197e-18,-17.004554858498015,0.3348676163612172,0.03488583078972571,0.8999453567144744,0.29998178557149147
gamma,0.5,pi_0p750_gamma_0p50,γ = 0.5,0.75,0.5,105,3,2,diagnostic_only_hkt_gate_failed,2.4999146720446435e-10,-9.602074814564995,1.3212518126306841e-17,-16.879014403873757,0.3351819562558512,0.03458006117864892,0.9018056852316068,0.30060189507720225
gamma,0.5,pi_0p750_gamma_0p50,γ = 0.5,0.75,0.5,105,4,3,diagnostic_only_hkt_gate_failed,3.338292981869074e-10,-9.476475550573095,1.7643504807223373e-17,-16.75341513988186,0.33536277025756994,0.03428627656545644,0.9032294810763405,0.3010764936921135
gamma,0.5,pi_0p750_gamma_0p50,γ = 0.5,0.75,0.5,105,5,4,diagnostic_only_hkt_gate_failed,4.458021499799533e-10,-9.350857841369063,2.3561480130596662e-17,-16.627797430677827,0.3354194865495417,0.034004945662207346,0.904243622662003,0.3014145408873343
gamma,0.5,pi_0p750_gamma_0p50,γ = 0.5,0.75,0.5,105,6,5,diagnostic_only_hkt_gate_failed,5.953067943287123e-10,-9.225259160749726,3.146308111527924e-17,-16.502198750058486,0.33536097651274543,0.03373627760991953,0.9048740967084777,0.3016246989028259
gamma,0.5,pi_0p750_gamma_0p50,γ = 0.5,0.75,0.5,105,7,6,diagnostic_only_hkt_gate_failed,7.948509476111548e-10,-9.09971430366934,4.200936404135386e-17,-16.376653892978105,0.3351954911038023,0.03348026951497926,0.9051456647664691,0.301715221588823
gamma,0.5,pi_0p750_gamma_0p50,γ = 0.5,0.75,0.5,105,8,7,diagnostic_only_hkt_gate_failed,1.0610708825641215e-9,-8.974255603018346,5.607958713930234e-17,-16.25119519232711,0.3349306379429573,0.03323674900317875,0.9050816668193357,0.30169388893977855
gamma,0.5,pi_0p750_gamma_0p50,γ = 0.5,0.75,0.5,105,9,8,diagnostic_only_hkt_gate_failed,1.416076956130169e-9,-8.848913144446728,7.484232426146218e-17,-16.12585273375549,0.33457338185377467,0.03300541115152206,0.9047039121067578,0.3015679707022526
gamma,0.5,pi_0p750_gamma_0p50,γ = 0.5,0.75,0.5,105,10,9,diagnostic_only_hkt_gate_failed,1.889230842976796e-9,-8.723714972885043,9.984939500832301e-17,-16.000654562193805,0.3341300660238496,0.03278585027576701,0.9040326472442478,0.30134421574808257
gamma,0.5,pi_0p750_gamma_0p50,γ = 0.5,0.75,0.5,105,11,10,diagnostic_only_hkt_gate_failed,2.5194904216887506e-9,-8.598687288356288,1.3315979636373963e-16,-15.875626877665052,0.33360644150763147,0.032577586538363644,0.9030865649078036,0.30102885496926785
gamma,0.5,pi_0p750_gamma_0p50,γ = 0.5,0.75,0.5,105,12,11,diagnostic_only_hkt_gate_failed,3.3585001543494104e-9,-8.473854627406052,1.775030350546027e-16,-15.750794216714816,0.3330077087962481,0.032380088374646815,0.9018828612648037,0.3006276204216012
gamma,0.5,pi_0p750_gamma_0p50,γ = 0.5,0.75,0.5,105,13,12,diagnostic_only_hkt_gate_failed,4.474659239252705e-9,-8.349240032112773,2.364941370551576e-16,-15.626179621421537,0.3323385539994126,0.03219279036311328,0.9004372909088977,0.3001457636362992
gamma,0.5,pi_0p750_gamma_0p50,γ = 0.5,0.75,0.5,105,14,13,diagnostic_only_hkt_gate_failed,5.9584705311366075e-9,-8.224865204208015,3.149163480580634e-16,-15.50180479351678,0.33160319312531916,0.03201510806089222,0.898764255193281,0.29958808506442697
gamma,0.5,pi_0p750_gamma_0p50,γ = 0.5,0.75,0.5,105,15,14,diagnostic_only_hkt_gate_failed,7.929564834590255e-9,-8.10075064561075,4.1909238056137027e-16,-15.377690234919513,0.3308054127570982,0.0318464496844497,0.8968768892179454,0.29895896307264846
gamma,0.5,pi_0p750_gamma_0p50,γ = 0.5,0.75,0.5,105,16,15,diagnostic_only_hkt_gate_failed,1.0545913708564323e-8,-7.97691578658389,5.573713278738085e-16,-15.253855375892652,0.32994860733858516,0.03168622515432167,0.8947871465527908,0.2982623821842636
gamma,0.5,pi_0p750_gamma_0p50,γ = 0.5,0.75,0.5,105,17,16,diagnostic_only_hkt_gate_failed,1.4015897019932186e-8,-7.8533791020892,7.407664569640814e-16,-15.130318691397964,0.3290358149384316,0.031533853089682616,0.8925058855462472,0.29750196184874905
gamma,0.5,pi_0p750_gamma_0p50,γ = 0.5,0.75,0.5,105,18,17,diagnostic_only_hkt_gate_failed,1.8614088876285745e-8,-7.730158216801782,9.83789524629903e-16,-15.007097806110544,0.3280697517835941,0.03138876615493975,0.890042956885963,0.2966809856286543
gamma,0.5,pi_0p750_gamma_0p50,γ = 0.5,0.75,0.5,105,19,18,diagnostic_only_hkt_gate_failed,2.470187955771173e-8,-7.607270000161931,1.3055406852873735e-15,-14.884209589470696,0.32705284270893487,0.031250414895322876,0.8874072834408363,0.2958024278136121
gamma,0.5,pi_0p750_gamma_0p50,γ = 0.5,0.75,0.5,105,20,19,diagnostic_only_hkt_gate_failed,3.2754377276790615e-8,-7.484730652920315,1.731130299465507e-15,-14.76167024222908,0.3259872472564506,0.03111827031272426,0.8846069308311789,0.29486897694372627
gamma,0.5,pi_0p750_gamma_0p50,γ = 0.5,0.75,0.5,105,21,20,diagnostic_only_hkt_gate_failed,4.339545185900611e-8,-7.362555785142832,2.2935310580718696e-15,-14.639495374451593,0.32487488595167474,0.03099182568809498,0.8816491807907394,0.2938830602635798
gamma,0.5,pi_0p750_gamma_0p50,γ = 0.5,0.75,0.5,105,22,21,diagnostic_only_hkt_gate_failed,5.744331733730758e-8,-7.2407604876430804,3.035987108046436e-15,-14.517700076951845,0.3237174606210712,0.03087059745177283,0.8785405895078952,0.29284686316929837
gamma,0.5,pi_0p750_gamma_0p50,γ = 0.5,0.75,0.5,105,23,22,diagnostic_only_hkt_gate_failed,7.596973364075505e-8,-7.1193593962829995,4.0151429726928164e-15,-14.396298985591764,0.3225164764538289,0.030754125717947205,0.8752870522076451,0.2917623507358817
gamma,0.5,pi_0p750_gamma_0p50,γ = 0.5,0.75,0.5,105,24,23,diagnostic_only_hkt_gate_failed,1.0037677749881857e-7,-6.998366751042344,5.305101038023432e-15,-14.275306340351108,0.3212732582883515,0.030641974141297983,0.8718938524411608,0.2906312841470536
gamma,0.5,pi_0p750_gamma_0p50,γ = 0.5,0.75,0.5,105,25,24,diagnostic_only_hkt_gate_failed,1.3249623886562348e-7,-6.8777964497504875,7.00267484028856e-15,-14.154736039059252,0.31998896724078274,0.03053372956003203,0.8683657130422523,0.28945523768075077
gamma,0.5,pi_0p750_gamma_0p50,γ = 0.5,0.75,0.5,105,26,25,diagnostic_only_hkt_gate_failed,1.747181016386662e-7,-6.757662097681462,9.234179513042058e-15,-14.034601686990225,0.31866461368661014,0.03042900126321491,0.8647068372701857,0.28823561242339524
gamma,0.5,pi_0p750_gamma_0p50,γ = 0.5,0.75,0.5,105,27,26,diagnostic_only_hkt_gate_failed,2.301563425499942e-7,-6.637977052503619,1.2164194569645594e-14,-13.91491664181238,0.31730107179151823,0.030327420257347935,0.8609209546025111,0.2869736515341703
gamma,0.5,pi_0p750_gamma_0p50,γ = 0.5,0.75,0.5,105,28,27,diagnostic_only_hkt_gate_failed,3.0286252122835663e-7,-6.5187544666169215,1.6006852538834115e-14,-13.795694055925685,0.3158990878670625,0.03022863809929493,0.8570113493033027,0.28567044976776756
gamma,0.5,pi_0p750_gamma_0p50,γ = 0.5,0.75,0.5,105,29,28,diagnostic_only_hkt_gate_failed,3.9810045530432677e-7,-6.40000732571647,2.1040356059422633e-14,-13.676946915025233,0.31445929225478925,0.03013232592994754,0.8529808989745251,0.28432696632484167
gamma,0.5,pi_0p750_gamma_0p50,γ = 0.5,0.75,0.5,105,30,29,diagnostic_only_hkt_gate_failed,5.226988150307252e-7,-6.281748484455914,2.762561316760498e-14,-13.558688073764678,0.3129822085512308,0.030038173360476185,0.8488321055722641,0.2829440351907547
gamma,0.5,pi_0p750_gamma_0p50,γ = 0.5,0.75,0.5,105,31,30,diagnostic_only_hkt_gate_failed,6.855029056011471e-7,-6.1639907000519,3.6230114840213193e-14,-13.440930289360663,0.31146826028456187,0.029945887224679807,0.8445671191796461,0.28152237305988204
gamma,0.5,pi_0p750_gamma_0p50,γ = 0.5,0.75,0.5,105,32,31,diagnostic_only_hkt_gate_failed,8.979524426606507e-7,-6.046746663819309,4.7458471514596806e-14,-13.323686253128072,0.3099177776251679,0.029855190379800986,0.840187761736101,0.280062587245367
gamma,0.5,pi_0p750_gamma_0p50,γ = 0.5,0.75,0.5,105,33,32,diagnostic_only_hkt_gate_failed,1.1748190217994634e-6,-5.930029030317722,6.209138973515424e-14,-13.206968619626485,0.3083310050568509,0.02976582062537697,0.8356955532944218,0.27856518443147393
gamma,0.5,pi_0p750_gamma_0p50,γ = 0.5,0.75,0.5,105,34,33,diagnostic_only_hkt_gate_failed,1.535145540260933e-6,-5.813850444723653,8.113532235333205e-14,-13.090790034032416,0.30670810718536057,0.02967752956679988,0.831091732855682,0.27703057761856065
gamma,0.5,pi_0p750_gamma_0p50,γ = 0.5,0.75,0.5,105,35,34,diagnostic_only_hkt_gate_failed,2.003440416931941e-6,-5.698223569119706,1.0588558529495364e-13,-12.975163158428469,0.3050491724656998,0.029590081412120748,0.8263772731607371,0.275459091053579
gamma,0.5,pi_0p750_gamma_0p50,γ = 0.5,0.75,0.5,105,36,35,diagnostic_only_hkt_gate_failed,2.6111925206567305e-6,-5.583161106891521,1.3800642436422195e-13,-12.860100696200284,0.30335421936605256,0.02950325198668415,0.8215529021381054,0.2738509673793684
gamma,0.5,pi_0p750_gamma_0p50,γ = 0.5,0.75,0.5,105,37,36,diagnostic_only_hkt_gate_failed,3.398788763893726e-6,-5.468675826157178,1.796323636666576e-13,-12.745615415465943,0.30162319974741303,0.029416827598395916,0.8166191164470514,0.2722063721490171
gamma,0.5,pi_0p750_gamma_0p50,γ = 0.5,0.75,0.5,105,38,37,diagnostic_only_hkt_gate_failed,4.417935971379024e-6,-5.354780582597285,2.334962059123667e-13,-12.631720171906048,0.2998560011472268,0.02933060414758449,0.8115761909989271,0.27052539699964234
gamma,0.5,pi_0p750_gamma_0p50,γ = 0.5,0.75,0.5,105,39,38,diagnostic_only_hkt_gate_failed,5.73471262959448e-6,-5.24148834001351,3.030903231017343e-13,-12.518427929322273,0.2980524540749358,0.029244386101984064,0.8064242039188554,0.26880806797295176
gamma,0.5,pi_0p750_gamma_0p50,γ = 0.5,0.75,0.5,105,40,39,diagnostic_only_hkt_gate_failed,7.433405239611077e-6,-5.128812190548372,3.9286941497174107e-13,-12.405751779857136,0.29621233350915466,0.029157985692225833,0.8011630434507866,0.2670543478169288
gamma,0.5,pi_0p750_gamma_0p50,γ = 0.5,0.75,0.5,105,41,40,diagnostic_only_hkt_gate_failed,9.62131925631198e-6,-5.016765374276727,5.085047761611621e-13,-12.29370496358549,0.294335361274529,0.0290712219561595,0.7957924179551084,0.26526413931836945
gamma,0.5,pi_0p750_gamma_0p50,γ = 0.5,0.75,0.5,105,42,41,diagnostic_only_hkt_gate_failed,1.2434797070185299e-5,-4.905361297810037,6.572023578404584e-13,-12.182300887118801,0.2924212094955236,0.02898391995755053,0.7903118686139194,0.26343728953797313
gamma,0.5,pi_0p750_gamma_0p50,γ = 0.5,0.75,0.5,105,43,42,diagnostic_only_hkt_gate_failed,1.604672639885094e-5,-4.794613552163924,8.480996002927494e-13,-12.071553141472688,0.29046950330423105,0.028895910010431704,0.7847207798813983,0.2615735932937994
gamma,0.5,pi_0p750_gamma_0p50,γ = 0.5,0.75,0.5,105,44,43,diagnostic_only_hkt_gate_failed,2.0675883212887084e-5,-4.6845359295969144,1.0927592240748068e-12,-11.961475518905678,0.2884798244187435,0.028807027005584802,0.7790183922394762,0.25967279741315874
gamma,0.5,pi_0p750_gamma_0p50,γ = 0.5,0.75,0.5,105,45,44,diagnostic_only_hkt_gate_failed,2.6598525367124118e-5,-4.575142440161159,1.4057819751852794e-12,-11.852082029469923,0.2864517125220315,0.028717109641198422,0.773203808642499,0.257734602880833
gamma,0.5,pi_0p750_gamma_0p50,γ = 0.5,0.75,0.5,105,46,45,diagnostic_only_hkt_gate_failed,3.416273820559772e-5,-4.466447327095375,1.8055648172045774e-12,-11.74338691640414,0.2843846692276791,0.028625999853368746,0.767276008122931,0.2557586693743103
gamma,0.5,pi_0p750_gamma_0p50,γ = 0.5,0.75,0.5,105,47,46,diagnostic_only_hkt_gate_failed,4.380613305777839e-5,-4.358465082037296,2.3152363300301007e-12,-11.635404671346059,0.2822781591494481,0.028533542104873914,0.7612338511337225,0.2537446170445742
gamma,0.5,pi_0p750_gamma_0p50,γ = 0.5,0.75,0.5,105,48,47,diagnostic_only_hkt_gate_failed,5.607761581070394e-5,-4.251210459061834,2.9638072197600306e-12,-11.528150048370598,0.28013161391670804,0.028439582887401792,0.7550760930879187,0.2516920310293062
gamma,0.5,pi_0p750_gamma_0p50,γ = 0.5,0.75,0.5,105,49,48,diagnostic_only_hkt_gate_failed,7.166407705209711e-5,-4.144698487952487,3.7875809428385595e-12,-11.421638077261251,0.27794443497753063,0.028343970179287102,0.7488013943947307,0.24960046479824355
gamma,0.5,pi_0p750_gamma_0p50,γ = 0.5,0.75,0.5,105,50,49,diagnostic_only_hkt_gate_failed,9.142300940154055e-5,-4.038944486995804,4.831877593211709e-12,-11.315884076304568,0.2757159955479427,0.02824655287129733,0.742408328029936,0.2474694426766453
gamma,0.5,pi_0p750_gamma_0p50,γ = 0.5,0.75,0.5,105,51,50,diagnostic_only_hkt_gate_failed,0.00011642223314617118,-3.9339640745773545,6.153133476715052e-12,-11.210903663886118,0.273445644682633,0.028147180349162543,0.7358953930004113,0.2452984643334704
gamma,0.5,pi_0p750_gamma_0p50,γ = 0.5,0.75,0.5,105,52,51,diagnostic_only_hkt_gate_failed,0.00014798810864391303,-3.8297731802659345,7.82144922705043e-12,-11.106712769574699,0.27113270931773015,0.028045701970557477,0.7292610220415181,0.2430870073471727
gamma,0.5,pi_0p750_gamma_0p50,γ = 0.5,0.75,0.5,105,53,52,diagnostic_only_hkt_gate_failed,0.00018776383446250894,-3.7263880542738406,9.923670971824534e-12,-11.003327643582605,0.26877649956526994,0.027941966762301707,0.7225035984089049,0.2408345328029683
gamma,0.5,pi_0p750_gamma_0p50,γ = 0.5,0.75,0.5,105,54,53,diagnostic_only_hkt_gate_failed,0.00023777967187656697,-3.6238252765852814,1.2567101828987222e-11,-10.900764865894045,0.2663763102049588,0.02783582288869168,0.7156214619488013,0.2385404873162671
gamma,0.5,pi_0p750_gamma_0p50,γ = 0.5,0.75,0.5,105,55,54,diagnostic_only_hkt_gate_failed,0.0003005371998463364,-3.5221017642998698,1.588395494055605e-11,-10.799041353608633,0.2639314264103601,0.027727117405165137,0.708612927015585,0.23620430900519498
gamma,0.5,pi_0p750_gamma_0p50,γ = 0.5,0.75,0.5,105,56,55,diagnostic_only_hkt_gate_failed,0.00037910998443270596,-3.4212347776233445,2.0036674040095253e-11,-10.698174366932108,0.2614411281749597,0.02761569593987924,0.7014762967052414,0.23382543223508045
gamma,0.5,pi_0p750_gamma_0p50,γ = 0.5,0.75,0.5,105,57,56,diagnostic_only_hkt_gate_failed,0.0004772633390018176,-3.3212419246966256,2.5224263004247915e-11,-10.59818151400539,0.25890469415092465,0.027501402342127796,0.6942098754263907,0.23140329180879687
gamma,0.5,pi_0p750_gamma_0p50,γ = 0.5,0.75,0.5,105,58,57,diagnostic_only_hkt_gate_failed,0.0005995961494121876,-3.2221411648404503,3.168978157999631e-11,-10.499080754149213,0.25632140668132103,0.027384078418358337,0.6868119847888879,0.22893732826296265
gamma,0.5,pi_0p750_gamma_0p50,γ = 0.5,0.75,0.5,105,59,58,diagnostic_only_hkt_gate_failed,0.0007517080314748088,-3.1239508095961854,3.972917997008325e-11,-10.400890398904949,0.25369055857303935,0.02726356379010844,0.6792809843487926,0.22642699478293085
gamma,0.5,pi_0p750_gamma_0p50,γ = 0.5,0.75,0.5,105,60,59,diagnostic_only_hkt_gate_failed,0.0009403953605384145,-3.026689522143372,4.9701659364423106e-11,-10.303629111452135,0.2510114581234575,0.027139695646005574,0.6716152874323558,0.2238717624774519
gamma,0.5,pi_0p750_gamma_0p50,γ = 0.5,0.75,0.5,105,61,60,diagnostic_only_hkt_gate_failed,0.0011738799531236176,-2.9303763139586945,6.204175819356518e-11,-10.207315903267459,0.24828343735290584,0.027012308706279985,0.6638133859398776,0.22127112864662585
gamma,0.5,pi_0p750_gamma_0p50,γ = 0.5,0.75,0.5,105,62,61,diagnostic_only_hkt_gate_failed,0.0014620743566166625,-2.835030539931412,7.727337318679914e-11,-10.111970129240175,0.24550585664758814,0.026881234965241026,0.6558738650470415,0.21862462168234714
gamma,0.5,pi_0p750_gamma_0p50,γ = 0.5,0.75,0.5,105,63,62,diagnostic_only_hkt_gate_failed,0.0018168878050063683,-2.7406718900673286,9.60259297069467e-11,-10.017611479376093,0.24267811468273545,0.026746303792016177,0.6477954326721579,0.21593181089071928
gamma,0.5,pi_0p750_gamma_0p50,γ = 0.5,0.75,0.5,105,64,63,diagnostic_only_hkt_gate_failed,0.0022525768776312832,-2.6473203781685197,1.1905291472312872e-10,-9.924259967477283,0.23979965709736686,0.02660734196313297,0.6395769454027017,0.2131923151342339
gamma,0.5,pi_0p750_gamma_0p50,γ = 0.5,0.75,0.5,105,65,64,diagnostic_only_hkt_gate_failed,0.002786144725611213,-2.5549963280047128,1.4725297667677676e-10,-9.831935917313476,0.23686998356344965,0.026464173601290466,0.6312174298864774,0.21040580996215913
gamma,0.5,pi_0p750_gamma_0p50,γ = 0.5,0.75,0.5,105,66,65,diagnostic_only_hkt_gate_failed,0.0034377923805192483,-2.463720355315499,1.8169377799179048e-10,-9.740659944624264,0.2338886594504096,0.02631662044538072,0.6227161170150867,0.20757203900502888
gamma,0.5,pi_0p750_gamma_0p50,γ = 0.5,0.75,0.5,105,67,66,diagnostic_only_hkt_gate_failed,0.00423142505842056,-2.373513346388297,2.2363875419301485e-10,-9.65045293569706,0.2308553251786072,0.02616450199432351,0.6140724695528511,0.2046908231842837
gamma,0.5,pi_0p750_gamma_0p50,γ = 0.5,0.75,0.5,105,68,67,diagnostic_only_hkt_gate_failed,0.005195215511445104,-2.284396432035567,2.745768880939346e-10,-9.56133602134433,0.22776970871942948,0.026007635890816713,0.6052862184858383,0.20176207282861275
gamma,0.5,pi_0p750_gamma_0p50,γ = 0.5,0.75,0.5,105,69,68,diagnostic_only_hkt_gate_failed,0.006362225267011804,-2.196390957912058,3.3625554345536293e-10,-9.47333054722082,0.224631635202768,0.025845838153814218,0.5963573911468614,0.19878579704895377
gamma,0.5,pi_0p750_gamma_0p50,γ = 0.5,0.75,0.5,105,70,69,diagnostic_only_hkt_gate_failed,0.007771083053403726,-2.109518449495344,4.107163210500915e-10,-9.386458038804108,0.22144104102960002,0.025678923767873698,0.587286351785179,0.19576211726172632
gamma,0.5,pi_0p750_gamma_0p50,γ = 0.5,0.75,0.5,105,71,70,diagnostic_only_hkt_gate_failed,0.009466717729702066,-2.023800572102058,5.003337953851757e-10,-9.300740161410822,0.21819798664430068,0.025506707240759863,0.5780738382106223,0.19269127940354075
gamma,0.5,pi_0p750_gamma_0p50,γ = 0.5,0.75,0.5,105,72,71,diagnostic_only_hkt_gate_failed,0.011501140641249461,-1.9392590857650878,6.078568636561803e-10,-9.216198675073851,0.21490266950332138,0.02532900324504872,0.568720998774818,0.18957366625827266
gamma,0.5,pi_0p750_gamma_0p50,γ = 0.5,0.75,0.5,105,73,72,diagnostic_only_hkt_gate_failed,0.013934269484255196,-1.8559157946057216,7.364522885374611e-10,-9.132855383914485,0.21155543775190266,0.02514562739506018,0.5592294310705276,0.1864098103568425
gamma,0.5,pi_0p750_gamma_0p50,γ = 0.5,0.75,0.5,105,74,73,diagnostic_only_hkt_gate_failed,0.016834782503339165,-1.7737924900991655,8.897498441251952e-10,-9.05073207940793,0.2081568052319758,0.02495639721680351,0.5496012240455169,0.1832004080151723
gamma,0.5,pi_0p750_gamma_0p50,γ = 0.5,0.75,0.5,105,75,74,diagnostic_only_hkt_gate_failed,0.020280988153252022,-1.6929108886360533,1.071888279191115e-9,-8.969850477944817,0.20470746498977954,0.02476113312800541,0.5398389955853224,0.17994633186177414
gamma,0.5,pi_0p750_gamma_0p50,γ = 0.5,0.75,0.5,105,76,75,diagnostic_only_hkt_gate_failed,0.02436169139469289,-1.6132925625957528,1.287561102542e-9,-8.890232151904517,0.201208304575955,0.024559659672689485,0.5299459347097967,0.17664864490326554
gamma,0.5,pi_0p750_gamma_0p50,γ = 0.5,0.75,0.5,105,77,76,diagnostic_only_hkt_gate_failed,0.029177033528401855,-1.5349588655521071,1.5420609698273187e-9,-8.81189845486087,0.19766041920874064,0.024351806757899348,0.5199258373525238,0.17330861245084128
gamma,0.5,pi_0p750_gamma_0p50,γ = 0.5,0.75,0.5,105,78,77,diagnostic_only_hkt_gate_failed,0.034839278207086974,-1.4579308511938345,1.8413212257444692e-9,-8.734870440502597,0.19406512568089954,0.02413741110973203,0.5097831437135026,0.16992771457116754
gamma,0.5,pi_0p750_gamma_0p50,γ = 0.5,0.75,0.5,105,79,78,diagnostic_only_hkt_gate_failed,0.0414735120657343,-1.3822291860928166,2.191952933665298e-9,-8.65916877540158,0.19042397546852158,0.023916317855942115,0.4995229728377384,0.16650765761257946
gamma,0.5,pi_0p750_gamma_0p50,γ = 0.5,0.75,0.5,105,80,79,diagnostic_only_hkt_gate_failed,0.049218224541329646,-1.3078740567407077,2.6012755201964044e-9,-8.584813646049472,0.18673876625929814,0.023688382198467337,0.48915115218249244,0.1630503840608308
gamma,0.5,pi_0p750_gamma_0p50,γ = 0.5,0.75,0.5,105,81,80,diagnostic_only_hkt_gate_failed,0.05822572826708355,-1.2348850707555357,3.0773389938027378e-9,-8.511824660064299,0.1830115533361043,0.023453471300112102,0.47867424610797665,0.1595580820359922
gamma,0.5,pi_0p750_gamma_0p50,γ = 0.5,0.75,0.5,105,82,81,diagnostic_only_hkt_gate_failed,0.06866237901299087,-1.1632811532214382,3.628935569078844e-9,-8.440220742530203,0.17924465792912028,0.02321146617636128,0.46809957525827706,0.156033191752759
gamma,0.5,pi_0p750_gamma_0p50,γ = 0.5,0.75,0.5,105,83,82,diagnostic_only_hkt_gate_failed,0.08070855309073562,-1.0930804384715174,4.2655984725557654e-9,-8.370020027780281,0.17544067436791907,0.02296226375331845,0.4574352318438019,0.15247841061460063
gamma,0.5,pi_0p750_gamma_0p50,γ = 0.5,0.75,0.5,105,84,83,diagnostic_only_hkt_gate_failed,0.09455834050997192,-1.0243001582234597,4.997585725434638e-9,-8.301239747532223,0.17160247444488094,0.02270577897114953,0.4466900864211943,0.1488966954737314
gamma,0.5,pi_0p750_gamma_0p50,γ = 0.5,0.75,0.5,105,85,84,diagnostic_only_hkt_gate_failed,0.11041891451619983,-0.9569565265487311,5.8358468224805e-9,-8.233896115857494,0.1677332102138073,0.022441947038062883,0.43587378952723344,0.14529126317574448
gamma,0.5,pi_0p750_gamma_0p50,γ = 0.5,0.75,0.5,105,86,85,diagnostic_only_hkt_gate_failed,0.12850954223836214,-0.8910646234019154,6.79197044289129e-9,-8.16800421271068,0.16383631193465648,0.022170725569004776,0.42499675909695517,0.1416655863656517
gamma,0.5,pi_0p750_gamma_0p50,γ = 0.5,0.75,0.5,105,87,86,diagnostic_only_hkt_gate_failed,0.14906020788430507,-0.8266382774238707,7.87811168359457e-9,-8.103577866732635,0.15991548400215425,0.02189209683168411,0.4140701615114104,0.13802338717047014
gamma,0.5,pi_0p750_gamma_0p50,γ = 0.5,0.75,0.5,105,88,87,diagnostic_only_hkt_gate_failed,0.17230982871415929,-0.7636899492810484,9.106897770093152e-9,-8.040629538589812,0.15597469747190795,0.02160606997179479,0.4031058825003396,0.1343686275001132
gamma,0.5,pi_0p750_gamma_0p50,γ = 0.5,0.75,0.5,105,89,88,diagnostic_only_hkt_gate_failed,0.1985040547566473,-0.7022306176643316,1.0491311767343228e-8,-7.979170206973096,0.15201817701264764,0.021312683010924382,0.3921164820051697,0.1307054940017232
gamma,0.5,pi_0p750_gamma_0p50,γ = 0.5,0.75,0.5,105,90,89,diagnostic_only_hkt_gate_failed,0.2278926567249107,-0.642269668655653,1.2044554526204724e-8,-7.919209257964417,0.14805038619635175,0.02101200491320898,0.38111514384942824,0.12703838128314274
gamma,0.5,pi_0p750_gamma_0p50,γ = 0.5,0.75,0.5,105,91,90,diagnostic_only_hkt_gate_failed,0.2607265205648563,-0.5838147910442754,1.3779885839681766e-8,-7.860754380353039,0.14407600627333655,0.020704137264700745,0.3701156070259075,0.12337186900863584
gamma,0.5,pi_0p750_gamma_0p50,γ = 0.5,0.75,0.5,105,92,91,diagnostic_only_hkt_gate_failed,0.29725428315558744,-0.52687187888779,1.5710446633377697e-8,-7.803811468196554,0.14009991201353356,0.020389215817781352,0.3591320885872566,0.1197106961957522
gamma,0.5,pi_0p750_gamma_0p50,γ = 0.5,0.75,0.5,105,93,92,diagnostic_only_hkt_gate_failed,0.33771865925797184,-0.4714449435431388,1.784906483783501e-8,-7.748384532851902,0.13612714229993034,0.02006741163542079,0.34817919199352854,0.1160597306645095
gamma,0.5,pi_0p750_gamma_0p50,γ = 0.5,0.75,0.5,105,94,93,diagnostic_only_hkt_gate_failed,0.38235252493093297,-0.41753603752696516,2.020804838973685e-8,-7.694475626835729,0.13216286530045357,0.019738931743363736,0.3372718006712695,0.11242393355708982
gamma,0.5,pi_0p750_gamma_0p50,γ = 0.5,0.75,0.5,105,95,94,diagnostic_only_hkt_gate_failed,0.4313748362757565,-0.3651451925327929,2.2798969529885903e-8,-7.642084781841557,0.1282123384792052,0.019404019225515587,0.32642495776106883,0.10880831925368961
gamma,0.5,pi_0p750_gamma_0p50,γ = 0.5,0.75,0.5,105,96,95,diagnostic_only_hkt_gate_failed,0.4849864719029273,-0.31427037533556923,2.5632445069775468e-8,-7.591209964644333,0.12428085998252242,0.0190629523541056,0.3156537228852505,0.10521790762841683
gamma,0.5,pi_0p750_gamma_0p50,γ = 0.5,0.75,0.5,105,97,96,diagnostic_only_hkt_gate_failed,0.5433660924066384,-0.26490746628645795,2.8717917557047727e-8,-7.5418470555952215,0.12037370913594472,0.018716042421913163,0.3049730001420947,0.10165766671403156
gamma,0.5,pi_0p750_gamma_0p50,γ = 0.5,0.75,0.5,105,98,97,diagnostic_only_hkt_gate_failed,0.6066661072190871,-0.2170502672265251,3.2063442116175634e-8,-7.493989856535289,0.11649607087568697,0.01836362966795105,0.29439732362320775,0.09813244120773591
gamma,0.5,pi_0p750_gamma_0p50,γ = 0.5,0.75,0.5,105,99,98,diagnostic_only_hkt_gate_failed,0.6750088231004876,-0.17069055042999454,3.56754828889333e-8,-7.4476301397387585,0.11265293226067699,0.018006075993214604,0.2839405688023871,0.09464685626746236
gamma,0.5,pi_0p750_gamma_0p50,γ = 0.5,0.75,0.5,105,100,99,diagnostic_only_hkt_gate_failed,0.7484828139603903,-0.12581816711499222,3.9558721172640744e-8,-7.402757756423756,0.10884893403676993,0.017643752593883625,0.2736155443286589,0.09120518144288631
gamma,0.5,pi_0p750_gamma_0p50,γ = 0.5,0.75,0.5,105,101,100,diagnostic_only_hkt_gate_failed,0.8271394848861137,-0.0824212469065728,4.3715873822619296e-8,-7.359360836215337,0.1050881455908565,0.01727701907620446,0.2634333795439561,0.08781112651465203
gamma,0.5,pi_0p750_gamma_0p50,γ = 0.5,0.75,0.5,105,102,101,diagnostic_only_hkt_gate_failed,0.9109896833817174,-0.040486541222129795,4.8147514149812804e-8,-7.317426130530894,0.10137371027227503,0.016906188247044356,0.25340256607569206,0.08446752202523068
gamma,0.5,pi_0p750_gamma_0p50,γ = 0.5,0.75,0.5,105,103,102,diagnostic_only_hkt_gate_failed,1.0,0.0,5.285187640224725e-8,-7.276939589308764,0.09770727181878089,0.01653146668302269,0.24352741540727463,0.0811758051357582
gamma,0.5,pi_0p750_gamma_0p50,γ = 0.5,0.75,0.5,105,104,103,diagnostic_only_hkt_gate_failed,,,,,0.09408803362879914,0.016152854346546345,0.23380553784675837,0.07793517928225278
gamma,0.5,pi_0p750_gamma_0p50,γ = 0.5,0.75,0.5,105,105,104,diagnostic_only_hkt_gate_failed,,,,,0.09051120823056497,0.015769975246391035,0.22422369895252175,0.07474123298417391
