sweep_kind,sweep_value,case_id,label,pi,gamma,T_max,t,model_t,rebased_nfa_current_Y,cum_va_current_Y,cum_va_asset_current_Y,cum_va_liability_current_Y,cum_ca_current_Y,cum_ca_asset_current_Y,cum_ca_liability_current_Y,cum_ca_bond_current_Y,q_us_index,q_row_index,row_equity_asset_current_Y,us_equity_liability_current_Y
gamma,0.05,pi_0p750_gamma_0p05,γ = 0.05,0.75,0.05,105,1,0,0.0,0.0,0.0,0.0,0.0,0.0,0.0,0.0,1.0,1.0,0.27507215129237084,0.16425680816592064
gamma,0.05,pi_0p750_gamma_0p05,γ = 0.05,0.75,0.05,105,2,1,-0.006968917386587736,-0.005236966517950733,-0.0025067876004500737,-0.002730178917500659,-0.0017319508686370535,0.0031270846732725606,-0.004844706667404318,-1.432887450529597e-5,1.0166300270892237,0.9908820723630709,0.27554983153163803,0.1717465314188321
gamma,0.05,pi_0p750_gamma_0p05,γ = 0.05,0.75,0.05,105,3,2,-0.01336656236745349,-0.01028791630587534,-0.004691038249280657,-0.005596878056594682,-0.0030786460615781787,0.0067912315537445025,-0.00967397541297938,-0.0001959022023433014,1.0337223088498626,0.9829647123487154,0.2760107298751164,0.17883401407571248
gamma,0.05,pi_0p750_gamma_0p05,γ = 0.05,0.75,0.05,105,4,3,-0.019164600400736843,-0.015137376998267633,-0.006573025956455999,-0.00856435104181163,-0.004027223402469248,0.010966386443804028,-0.014468158160680667,-0.0005254516855926093,1.0512130611100365,0.9761026371893134,0.2764478751625445,0.1854873633842932
gamma,0.05,pi_0p750_gamma_0p05,γ = 0.05,0.75,0.05,105,5,4,-0.024345073419576556,-0.01977037600038408,-0.008172849488582599,-0.011597526511801482,-0.0045746974191924784,0.015618545360320642,-0.019208514844644732,-0.0009847279348683866,1.069048084590364,0.9701706308268456,0.2768559813159213,0.19168191834442858
gamma,0.05,pi_0p750_gamma_0p05,γ = 0.05,0.75,0.05,105,6,5,-0.028899410479809873,-0.024173237928115814,-0.009510342905846368,-0.014662895022269445,-0.004726172551694074,0.020707549564121706,-0.02387735259222517,-0.0015563695235906124,1.0871821239349027,0.9650607701925555,0.2772311639066643,0.1973999812373411
gamma,0.05,pi_0p750_gamma_0p05,γ = 0.05,0.75,0.05,105,7,6,-0.0328273384659106,-0.028334166684124196,-0.010604974371584452,-0.017729192312539742,-0.004493171781786417,0.026188806139041978,-0.028458127271025768,-0.002223850649802621,1.1055781507730684,0.9606800064088868,0.2775707014826955,0.20263037206497247
gamma,0.05,pi_0p750_gamma_0p05,γ = 0.05,0.75,0.05,105,8,7,-0.03613575811537589,-0.032243633618294264,-0.011475743282452891,-0.020767890335841373,-0.003892124497081676,0.03201487672248795,-0.03293551598448288,-0.0029714852350867394,1.1242066296002937,0.9569480631387774,0.27787283655296696,0.20736786311195277
gamma,0.05,pi_0p750_gamma_0p05,γ = 0.05,0.75,0.05,105,9,8,-0.038837623209899606,-0.035894588438507506,-0.01214107918872407,-0.023753509249783436,-0.0029430347713921318,0.03813688868709815,-0.03729546889280579,-0.0037844545656844915,1.1430447729438817,0.9537956298430801,0.27813660577975874,0.21161253832492652
gamma,0.05,pi_0p750_gamma_0p05,γ = 0.05,0.75,0.05,105,10,9,-0.040950869696203804,-0.03928252939939834,-0.012618750781398746,-0.026663778617999588,-0.0016683402968055048,0.04450575443920422,-0.041525242141262304,-0.004648852594747415,1.16207583552345,0.9511628053667305,0.27836169836805796,0.21536912044061648
gamma,0.05,pi_0p750_gamma_0p05,γ = 0.05,0.75,0.05,105,11,10,-0.04249740568119397,-0.042405452468005776,-0.012925785019040265,-0.0294796674489655,-9.195321318821443e-5,0.05107318449700087,-0.04561341583302202,-0.005551721877167068,1.1812884292778105,0.9489977719464796,0.2785483326383411,0.21864629205106484
gamma,0.05,pi_0p750_gamma_0p05,γ = 0.05,0.75,0.05,105,12,11,-0.043502199707852934,-0.045263720115985645,-0.013078402840753863,-0.032185317275231766,0.0017615204081326997,0.05779250999229126,-0.049549896269530096,-0.006481093314628466,1.20067591334173,0.9472556553300192,0.27869715516679533,0.2214560411579844
gamma,0.05,pi_0p750_gamma_0p05,γ = 0.05,0.75,0.05,105,13,12,-0.04399245323849458,-0.047859860966827365,-0.013091967645197395,-0.03476789332162996,0.0038674077283327645,0.0646193151825808,-0.053325905478305985,-0.007426001975942042,1.2202358135910607,0.9458975607021106,0.27880915099399856,0.22381303978663022
gamma,0.05,pi_0p750_gamma_0p05,γ = 0.05,0.75,0.05,105,14,13,-0.04399687762602941,-0.05019833210877307,-0.012980949894979147,-0.03721738221379391,0.006201454482743613,0.07151190547004366,-0.05693395756267681,-0.008376493424623252,1.2399693076655143,0.9448897493890709,0.2788855688246657,0.22573407276838459
gamma,0.05,pi_0p750_gamma_0p05,γ = 0.05,0.75,0.05,105,15,14,-0.04354507258177641,-0.052285262097313316,-0.012758907061538234,-0.039526355035775076,0.008740189515536893,0.07843163035739396,-0.060367822760228264,-0.009323618081628817,1.2598807745230198,0.9442029357741814,0.27892785842256385,0.22723752264691008
gamma,0.05,pi_0p750_gamma_0p05,γ = 0.05,0.75,0.05,105,16,15,-0.04266699753512035,-0.05412818593526853,-0.012438476559670094,-0.04168970937559843,0.011461188400148155,0.0853430799960953,-0.0636224810309009,-0.010259410565046255,1.2799773952438882,0.9438116902347802,0.2789376171529398,0.2283429118040625
gamma,0.05,pi_0p750_gamma_0p05,γ = 0.05,0.75,0.05,105,17,16,-0.041392529112189366,-0.05573578241811721,-0.012031379925385412,-0.043704402492731796,0.01434325330592784,0.09221417547407666,-0.06669406685647128,-0.011176855311677565,1.3002687985500523,0.9436939334040206,0.2789165442869863,0.22907050172046323
gamma,0.05,pi_0p750_gamma_0p05,γ = 0.05,0.75,0.05,105,18,17,-0.039751102170942035,-0.05711762573357403,-0.011548437816082823,-0.04556918791749121,0.017366523562631984,0.09901617479019262,-0.0695798063125169,-0.01206984491504375,1.3207667607862819,0.9438305041880577,0.27886640352949904,0.22944094966022519
gamma,0.05,pi_0p750_gamma_0p05,γ = 0.05,0.75,0.05,105,19,18,-0.037771425604379676,-0.05828395698800591,-0.010999594128481425,-0.04728436285952448,0.020512531383626187,0.10572361225697857,-0.0722779479820611,-0.012933132891291312,1.3414849578093786,0.9442047900036298,0.27878899257059886,0.22947501939806209
gamma,0.05,pi_0p750_gamma_0p05,γ = 0.05,0.75,0.05,105,20,19,-0.035481260238377214,-0.0592454759511784,-0.01039394651137884,-0.04885152943979956,0.023764215712801146,0.11231418504229103,-0.07478768984929007,-0.013762279480199846,1.3624387534339055,0.9448024130992769,0.278686117570156,0.22919334007963246
gamma,0.05,pi_0p750_gamma_0p05,γ = 0.05,0.75,0.05,105,21,20,-0.03290725083829994,-0.060013154731117034,-0.009739781693695227,-0.05027337303742181,0.027105903892817047,0.118768600476966,-0.07710910388120301,-0.014553592702945975,1.3836450196142778,0.9456109648997957,0.27855957198190473,0.2286162087796675
gamma,0.05,pi_0p750_gamma_0p05,γ = 0.05,0.75,0.05,105,22,21,-0.030074809736355002,-0.06059807833845584,-0.009044615687779659,-0.05155346265067618,0.03052326860210085,0.12507039847349202,-0.07924305907257385,-0.015304070798817355,1.405122002361168,0.946619776323905,0.27841112056116274,0.22776343440642483
gamma,0.05,pi_0p750_gamma_0p05,γ = 0.05,0.75,0.05,105,23,22,-0.027008036623074074,-0.061011305088775745,-0.008315235414106942,-0.05269606967466881,0.03400326846570165,0.13120575471237964,-0.08119114526939973,-0.016011340977278306,1.4268892045935395,0.9478197257211515,0.2782424857383032,0.22665421454707904
gamma,0.05,pi_0p750_gamma_0p05,γ = 0.05,0.75,0.05,105,24,23,-0.023729678360329628,-0.06126375443831159,-0.007557743579952021,-0.053706010858359576,0.037534076077981975,0.13716327767179867,-0.0829555975856935,-0.016673604008123236,1.4489673179534104,0.9492030694213291,0.2780553386438194,0.22530704548302272
gamma,0.05,pi_0p750_gamma_0p05,γ = 0.05,0.75,0.05,105,25,24,-0.020261108626765025,-0.061366109399995844,-0.006777602176857924,-0.05458850722313792,0.041105000773230836,0.14293379903882528,-0.0845392237970544,-0.017289574468540063,1.4713781555069017,0.9507633034994203,0.27785129063010433,0.22373965456743264
gamma,0.05,pi_0p750_gamma_0p05,γ = 0.05,0.75,0.05,105,26,25,-0.01662233467853382,-0.06132874126808998,-0.005979676989677401,-0.055349064278412574,0.04470640658955617,0.14851016808726125,-0.08594533443315817,-0.01785842706454695,1.494144621277365,0.952495042524777,0.2776318881366749,0.2219689568307275
gamma,0.05,pi_0p750_gamma_0p05,γ = 0.05,0.75,0.05,105,27,26,-0.012832023053563528,-0.061161651211341594,-0.005168281274854098,-0.05599336993648749,0.04832962815777806,0.15388705188533428,-0.08717767681844309,-0.018379746909113166,1.5172907024418354,0.9543939164370366,0.27739860955953494,0.22001103045291923
gamma,0.05,pi_0p750_gamma_0p05,γ = 0.05,0.75,0.05,105,28,27,-0.008907534084859734,-0.060874424497118065,-0.0043472176673251765,-0.056527206829792884,0.05196689041225834,0.1590607422002949,-0.08824037265942318,-0.018853479128613418,1.5408414702740068,0.9564564847347271,0.277152862386318,0.21788110528690213
gamma,0.05,pi_0p750_gamma_0p05,γ = 0.05,0.75,0.05,105,29,28,-0.004864968896203855,-0.06047619759287471,-0.003519818341180501,-0.056956379251694216,0.055611228696670865,0.16402897285716048,-0.08913786055441898,-0.01927988360607067,1.5648230991499479,0.95868016466019,0.27689598202889143,0.2155935646560098
gamma,0.05,pi_0p750_gamma_0p05,γ = 0.05,0.75,0.05,105,30,29,-0.0007192265006871614,-0.059975638564112504,-0.0026889841095454063,-0.057286654454567106,0.05925641206342534,0.16879074975992092,-0.08987484261728523,-0.019659495079210398,1.5892629124956812,0.961063168210352,0.27662923214791646,0.21316195831903684
gamma,0.05,pi_0p750_gamma_0p05,γ = 0.05,0.75,0.05,105,31,30,0.0035159357160625356,-0.059380935521919545,-0.0018572210895455735,-0.05752371443237398,0.06289687123798207,0.17334619228866435,-0.0904562356013102,-0.01999308544937211,1.6141894395225007,0.9636044506324549,0.2763538052915489,0.21059902236050576
gamma,0.05,pi_0p750_gamma_0p05,γ = 0.05,0.75,0.05,105,32,31,0.007827841023857798,-0.058699790550657265,-0.0010266744443601014,-0.057673116106297176,0.06652763157451505,0.17769638574709223,-0.09088712666478253,-0.02028162750779469,1.639632475693316,0.9663036706945273,0.2760708235446014,0.20791670378787583
gamma,0.05,pi_0p750_gamma_0p05,γ = 0.05,0.75,0.05,105,33,32,0.012204828394702022,-0.05793942143506372,-0.00019916037633580194,-0.05774026105872793,0.07014424982976579,0.18184324692946183,-0.09117273350219206,-0.02052626359750401,1.665623163791732,0.969161157432821,0.2757813401127935,0.20512619072261296
gamma,0.05,pi_0p750_gamma_0p05,γ = 0.05,0.75,0.05,105,34,33,0.01663618494643149,-0.057106570289765395,0.0006238034573390755,-0.057730373747104484,0.0737427552361969,0.18578940269370445,-0.09131836848117031,-0.020728278976337233,1.6921940986352098,0.9721778817306663,0.27548634162198277,0.20223794679532003
gamma,0.05,pi_0p750_gamma_0p05,γ = 0.05,0.75,0.05,105,35,34,0.021112083586415083,-0.05620751256907458,0.001440970991622375,-0.05764848356069697,0.0773195961554897,0.18953807801457576,-0.09132940696391956,-0.020889074895166546,1.7193794274357468,0.9753554389804207,0.275186749737381,0.19926174543362773
gamma,0.05,pi_0p750_gamma_0p05,γ = 0.05,0.75,0.05,105,36,35,0.02562351718517808,-0.055248073084549876,0.0022513415276382226,-0.05749941461218811,0.08087159026972796,0.1930929971211675,-0.09121125909170122,-0.021010147759738345,1.7472149843575546,0.9786960326395627,0.2748834238065545,0.19620670771193657
gamma,0.05,pi_0p750_gamma_0p05,γ = 0.05,0.75,0.05,105,37,36,0.030162240481782152,-0.05423363939899222,0.0030541373709136706,-0.0572877767699059,0.0843958798807744,0.1964582921777524,-0.0909693454498246,-0.02109306684715341,1.7757384136126377,0.9822024699054054,0.27457716251396797,0.19308133792014998
gamma,0.05,pi_0p750_gamma_0p05,γ = 0.05,0.75,0.05,105,38,37,0.03472070813090777,-0.05316918195962658,0.00384878155925292,-0.057017963518879514,0.08788989009053436,0.19963842431107243,-0.09060907563064612,-0.021139458589891937,1.8049893345117123,0.9858781557990878,0.27426870664367287,0.1898935620948681
gamma,0.05,pi_0p750_gamma_0p05,γ = 0.05,0.75,0.05,105,39,38,0.039292021087687735,-0.05205927046032615,0.00463487927589463,-0.05669414973622079,0.09135129154801391,0.2026381107942882,-0.09013583011023928,-0.021150989136034994,1.8350094958899337,0.9897270988861828,0.27395874082085003,0.1866507632917835
gamma,0.05,pi_0p750_gamma_0p05,γ = 0.05,0.75,0.05,105,40,39,0.0438698708791552,-0.050908095232710546,0.005412199305600644,-0.05632029453831121,0.0947779661118658,0.20546226271166426,-0.08955494448272883,-0.021129352117069646,1.865842971117786,0.9937539155145776,0.27364789599186023,0.18335981844442845
gamma,0.05,pi_0p750_gamma_0p05,γ = 0.05,0.75,0.05,105,41,40,0.04844848980039783,-0.04971948617892551,0.0061806581747921845,-0.0559001443537177,0.09816797597932331,0.20811592857236996,-0.08887169635640173,-0.021076256236644934,1.897536356601494,0.9979638425029479,0.2733367513118774,0.1800271326014574
gamma,0.05,pi_0p750_gamma_0p05,γ = 0.05,0.75,0.05,105,42,41,0.053022602707861466,-0.0484969324004191,0.006940305587015061,-0.05543723798743417,0.10151953510828055,0.21060424500984842,-0.08809129457776527,-0.020993415323802608,1.9301389942157232,1.0023627536418616,0.27302583609160846,0.17665867251390951
gamma,0.05,pi_0p750_gamma_0p05,γ = 0.05,0.75,0.05,105,43,42,0.05758738399710664,-0.04724360053518235,0.007691311537119254,-0.05493491207230161,0.10483098453228898,0.21293239303162842,-0.08721887018094189,-0.02088253831839757,1.9637032065933522,1.0069571818876946,0.2727156313424937,0.17325999777839798
gamma,0.05,pi_0p750_gamma_0p05,γ = 0.05,0.75,0.05,105,44,43,0.062138415151551704,-0.04596235388370135,0.008433954324992788,-0.05439630820869414,0.10810076903525305,0.21510556039557804,-0.08625946932372976,-0.020745322036595248,1.9982845634509128,1.011754344775002,0.27240657147233466,0.16983629154954843
gamma,0.05,pi_0p750_gamma_0p05,γ = 0.05,0.75,0.05,105,45,44,0.0666716435681118,-0.04465577157076735,0.00916860959462442,-0.05382438116539177,0.11132741513887916,0.21712890916602798,-0.08521804797790943,-0.020583446049239385,2.033942179472727,1.0167621739461952,0.272099045917795,0.16639239032479736
gamma,0.05,pi_0p750_gamma_0p05,γ = 0.05,0.75,0.05,105,46,45,0.07118334965754265,-0.04332616413734199,0.009895741342178474,-0.053221905479520465,0.11450951379488462,0.21900754627239766,-0.08409946746364783,-0.02039856501386523,2.070739016760701,1.021989353113647,0.2717934000541453,0.16293280957207312
gamma,0.05,pi_0p750_gamma_0p05,γ = 0.05,0.75,0.05,105,47,46,0.07567011146082372,-0.04197559080335807,0.01061589321264875,-0.05259148401600682,0.1176457022641818,0.22074649913377892,-0.08290849177557484,-0.020192305094022305,2.1087422361511567,1.0274453586344925,0.2714899364597976,0.15946177012311175
gamma,0.05,pi_0p750_gamma_0p05,γ = 0.05,0.75,0.05,105,48,47,0.08012877234828984,-0.040605876065678705,0.01132968048732959,-0.05193555655300829,0.12073464841396853,0.2223506948805815,-0.08164978572587377,-0.019966260740739244,2.1480235827343535,1.033140504750951,0.2711889158940059,0.15598322267801382
gamma,0.05,pi_0p750_gamma_0p05,γ = 0.05,0.75,0.05,105,49,48,0.08455641374146627,-0.039218623331105776,0.012037783787427623,-0.0512564071185334,0.12377503707257205,0.2238249415650214,-0.08032791395841021,-0.019721990534039176,2.188659792306675,1.03908599831199,0.270890557885264,0.15250086948716485
gamma,0.05,pi_0p750_gamma_0p05,γ = 0.05,0.75,0.05,105,50,49,0.08895032792006756,-0.037815229046244216,0.012740943012880736,-0.05055617205912496,0.1267655569663118,0.22517391274623227,-0.0789473408895311,-0.019461014890389393,2.2307330478220027,1.0452939980112188,0.27059504133807005,0.14901818554727878
gamma,0.05,pi_0p750_gamma_0p05,γ = 0.05,0.75,0.05,105,51,50,0.09330799310214306,-0.036396896177440956,0.01343995177342069,-0.04983684795086165,0.12970488927958398,0.22640213463363407,-0.0775124311902314,-0.01918481416381871,2.2743314812268816,1.0517776798361498,0.2703025049552633,0.1455384382494201
gamma,0.05,pi_0p750_gamma_0p05,γ = 0.05,0.75,0.05,105,52,51,0.0976270503370072,-0.0349646464939766,0.014135652672146776,-0.04910029916612337,0.1325916968309838,0.22751397506822693,-0.07602745095083226,-0.018894827286410905,2.31954972353755,1.0585513110378502,0.2700130474775229,0.14206470564955162
gamma,0.05,pi_0p750_gamma_0p05,γ = 0.05,0.75,0.05,105,53,52,0.10190528149559115,-0.033519332906966536,0.014828932647344388,-0.048348265554310925,0.13542461440255768,0.2285136348364773,-0.07449656922624584,-0.018592451207673787,2.3664895165243722,1.0656303303490495,0.26972672777535545,0.13859989371787187
gamma,0.05,pi_0p750_gamma_0p05,γ = 0.05,0.75,0.05,105,54,53,0.10614059135616029,-0.03206164923297008,0.015520719600270235,-0.04758236883324031,0.13820224058913033,0.22940513972968013,-0.0729238598272672,-0.01827903931328259,2.4152603697624953,1.073031440501759,0.2694435647101939,0.1351467511939237
gamma,0.05,pi_0p750_gamma_0p05,γ = 0.05,0.75,0.05,105,55,54,0.1103309902882618,-0.030592139884064458,0.016211979181560972,-0.04680411906562542,0.14092313017232622,0.23019233435755312,-0.07131330346968051,-0.017955900715546372,2.465980289435717,1.080772709704075,0.26916353694912426,0.13170788371467088
gamma,0.05,pi_0p750_gamma_0p05,γ = 0.05,0.75,0.05,105,56,55,0.11447457583848197,-0.02911121081044608,0.016903711015607486,-0.046014921826053566,0.143585786648928,0.23087887813774838,-0.06966879024449979,-0.017624301244320562,2.5187766008403942,1.0888736800752679,0.2688865826596382,0.12828576791884524
gamma,0.05,pi_0p750_gamma_0p05,γ = 0.05,0.75,0.05,105,57,56,0.11856951778130063,-0.02761913854075417,0.017596945722262274,-0.04521608426301644,0.1461886563220548,0.23146824184863807,-0.0679941220092398,-0.017285463517343405,2.5737868435522935,1.0973554899074975,0.2686125990097662,0.12488276343869004
gamma,0.05,pi_0p750_gamma_0p05,γ = 0.05,0.75,0.05,105,58,57,0.12261404573315124,-0.026116077623444447,0.018292742721848648,-0.04440882034529309,0.1487301233565957,0.2319637046805438,-0.06629301478044339,-0.016940566543504666,2.6311597493341914,1.1062410114047985,0.2683414416111806,0.12150112327787414
gamma,0.05,pi_0p750_gamma_0p05,γ = 0.05,0.75,0.05,105,59,58,0.12660643607531943,-0.024602069002090544,0.018992187543702726,-0.04359425654579327,0.15120850507740996,0.23236835286774232,-0.06456910124025571,-0.016590746550076606,2.6910563373472662,1.1155550001018795,0.2680729238935952,0.11814300405240288
gamma,0.05,pi_0p750_gamma_0p05,γ = 0.05,0.75,0.05,105,60,59,0.13054500045253195,-0.02307704810176497,0.019696389060862633,-0.042773437162627596,0.1536220485542969,0.23268507935937993,-0.06282593304623567,-0.016237097758847335,2.753651125213021,1.1253242593347366,0.2678068164206162,0.11481047506075678
gamma,0.05,pi_0p750_gamma_0p05,γ = 0.05,0.75,0.05,105,61,60,0.1344280751794378,-0.02154085235916366,0.020406476991060685,-0.04194732935022434,0.15596892753860148,0.23291658404278945,-0.061066983077025676,-0.015880673427162248,2.819133470347288,1.1355778231637654,0.26754284613911417,0.11150552647135512
gamma,0.05,pi_0p750_gamma_0p05,γ = 0.05,0.75,0.05,105,62,61,0.13825401114911826,-0.019993229369543918,0.021123598799509074,-0.04111682816905299,0.15824724051866215,0.23306537527279156,-0.05929564743462234,-0.015522487319507037,2.887709064400098,1.1463471560917053,0.26728069557356826,0.10823007682972505
gamma,0.05,pi_0p750_gamma_0p05,γ = 0.05,0.75,0.05,105,63,62,0.1420211683672789,-0.01843384230554902,0.021848917878444365,-0.040282760183993384,0.16045501067282794,0.23313377107636535,-0.057515246905831006,-0.015163513497706364,2.9596015585581648,1.1576663804012477,0.26702000230785206,0.10498597817658922
gamma,0.05,pi_0p750_gamma_0p05,γ = 0.05,0.75,0.05,105,64,63,0.14572790644587555,-0.016862278875349374,0.022583609717357733,-0.03944588859270711,0.16259018532122493,0.23312390267853392,-0.05572902854428064,-0.014804688813028271,3.0350544125986185,1.1695725190558628,0.26676035823943245,0.10177502249436471
gamma,0.05,pi_0p750_gamma_0p05,γ = 0.05,0.75,0.05,105,65,64,0.14937257825580783,-0.015278059144247486,0.023328858322021088,-0.03860691746626858,0.16465063740005528,0.23303771846917262,-0.05394016662513026,-0.014446914443987043,3.1143329330505956,1.182105766825716,0.266501309029907,0.09859894634399712
gamma,0.05,pi_0p750_gamma_0p05,γ = 0.05,0.75,0.05,105,66,65,0.15295352661200778,-0.013680642028290092,0.024085853171367664,-0.03776649519965776,0.1666341686402979,0.2328769882482419,-0.052151763015463225,-0.014091056592480743,3.1977265183236927,1.1953097945744953,0.26624235396846246,0.09545943388648188
gamma,0.05,pi_0p750_gamma_0p05,γ = 0.05,0.75,0.05,105,67,66,0.15646907914518343,-0.012069434390109459,0.0248557844210504,-0.036925218811159864,0.16853851353529287,0.2326433095619121,-0.05036684730384799,-0.013737948722771235,3.2855511854062556,1.2092320796426488,0.26598294584850074,0.09235812031874523
gamma,0.05,pi_0p750_gamma_0p05,γ = 0.05,0.75,0.05,105,68,67,0.15991754509354605,-0.010443799455030829,0.025639838349887284,-0.03608363780491811,0.17036134454857696,0.23233811443801197,-0.04858837635659602,-0.013388393532838994,3.378152373452499,1.2239242753303354,0.26572249120307395,0.08929659413014522
gamma,0.05,pi_0p750_gamma_0p05,γ = 0.05,0.75,0.05,105,69,68,0.16329721440790054,-0.00880306590112728,0.026439191834542006,-0.03524225773566929,0.1721002803090278,0.23196267793510175,-0.04681923310285284,-0.013043164523221108,3.475908057532582,1.2394426183455591,0.2654603511573344,0.08627639815572383
gamma,0.05,pi_0p750_gamma_0p05,γ = 0.05,0.75,0.05,105,70,69,0.16660635521516362,-0.007146538935250515,0.027255005548840482,-0.034401544484090996,0.17375289415041414,0.23151812824298842,-0.04506222502516576,-0.012703009067408509,3.5792322488588186,1.2558483771037816,0.26519584238304084,0.0832990309416327
gamma,0.05,pi_0p750_gamma_0p05,γ = 0.05,0.75,0.05,105,71,70,0.16984321602959046,-0.005473509973074922,0.028088417555247706,-0.03356192752832263,0.17531672600266537,0.23100545767189115,-0.04332008163275028,-0.012368650036475507,3.6885788596513196,1.2732083545544988,0.2649282391893856,0.08036594600315011
gamma,0.05,pi_0p750_gamma_0p05,γ = 0.05,0.75,0.05,105,72,71,0.1730060276236547,-0.0037832682467122195,0.028940535481314707,-0.032723803728026926,0.1767892958703669,0.23042553573280125,-0.041595451445459515,-0.012040788416974825,3.8044460330334253,1.2915954427574927,0.2646567761958397,0.07747855104972291
gamma,0.05,pi_0p750_gamma_0p05,γ = 0.05,0.75,0.05,105,73,72,0.17609300331213265,-0.0020751156972892144,0.02981242623484966,-0.03188754193213888,0.1781681190094219,0.2297791250612624,-0.03989089851873224,-0.011720107533108311,3.927381018604907,1.311089229621947,0.26438065131907135,0.07463820753402639
gamma,0.05,pi_0p750_gamma_0p05,γ = 0.05,0.75,0.05,105,74,73,0.17910234613376538,-0.0003483790411493332,0.03070510710521888,-0.03105348614636822,0.1794507251749147,0.22906689800711186,-0.038208897743152476,-0.011407275089044681,4.057985547903323,1.3317766846440546,0.26409903076286034,0.07184622750607286
gamma,0.05,pi_0p750_gamma_0p05,γ = 0.05,0.75,0.05,105,75,74,0.18203225344864224,0.001397574137855302,0.03161953402207897,-0.030221959884223677,0.18063467931078694,0.22828945658258895,-0.03655182985258609,-0.011102947419215926,4.1969218958530465,1.3537529100025083,0.26381105451694814,0.06910387135532056
gamma,0.05,pi_0p750_gamma_0p05,γ = 0.05,0.75,0.05,105,76,75,0.184880923007923,0.0031633184536781814,0.03255658900358727,-0.029393270549909097,0.18171760455424485,0.2274473544779171,-0.03492197572948071,-0.01080777419419155,4.344919663238835,1.3771219754391206,0.2635158431157371,0.06641234488354843
gamma,0.05,pi_0p750_gamma_0p05,γ = 0.05,0.75,0.05,105,77,76,0.18764656230658044,0.004949353000239256,0.0335170664913873,-0.028567713491148047,0.1826972093063412,0.22654112205880747,-0.033321509871969426,-0.010522402880496858,4.502783343367573,1.4019978448619008,0.2632125062884818,0.0637727952230746
gamma,0.05,pi_0p750_gamma_0p05,γ = 0.05,0.75,0.05,105,78,77,0.1903273976884598,0.006756081994899582,0.03450165852968381,-0.027745576534784235,0.18357131569356028,0.22557129376054924,-0.0317524934352059,-0.010247484631783073,4.671400820725462,1.4285054043963132,0.262900152892897,0.06118630683750477
gamma,0.05,pi_0p750_gamma_0p05,γ = 0.05,0.75,0.05,105,79,78,0.19292168635473753,0.008583794836742327,0.03551093910513102,-0.026927144268388697,0.1843378915179952,0.22453843843612578,-0.030216866595800366,-0.009983680322330206,4.851752871687778,1.4567816050258582,0.2625779030160574,0.05865389662290956
gamma,0.05,pi_0p750_gamma_0p05,γ = 0.05,0.75,0.05,105,80,79,0.19542772791912094,0.010432644126731833,0.03654534690655321,-0.026112702779821383,0.1849950837923891,0.22344319272865004,-0.0287164406179738,-0.009731668318287173,5.0449238484076435,1.4869767274473344,0.2622449015851814,0.056176509207925863
gamma,0.05,pi_0p750_gamma_0p05,γ = 0.05,0.75,0.05,105,81,80,0.19784387829504427,0.012302623554350647,0.03760516770602273,-0.025302544151672084,0.18554125474069363,0.22228629706355044,-0.027252889453623984,-0.009492152869232844,5.252113649045602,1.5192557891823133,0.26190033429029463,0.053755011584910556
gamma,0.05,pi_0p750_gamma_0p05,γ = 0.05,0.75,0.05,105,82,81,0.200168564459458,0.014193545164091732,0.038690516127079785,-0.024496970962988057,0.18597501929536622,0.2210686342605666,-0.025827741116124677,-0.009265873849075734,5.474651161702212,1.5538001072362873,0.2615434455917644,0.05139018756864227
gamma,0.05,pi_0p750_gamma_0p05,γ = 0.05,0.75,0.05,105,83,82,0.20240030027955436,0.01610501657591617,0.039801317220586885,-0.02369630064467072,0.18629528370363813,0.2197912704490511,-0.02444236892789398,-0.009053617817519016,5.714009366156857,1.5908090347022226,0.2611735589189291,0.04908273203032556
gamma,0.05,pi_0p750_gamma_0p05,γ = 0.05,0.75,0.05,105,84,83,0.2045377032862344,0.018036418764135944,0.04093728834776086,-0.022900869583624923,0.1865012845220984,0.2184554977446137,-0.02309798279186963,-0.008856230430645682,5.971822306295785,1.6305018919622418,0.26079009901746253,0.04683324495215337
gamma,0.05,pi_0p750_gamma_0p05,γ = 0.05,0.75,0.05,105,85,84,0.2065795123110099,0.019986885131753254,0.04209792197840615,-0.022111036846652905,0.18659262717925662,0.2170628779196277,-0.021795620664746284,-0.008674630075624804,6.249904172788016,1.6731201159519926,0.26039261628339283,0.04464222534970967
gamma,0.05,pi_0p750_gamma_0p05,γ = 0.05,0.75,0.05,105,86,85,0.20852460607990403,0.0219552826726051,0.04328247002421381,-0.021327187351608712,0.1865693234072989,0.21561528613075603,-0.020536140454048932,-0.008509822269408211,6.550270761112581,1.7189296535293177,0.25998081276153046,0.042510065108655536
gamma,0.05,pi_0p750_gamma_0p05,γ = 0.05,0.75,0.05,105,87,86,0.2103720227544125,0.023940196432041403,0.0444899307685619,-0.020549734336520502,0.18643182632237107,0.21411495294913155,-0.019320212647172093,-0.008362913979588393,6.87516360471106,1.768223631103266,0.25955456910761954,0.040437042889905433
gamma,0.05,pi_0p750_gamma_0p05,γ = 0.05,0.75,0.05,105,88,87,0.2121209813272912,0.025939918414705287,0.04571903925354636,-0.01977912083884108,0.1861810629125859,0.21256450285905718,-0.01814831409967886,-0.00823512584679242,7.227077091179792,1.821325335643744,0.25911397153050086,0.03842331823659296
gamma,0.05,pi_0p750_gamma_0p05,γ = 0.05,0.75,0.05,105,89,88,0.213770902391868,0.027952442158050442,0.04696826264676309,-0.019015820488712656,0.18581846023381757,0.21096698473396044,-0.017020723715401094,-0.008127800784741806,7.6087890046334,1.878591552181793,0.2586593357334726,0.0364689269120465
gamma,0.05,pi_0p750_gamma_0p05,γ = 0.05,0.75,0.05,105,90,89,0.2153214355754655,0.02997546423360589,0.04823580061929631,-0.01826033638569043,0.18534597134185962,0.20932589295264248,-0.015937520897452227,-0.008042400713330605,8.023394682328712,1.9404162996868892,0.25819122653381393,0.03457377710805776
gamma,0.05,pi_0p750_gamma_0p05,γ = 0.05,0.75,0.05,105,91,90,0.2167724863135082,0.03200639456829998,0.049519593941138695,-0.01751319937283873,0.18476609174520822,0.20764516783374223,-0.0148985885604509,-0.007980487528083117,8.474345430084067,2.007235038529175,0.25771046503079426,0.03273764961939974
gamma,0.05,pi_0p750_gamma_0p05,γ = 0.05,0.75,0.05,105,92,91,0.2181242467436375,0.03404237461826686,0.05081733966800242,-0.016774965049735573,0.18408187212537067,0.2059291696296039,-0.013903622934934226,-0.007943674569298977,8.965491530651207,2.0795294011142933,0.2572181159187483,0.0309602035460225
gamma,0.05,pi_0p750_gamma_0p05,γ = 0.05,0.75,0.05,105,93,92,0.21937722939447107,0.036080303121503586,0.05212651320821593,-0.016046210086712358,0.18329692627296754,0.20418261252825193,-0.012952153512400444,-0.007933532742883949,9.5011303866464,2.157832522037247,0.2567154416659331,0.029240991423730312
gamma,0.05,pi_0p750_gamma_0p05,γ = 0.05,0.75,0.05,105,94,93,0.220532298914557,0.038116865735229474,0.0534443946809168,-0.015327528945687332,0.18241543317932757,0.20241044282820791,-0.012043577292506873,-0.007951432356373484,10.086060550593205,2.2427350361437477,0.25620380511829993,0.027579489040186728
gamma,0.05,pi_0p750_gamma_0p05,γ = 0.05,0.75,0.05,105,95,94,0.22159069327032635,0.04014855907075009,0.054768091588665996,-0.014619532517915918,0.18144213419957625,0.20061764755335826,-0.011177211579322026,-0.007998301774459957,10.725642710756627,2.3348917741838586,0.25568449880239813,0.025975145683844188
gamma,0.05,pi_0p750_gamma_0p05,γ = 0.05,0.75,0.05,105,96,95,0.22255401553336548,0.04217169291057311,0.05609454407014198,-0.013922851159568872,0.18038232262279236,0.19880898665194954,-0.01035236743866335,-0.008074296590493827,11.42586950997464,2.435029119869211,0.2551584803230448,0.024427459410321015
gamma,0.05,pi_0p750_gamma_0p05,γ = 0.05,0.75,0.05,105,97,96,0.22342416643493157,0.04418234574433795,0.05742049071773049,-0.013238144973392542,0.17924182069059358,0.19698866410788982,-0.009568439772807214,-0.008178403644488987,12.193447351695337,2.5439528607025657,0.25462600715714817,0.022936076123835605
gamma,0.05,pi_0p750_gamma_0p05,γ = 0.05,0.75,0.05,105,98,97,0.2242031685808375,0.046176236756293204,0.05874236125749834,-0.012566124501205127,0.17802693182454427,0.19515999563472125,-0.008824997612257114,-0.008308066197919857,13.035895761974949,2.662556114139964,0.254086194803667,0.0215008992334374
gamma,0.05,pi_0p750_gamma_0p05,γ = 0.05,0.75,0.05,105,99,98,0.22489281405568892,0.048148469088145664,0.06005605281848291,-0.011907583730337247,0.17674434496754327,0.19332518772067,-0.008121840133526782,-0.00845900261959997,13.96167356929281,2.791826534595609,0.25353656978136235,0.020122177293901495
gamma,0.05,pi_0p750_gamma_0p05,γ = 0.05,0.75,0.05,105,100,99,0.22549404637116655,0.05009309519000416,0.06135653959459201,-0.011263444404587842,0.1754009511811624,0.1914853912606432,-0.007458965667420955,-0.008625474412059846,14.98034680220306,2.932851442406605,0.2529727305148396,0.018800515887137173
gamma,0.05,pi_0p750_gamma_0p05,γ = 0.05,0.75,0.05,105,101,100,0.22600596578932883,0.0520024559539235,0.06263726202621112,-0.010634806072287612,0.17400350983540536,0.18964118725362278,-0.006836394085323111,-0.008801283332894311,16.102821610170224,3.086818686186523,0.2523882197210512,0.017536748568166304
gamma,0.05,pi_0p750_gamma_0p05,γ = 0.05,0.75,0.05,105,102,101,0.2264243147287065,0.05386624116067339,0.06388923276612662,-0.010022991605453235,0.17255807356803315,0.18779356448248452,-0.006253797645876282,-0.008981693268575073,17.341678542093966,3.2550097494560397,0.2517746054895104,0.01633161169897681
gamma,0.05,pi_0p750_gamma_0p05,γ = 0.05,0.75,0.05,105,103,102,0.2267392354987431,0.05567018697716258,0.0650997626061944,-0.00942957562903182,0.17106904852158053,0.18594528092708423,-0.005709926064423591,-0.00916630634108011,18.711666126580827,3.4387793799717397,0.25112156599905755,0.015185196380913882
gamma,0.05,pi_0p750_gamma_0p05,γ = 0.05,0.75,0.05,105,104,103,0.2269319641688012,0.057394237532798514,0.06625062265693084,-0.008856385124132324,0.1695377266360027,0.18410236312222034,-0.005201827989337581,-0.009362808496880022,20.230449333385597,3.6395119887038314,0.2504165483928976,0.014096168944344178
gamma,0.05,pi_0p750_gamma_0p05,γ = 0.05,0.75,0.05,105,105,104,0.22696989869233328,0.05900982948937905,0.06731529502514637,-0.00830546553576732,0.16796006920295417,0.18228582940532814,-0.004720975456359644,-0.00960478474601426,21.91977460823646,3.858537812002988,0.24965374002065402,0.013057859908444209
gamma,0.25,pi_0p750_gamma_0p25,γ = 0.25 (AHP),0.75,0.25,105,1,0,0.0,0.0,0.0,0.0,0.0,0.0,0.0,0.0,1.0,1.0,0.2743104914794836,0.16447221351360305
gamma,0.25,pi_0p750_gamma_0p25,γ = 0.25 (AHP),0.75,0.25,105,2,1,-0.007029550964467731,-0.005263555255110999,-0.0025203731868181684,-0.00274318206829283,-0.0017659957093567387,0.0031388046195151282,-0.004818742502296989,-8.605782657487851e-5,1.016684218257514,0.9908089273481152,0.2748381316002625,0.1719797010557058
gamma,0.25,pi_0p750_gamma_0p25,γ = 0.25 (AHP),0.75,0.25,105,3,2,-0.013480793479788342,-0.010338783113268475,-0.004716114852529407,-0.005622668260739068,-0.0031420103665198724,0.0068068319237631954,-0.009627923789796029,-0.0003209185004870385,1.0338247855641796,0.9828327586845762,0.27534000104604167,0.1790865224006693
gamma,0.25,pi_0p750_gamma_0p25,γ = 0.25 (AHP),0.75,0.25,105,4,3,-0.01932577713662702,-0.0152102887561759,-0.006607737584097096,-0.008602551172078804,-0.004115488380451132,0.01097954923483875,-0.014407169397153653,-0.0006878682181362287,1.051358187557406,0.9759232458025683,0.27581061929603123,0.18576011806998918
gamma,0.25,pi_0p750_gamma_0p25,γ = 0.25 (AHP),0.75,0.25,105,5,4,-0.024546929950008324,-0.019863168295712243,-0.008215556580894378,-0.011647611714817865,-0.004683761654296036,0.015624148048391363,-0.019137128134971714,-0.001170781567715683,1.0692304339435132,0.9699528637450232,0.2762458925259975,0.19197531532371945
gamma,0.25,pi_0p750_gamma_0p25,γ = 0.25 (AHP),0.75,0.25,105,6,5,-0.029136071969801475,-0.02428381389825679,-0.009559602397933362,-0.014724211500323426,-0.0048522580715446685,0.020701413158605103,-0.023799585605094112,-0.0017540856250556557,1.0873964339094488,0.9648118820757143,0.276642897946362,0.19771403173399207
gamma,0.25,pi_0p750_gamma_0p25,γ = 0.25 (AHP),0.75,0.25,105,7,6,-0.033093324563943004,-0.028460500387267506,-0.010659521331140311,-0.01780097905612719,-0.004632824176675479,0.02616750019205327,-0.02837754677445834,-0.002422777594270405,1.1058192870073622,0.9604058307122125,0.2769996961061552,0.20296480592813293
gamma,0.25,pi_0p750_gamma_0p25,γ = 0.25 (AHP),0.75,0.25,105,8,7,-0.03642598704879881,-0.032383778867257386,-0.011534474996654612,-0.02084930387060277,-0.00404220818154138,0.03197557086943615,-0.03285529379941464,-0.003162485251562892,1.1244695631554573,0.9566533072685619,0.2773151721103073,0.2077222135664469
gamma,0.25,pi_0p750_gamma_0p25,γ = 0.25 (AHP),0.75,0.25,105,9,8,-0.03914740792042763,-0.036046686499748126,-0.012203039649363754,-0.02384364685038437,-0.003100721420679481,0.03807723664676833,-0.037218427719173414,-0.003959530348274396,1.143324552515989,0.9534841067804257,0.2775888941004545,0.21198620868909135
gamma,0.25,pi_0p750_gamma_0p25,γ = 0.25 (AHP),0.75,0.25,105,10,9,-0.0412759142054277,-0.03944481966644681,-0.012683117352758731,-0.026761702313688084,-0.0018310945389808722,0.04442380706446998,-0.04145389306219518,-0.004801008541255673,1.1623675715113768,0.9508376106947678,0.27782099618274597,0.21576143836973027
gamma,0.25,pi_0p750_gamma_0p25,γ = 0.25 (AHP),0.75,0.25,105,11,10,-0.04283379479093421,-0.04257628032767438,-0.012991855382358223,-0.02958442494531616,-0.00025751446325981953,0.050967322204969204,-0.04554999030407041,-0.005674846364158608,1.1815872721887206,0.9486614242739515,0.2780120719777854,0.2190565509330487
gamma,0.25,pi_0p750_gamma_0p25,γ = 0.25 (AHP),0.75,0.25,105,12,11,-0.04384638545484973,-0.045441543728136996,-0.013145583039686265,-0.032295960688450726,0.0015951582732872472,0.057661391104821456,-0.04949637367516794,-0.006569859156366266,1.2009770333691312,0.9469102059119862,0.27816308761575836,0.22188353190353033
gamma,0.25,pi_0p750_gamma_0p25,γ = 0.25 (AHP),0.75,0.25,105,13,12,-0.044341239032103276,-0.048043256603026704,-0.013159761122140207,-0.0348834954808865,0.003702017570923457,0.06446183681167798,-0.05328403721244757,-0.00747578202830694,1.2205343811871538,0.9455446792267587,0.27827530317948374,0.22425707462902802
gamma,0.25,pi_0p750_gamma_0p25,γ = 0.25 (AHP),0.75,0.25,105,14,13,-0.04434740001955048,-0.05038599760916687,-0.013048947377983804,-0.03733705023118306,0.006038597589616383,0.07132717363764506,-0.056905288432555004,-0.008383287615473663,1.2402604737510385,0.9445307914262427,0.278350206473528,0.22619400235285253
gamma,0.25,pi_0p750_gamma_0p25,γ = 0.25 (AHP),0.75,0.25,105,15,14,-0.04389478081606488,-0.05247601804601041,-0.012826777123399972,-0.03964924092261044,0.008581237229945547,0.07821893675048446,-0.060353710332265664,-0.009283989188273244,1.2601596486329858,0.9438389963481676,0.2783894569987581,0.2277127474868385
gamma,0.25,pi_0p750_gamma_0p25,γ = 0.25 (AHP),0.75,0.25,105,16,15,-0.043013631887451845,-0.054320974956958645,-0.012505956919395874,-0.041815018037562775,0.011307343069506823,0.08510188383688352,-0.06362411321834713,-0.01017042754902958,1.2802390223357265,0.9434436462515242,0.2783948378670262,0.22883288932910809
gamma,0.25,pi_0p750_gamma_0p25,γ = 0.25 (AHP),0.75,0.25,105,17,16,-0.04173409907832445,-0.05592966720048049,-0.012098269602432422,-0.04383139759804807,0.014195568122156034,0.09194408948702948,-0.0667124778950615,-0.011036043469811936,1.3005081358550585,0.9433224768185478,0.2783682145880214,0.22957475000610822
gamma,0.25,pi_0p750_gamma_0p25,γ = 0.25 (AHP),0.75,0.25,105,18,17,-0.04008586445104835,-0.057311785693333256,-0.01161458999991576,-0.04569719569341749,0.017225921242284895,0.09871695399620539,-0.06961589136032718,-0.011875141393593308,1.3209786535229424,0.9434561680931283,0.27831150102854363,0.22995904843168483
gamma,0.25,pi_0p750_gamma_0p25,γ = 0.25 (AHP),0.75,0.25,105,19,18,-0.03809786230024059,-0.05847768385665104,-0.01106490974028262,-0.04741277411636842,0.02037982155641044,0.10539514480273622,-0.0723324764905819,-0.0126828467557439,1.3416641137671412,0.9438279690242827,0.27822663168548334,0.23000660899187866
gamma,0.25,pi_0p750_gamma_0p25,γ = 0.25 (AHP),0.75,0.25,105,20,19,-0.03579805568868476,-0.05943816687710873,-0.010458367879135344,-0.04897979899797339,0.02364011118842398,0.1119564835513986,-0.07486131806320631,-0.013455054299768301,1.3625797097179435,0.9444233811117199,0.2781155379105326,0.22973811802502161
gamma,0.25,pi_0p750_gamma_0p25,γ = 0.25 (AHP),0.75,0.25,105,21,20,-0.03321327348628986,-0.06020430828100101,-0.009803288018896373,-0.05040102026210464,0.026991034794711162,0.11838179658747566,-0.07720238573516064,-0.01418837605760385,1.3837421213385657,0.9452298850272347,0.27798012969210983,0.22917392722927463
gamma,0.25,pi_0p750_gamma_0p25,γ = 0.25 (AHP),0.75,0.25,105,22,21,-0.030369090195598542,-0.060787286184586675,-0.009107217783712998,-0.051680068400873684,0.030418195988988123,0.12465473589859222,-0.07935645666786958,-0.014880083241734494,1.4051693647065728,0.9462367123611389,0.2778222798852242,0.2283338946363868
gamma,0.25,pi_0p750_gamma_0p25,γ = 0.25 (AHP),0.75,0.25,105,23,22,-0.027289751421382277,-0.06119824744856304,-0.008376972326853709,-0.052821275121709345,0.03390849602718075,0.13076158515602126,-0.08132503779096802,-0.015528051337872509,1.4268806886008296,0.9474346464438458,0.27764381297102303,0.22723726316381773
gamma,0.25,pi_0p750_gamma_0p25,γ = 0.25 (AHP),0.75,0.25,105,24,23,-0.023998127749183716,-0.06144818958812427,-0.00761867776134674,-0.05382951182677755,0.03745006183894059,0.1366910537734462,-0.08311029015972851,-0.016130701774777084,1.448896480327919,0.9488158575443045,0.27744649529963294,0.22590256712076345
gamma,0.25,pi_0p750_gamma_0p25,γ = 0.25 (AHP),0.75,0.25,105,25,24,-0.02051570483726179,-0.061547870373320525,-0.006837817445346354,-0.05471005292797418,0.041032165536058714,0.14243407175650766,-0.08471495485416362,-0.016686951366285292,1.4712382252225016,0.9503737548611164,0.2772320296377492,0.224347568909996
gamma,0.25,pi_0p750_gamma_0p25,γ = 0.25 (AHP),0.75,0.25,105,26,25,-0.01686258539604916,-0.0615077284129875,-0.006039275514904585,-0.055468452898082936,0.044645143016938386,0.14798358192923414,-0.08614228258265619,-0.017196156329639556,1.4939284564059478,0.9521028684580936,0.27700204930490024,0.2225892128461396
gamma,0.25,pi_0p750_gamma_0p25,γ = 0.25 (AHP),0.75,0.25,105,27,26,-0.013057513402059821,-0.061337823412930904,-0.005227380484730371,-0.056110442928200555,0.04828031001087112,0.15333433928581136,-0.08739596700036577,-0.01765806227457445,1.5169907356583463,0.95399874652442,0.27675811501066705,0.22064359968296374
gamma,0.25,pi_0p750_gamma_0p25,γ = 0.25 (AHP),0.75,0.25,105,28,27,-0.009117918178875162,-0.06104779603761167,-0.004405949130856598,-0.05664184690675509,0.05192987785873655,0.1584827212628288,-0.08848008177049593,-0.018072761633596317,1.5404496752849715,0.9560578626814125,0.27650171424501424,0.2185259793572183
gamma,0.25,pi_0p750_gamma_0p25,γ = 0.25 (AHP),0.75,0.25,105,29,28,-0.005059955463011817,-0.060646831116350705,-0.003578325673290391,-0.05706850544306032,0.05558687565333888,0.163426542876744,-0.08939902226230782,-0.018440644961097312,1.5643309344294865,0.9582775475095947,0.2762342590762747,0.216250749723843
gamma,0.25,pi_0p750_gamma_0p25,γ = 0.25 (AHP),0.75,0.25,105,30,29,-0.0008985679468411508,-0.0601436398276822,-0.002747421571378623,-0.05739621825630359,0.05924507188084102,0.16816488764973975,-0.09015745182646732,-0.018762363942431408,1.5886612670985527,0.9606559231282646,0.2759570872130842,0.21383147109186115
gamma,0.25,pi_0p750_gamma_0p25,γ = 0.25 (AHP),0.75,0.25,105,31,30,0.003352453879816451,-0.05954644824585789,-0.0019157523514406543,-0.057630695894417244,0.06289890212567437,0.172697948988868,-0.09076025241698008,-0.01903879444621354,1.6134685727165081,0.963191851026942,0.27567146277802373,0.21128088621685867
gamma,0.25,pi_0p750_gamma_0p25,γ = 0.25 (AHP),0.75,0.25,105,32,31,0.0076804095003252205,-0.05886299198739668,-0.0010854716793065311,-0.057777520308090156,0.06654340148772189,0.17702688304916345,-0.0912124798802353,-0.019271001681206237,1.638781952860468,0.9658848910075489,0.2753785773159992,0.20861094541894087
gamma,0.25,pi_0p750_gamma_0p25,γ = 0.25 (AHP),0.75,0.25,105,33,32,0.012073622722610611,-0.05810051833436812,-0.000258403555254112,-0.057842114779114016,0.07017414105697874,0.18115367448160868,-0.09151932368337788,-0.019460209741252052,1.6646317865656561,0.9687352669538313,0.27507955154769814,0.20583283708975628
gamma,0.25,pi_0p750_gamma_0p25,γ = 0.25 (AHP),0.75,0.25,105,34,33,0.01652137383880772,-0.057265794962560894,0.0005639271987108999,-0.05782972216127181,0.07378716880136862,0.18508101495738868,-0.09168607075784445,-0.019607775398175622,1.6910498270228982,0.9717438378107706,0.2747754376852632,0.20295702227997814
gamma,0.25,pi_0p750_gamma_0p25,γ = 0.25 (AHP),0.75,0.25,105,35,34,0.021013836279716022,-0.056365119650981114,0.0013802677142557467,-0.05774538736523687,0.07737895593069716,0.18881219164621554,-0.09171807345405428,-0.019715162261464133,1.7180692962472932,0.9749120788320169,0.27446722132059626,0.1999932694611543
gamma,0.25,pi_0p750_gamma_0p25,γ = 0.25 (AHP),0.75,0.25,105,36,35,0.02554201065241146,-0.05540433634031199,0.002189610836130001,-0.057593947176442006,0.08094634699272346,0.19235098829740407,-0.09162072111001664,-0.019783920194664004,1.7457250098027621,0.9782420645242708,0.27415582405298133,0.19695069253132144
gamma,0.25,pi_0p750_gamma_0p25,γ = 0.25 (AHP),0.75,0.25,105,37,36,0.03009766574563424,-0.05438884927603328,0.002991172484202597,-0.0573800217602359,0.08448651502166753,0.19570159438450446,-0.09139941540981121,-0.019815663953025753,1.7740534929003922,0.9817364626480163,0.27384210537899206,0.1938377868605986
gamma,0.25,pi_0p750_gamma_0p25,γ = 0.25 (AHP),0.75,0.25,105,38,37,0.034673276461743605,-0.05332364323204447,0.0037843693700190793,-0.05710801260206358,0.08799691969378809,0.19886852616564185,-0.09105954874927427,-0.019812057722579525,1.8030931341135439,0.9853985274369508,0.2735268654766639,0.19066246795816427
gamma,0.25,pi_0p750_gamma_0p25,γ = 0.25 (AHP),0.75,0.25,105,39,38,0.03926196964282967,-0.052213300439774644,0.004568800205967917,-0.05678210064574258,0.09147527008260434,0.20185655424732282,-0.09060648586114158,-0.01977479830357694,1.8328843299224495,0.9892321036167273,0.27321084711822163,0.18743210708079275
gamma,0.25,pi_0p750_gamma_0p25,γ = 0.25 (AHP),0.75,0.25,105,40,39,0.04385746793332502,-0.05106202235599856,0.005344227053260385,-0.05640624940925896,0.09491949028932359,0.20467064141695818,-0.09004554791478313,-0.01970560321285149,1.863469667908892,0.9932416291039365,0.2728947381799121,0.18415356841132752
gamma,0.25,pi_0p750_gamma_0p25,γ = 0.25 (AHP),0.75,0.25,105,41,40,0.048454040820994214,-0.049873647892584944,0.006110559782227542,-0.055984207674812506,0.09832768871357918,0.20731588599011888,-0.08938199929567976,-0.019606197980859965,1.8948941053977597,0.9974321476463129,0.2725791735319772,0.18083324294684566
gamma,0.25,pi_0p750_gamma_0p25,γ = 0.25 (AHP),0.75,0.25,105,42,41,0.05304645533107153,-0.048651674661996956,0.006867840828678091,-0.05551951549067507,0.10169812999306851,0.20979747339055718,-0.0886210364574306,-0.019478306940058095,1.9272051832149928,1.0018093213269468,0.2722647371758697,0.17747708280566
gamma,0.25,pi_0p750_gamma_0p25,γ = 0.25 (AHP),0.75,0.25,105,43,42,0.05762993233962282,-0.04739927716192243,0.00761623252916107,-0.05501550969108353,0.10502920950154526,0.2121206324076487,-0.08776777902971283,-0.019323643876390614,1.9604532429166983,1.0063794518792304,0.27195196394941384,0.1740906326984774
gamma,0.25,pi_0p750_gamma_0p25,γ = 0.25 (AHP),0.75,0.25,105,44,43,0.06220010345417054,-0.04611932681734455,0.008356004777727685,-0.05447533159507226,0.1083194302715151,0.21429059806549858,-0.08682726255341505,-0.019143905240568457,1.9946916785369142,1.011149502809795,0.2716413413007186,0.17067906108987846
gamma,0.25,pi_0p750_gamma_0p25,γ = 0.25 (AHP),0.75,0.25,105,45,44,0.06675297460548915,-0.04481440865988077,0.009087524904412638,-0.05390193356429343,0.11156738326536994,0.21631257818656982,-0.08580443260655123,-0.018940762314648665,2.0299771919956204,1.016127130049897,0.2713333106708471,0.16724718782769762
gamma,0.25,pi_0p750_gamma_0p25,γ = 0.25 (AHP),0.75,0.25,105,46,45,0.07128488574601725,-0.04348684117155544,0.009811247332068722,-0.05329808850362419,0.11477172691757272,0.2181917259006536,-0.084704141003515,-0.018715857979565913,2.0663701022834005,1.0213207122846641,0.2710282690329887,0.16379951345053004
gamma,0.25,pi_0p750_gamma_0p25,γ = 0.25 (AHP),0.75,0.25,105,47,46,0.07579248020437085,-0.04213869149607714,0.010527705462997954,-0.05266639695907511,0.11793117170044802,0.21993311458794654,-0.08353114236164086,-0.018470800525857707,2.1039346526539395,1.0267393909766644,0.27072656993203686,0.1603402433638957
gamma,0.25,pi_0p750_gamma_0p25,γ = 0.25 (AHP),0.75,0.25,105,48,47,0.08027267348274904,-0.04077179091732042,0.011237504295419637,-0.052009295212740086,0.1210444644000695,0.22154171657557675,-0.08229009231360028,-0.018207159861907025,2.1427393564027866,1.0323931150733423,0.2704285245209055,0.15687331196921736
gamma,0.25,pi_0p750_gamma_0p25,γ = 0.25 (AHP),0.75,0.25,105,49,48,0.08472262212096937,-0.039387751650965405,0.011941312855278222,-0.05132906450624365,0.1241103737719348,0.22302238593993237,-0.08098554659931671,-0.01792646556868091,2.1828573913591236,1.0382926872881757,0.27013440246661663,0.15340240637167687
gamma,0.25,pi_0p750_gamma_0p25,γ = 0.25 (AHP),0.75,0.25,105,50,49,0.08913969858524867,-0.03798797987893432,0.012639858579072284,-0.05062783845800663,0.127127678464183,0.22437984274275907,-0.07962196072044982,-0.017630203558126282,2.2243670097103476,1.0444498210780886,0.2698444325653388,0.14993098664048457
gamma,0.25,pi_0p750_gamma_0p25,γ = 0.25 (AHP),0.75,0.25,105,51,50,0.09352146621445327,-0.03657368937120152,0.013333921779074012,-0.049907611150275547,0.1300951555856548,0.22561866027626282,-0.07820369041629088,-0.017319814274317207,2.2673519983533246,1.0508772018085497,0.26955880325811593,0.14646230564722712
gamma,0.25,pi_0p750_gamma_0p25,γ = 0.25 (AHP),0.75,0.25,105,52,51,0.09786565606826302,-0.03514591385070722,0.014024330994514406,-0.049170244845221645,0.13301156991897023,0.22674325407623055,-0.07673499282579638,-0.01699669133146398,2.3119021821810177,1.0575885560607063,0.2692776629304672,0.14299942749854924
gamma,0.25,pi_0p750_gamma_0p25,γ = 0.25 (AHP),0.75,0.25,105,53,52,0.10217014684887601,-0.03370551961269576,0.014711957922907736,-0.048417477535603506,0.13587566646157176,0.22775787386162347,-0.07522002742885427,-0.016662179971197486,2.3581139784827556,1.0645987245983544,0.2690011201830052,0.1395452440623302
gamma,0.25,pi_0p750_gamma_0p25,γ = 0.25 (AHP),0.75,0.25,105,54,53,0.10643294419091529,-0.032253215603694624,0.015397714436190731,-0.04765093003988537,0.1386861597946099,0.2286665952215085,-0.07366285853170673,-0.01631757689519191,2.40609100398484,1.0719237501147594,0.2687292436892516,0.1361024912364328
gamma,0.25,pi_0p750_gamma_0p25,γ = 0.25 (AHP),0.75,0.25,105,55,54,0.11065216487334743,-0.030789563421662735,0.01608254900007564,-0.04687211242173838,0.1414417282950102,0.22947331401773616,-0.07206745687007642,-0.01596412885264957,2.4559447352893105,1.0795809701447228,0.2684620621963803,0.13267376247474091
gamma,0.25,pi_0p750_gamma_0p25,γ = 0.25 (AHP),0.75,0.25,105,56,55,0.11482601865683775,-0.02931498819508777,0.01676744301823251,-0.046082431213320285,0.14414100685192552,0.23018174221229104,-0.07043770211349631,-0.01560303324686925,2.5077952561105015,1.0875891179476236,0.26819956415425195,0.12926152298616844
gamma,0.25,pi_0p750_gamma_0p25,γ = 0.25 (AHP),0.75,0.25,105,57,56,0.11895279338733472,-0.027829787644937848,0.017453407960665454,-0.04528319560560331,0.14678258103227254,0.2307954043410982,-0.06877738526488986,-0.015235438043935822,2.561772069190577,1.0959684362058548,0.2679416972271373,0.12586812186783453
gamma,0.25,pi_0p750_gamma_0p25,γ = 0.25 (AHP),0.75,0.25,105,58,57,0.12303084340900455,-0.026334139213900525,0.0181414833853182,-0.044475622599218737,0.14936498262290507,0.23131763453623544,-0.0670902108898806,-0.014862441023449777,2.618014975945096,1.104740805601058,0.2676883679116994,0.12249580222781359
gamma,0.25,pi_0p750_gamma_0p25,γ = 0.25 (AHP),0.75,0.25,105,59,58,0.1270585747207249,-0.024828109899821402,0.01883273362400248,-0.043660843523823885,0.15188668462054628,0.2317515755342643,-0.06537979982938356,-0.014485091084334467,2.676675081163226,1.1139298800991762,0.26743944066525116,0.11914671247606462
gamma,0.25,pi_0p750_gamma_0p25,γ = 0.25 (AHP),0.75,0.25,105,60,59,0.1310344336148919,-0.02331166425361199,0.01952824516158915,-0.04283990941520115,0.15434609786850384,0.23210017804169586,-0.06364969152158076,-0.014104388651611278,2.7379158877227767,1.1235612389777367,0.2671947370459296,0.11582291545982004
gamma,0.25,pi_0p750_gamma_0p25,γ = 0.25 (AHP),0.75,0.25,105,61,60,0.13495689776993125,-0.021784670902485627,0.020229124696536947,-0.04201379559902258,0.15674156867241687,0.23236620039060793,-0.06190334608254555,-0.013721285635645522,2.801914494366341,1.1336625575988688,0.2669540349450462,0.1125263960370664
gamma,0.25,pi_0p750_gamma_0p25,γ = 0.25 (AHP),0.75,0.25,105,62,61,0.13882446676452742,-0.02024691003612598,0.020936496594919623,-0.04118340663104561,0.15907137680065336,0.23255220933913015,-0.06014414639239856,-0.013336686146078237,2.868862934101882,1.144263793305904,0.26671706761153136,0.10925906856453542
gamma,0.25,pi_0p750_gamma_0p25,γ = 0.25 (AHP),0.75,0.25,105,63,62,0.14263565229855746,-0.018698081807847426,0.021651499650900335,-0.040349581458747764,0.1613337341064049,0.23266058192440853,-0.058375400071228274,-0.012951447746775355,2.9389696698914385,1.1553973878844075,0.26648352238115564,0.10602278410468045
gamma,0.25,pi_0p750_gamma_0p25,γ = 0.25 (AHP),0.75,0.25,105,64,63,0.14638897256884767,-0.017137812569888677,0.022375284729663145,-0.039513097299551825,0.16352678513873636,0.23269350743457837,-0.056600340751689134,-0.012566381544152865,3.0124612250121943,1.1670984960707607,0.26625303983653537,0.10281933530374948
gamma,0.25,pi_0p750_gamma_0p25,γ = 0.25 (AHP),0.75,0.25,105,65,64,0.1500829437165907,-0.015565663479163943,0.023109011089511775,-0.038674674568675724,0.16564860719575467,0.23265299051343893,-0.05482212957581269,-0.012182253741871563,3.0895840261164857,1.1794052327874536,0.26602521231792664,0.09965046226723967
gamma,0.25,pi_0p750_gamma_0p25,γ = 0.25 (AHP),0.75,0.25,105,66,65,0.15371607628272543,-0.01398113694175931,0.02385384344584118,-0.03783498038760049,0.16769721322448475,0.23254085466232755,-0.053043855696461306,-0.01179978574138147,3.1706064137748657,1.1923589514226496,0.2657995831590654,0.09651785577236877
gamma,0.25,pi_0p750_gamma_0p25,γ = 0.25 (AHP),0.75,0.25,105,67,66,0.15728686951472157,-0.012383685294584605,0.024610947644775352,-0.03699463293935996,0.16967055480930615,0.23235874698390413,-0.05126853680449593,-0.011419655370102009,3.2558209054650358,1.2060045465077422,0.2655756454521498,0.09342316115975564
gamma,0.25,pi_0p750_gamma_0p25,γ = 0.25 (AHP),0.75,0.25,105,68,67,0.16079380771684632,-0.010772718727098373,0.025381486584384116,-0.03615420531148249,0.17156652644394468,0.23210814321152348,-0.04949911906949128,-0.011042497698087489,3.345546700696215,1.2203907918787777,0.26535284106314955,0.09036798095671439
gamma,0.25,pi_0p750_gamma_0p25,γ = 0.25 (AHP),0.75,0.25,105,69,68,0.16423535720507196,-0.00914761485994051,0.02616661460699369,-0.035314229466934195,0.17338297206501244,0.23179035458960523,-0.047738476533913075,-0.010668905990679736,3.440132476763328,1.235570709848357,0.2651305597457795,0.08735387694804828
gamma,0.25,pi_0p750_gamma_0p25,γ = 0.25 (AHP),0.75,0.25,105,70,69,0.16760996581112905,-0.0075077268951155565,0.02696747270421793,-0.034475199599333484,0.17511769270624464,0.23140653468932712,-0.04598940984761808,-0.010299432135464434,3.5399594805565013,1.2516019869075319,0.26490813882159464,0.08438237086236025
gamma,0.25,pi_0p750_gamma_0p25,γ = 0.25 (AHP),0.75,0.25,105,71,70,0.17091606059770983,-0.005852394978276396,0.02778518136309686,-0.03363757634137325,0.17676845557598622,0.23095768833005556,-0.04425464479416116,-0.009934587959908188,3.6454450085331627,1.2685474254849312,0.2646848624740078,0.08145494562367973
gamma,0.25,pi_0p750_gamma_0p25,γ = 0.25 (AHP),0.75,0.25,105,72,71,0.1741520477470812,-0.004180957529397605,0.028620833063081205,-0.032801790592478806,0.1783330052764788,0.23044468148059002,-0.04253683006486063,-0.009574846139250574,3.757046276289522,1.2864754463574373,0.2644599615632381,0.07857304540429222
gamma,0.25,pi_0p750_gamma_0p25,γ = 0.25 (AHP),0.75,0.25,105,73,72,0.1773163152411186,-0.002492762197579386,0.029475484687300907,-0.031968246884880286,0.17980907743869798,0.2298682522389821,-0.04083853420980106,-0.009220640590483064,3.8752647139895813,1.3054606493201057,0.26423261436071654,0.0757380743489101
gamma,0.25,pi_0p750_gamma_0p25,γ = 0.25 (AHP),0.75,0.25,105,74,73,0.1804072353485365,-0.0007871787150701513,0.030350148459498783,-0.031137327174568935,0.18119441406360662,0.22922902352954197,-0.03916224220283904,-0.008872367263096308,4.0006507778037586,1.3255844316794736,0.264001947485568,0.07295139531328167
gamma,0.25,pi_0p750_gamma_0p25,γ = 0.25 (AHP),0.75,0.25,105,75,74,0.18342316600382483,0.000936385322000125,0.03124578058107221,-0.030309395259072083,0.18248678068182472,0.22852751792656772,-0.03751035172608268,-0.008530385518660338,4.1338093600702415,1.3469356666450776,0.2637670366466824,0.07021432893635635
gamma,0.25,pi_0p750_gamma_0p25,γ = 0.25 (AHP),0.75,0.25,105,76,75,0.18636245786485364,0.0026784708190745704,0.0321632708854392,-0.02948480006636463,0.1836839870457791,0.22776417354425757,-0.035885168242593544,-0.008195018255884942,4.275405774368507,1.3696114669499615,0.26352690946170393,0.06752815036785804
gamma,0.25,pi_0p750_gamma_0p25,γ = 0.25 (AHP),0.75,0.25,105,77,76,0.18922345922146028,0.004439549944166649,0.0331034298402998,-0.028663879896133147,0.1847839092772936,0.22693936228938752,-0.0342889000570765,-0.007866552955017429,4.4261724985758715,1.3937180230813395,0.2632805480098118,0.06489408695006794
gamma,0.25,pi_0p750_gamma_0p25,γ = 0.25 (AHP),0.75,0.25,105,78,77,0.19200452345103472,0.0062200086079240375,0.034066974989335766,-0.027846966381411726,0.18578451484311065,0.2260534099137331,-0.032723652705807224,-0.007545242364815247,4.586916703925553,1.419371536287683,0.2630268926532046,0.062313314966917104
gamma,0.25,pi_0p750_gamma_0p25,γ = 0.25 (AHP),0.75,0.25,105,79,78,0.19470401772843887,0.00802012753398895,0.03505451605315564,-0.027034388519166685,0.18668389019444995,0.22510661834842915,-0.031191422948837998,-0.007231305205141211,4.758528686951268,1.4466992525118443,0.26276484684494966,0.059786956091396413
gamma,0.25,pi_0p750_gamma_0p25,γ = 0.25 (AHP),0.75,0.25,105,80,79,0.19732033283831502,0.009840063009792375,0.036066539774616185,-0.026226476764823804,0.18748026982852264,0.22409928922691497,-0.029694092484541607,-0.006924926913850719,4.941991319123934,1.475840614831239,0.2624932829247611,0.057316073652204404
gamma,0.25,pi_0p750_gamma_0p25,γ = 0.25 (AHP),0.75,0.25,105,81,80,0.19985189414304355,0.011679824928425165,0.037103392110851924,-0.025423567182426755,0.1881720692146184,0.2230317511228235,-0.028233421453146626,-0.006626260455058503,5.1383906452665435,1.506948532903058,0.2622110490388445,0.05490166878244059
gamma,0.25,pi_0p750_gamma_0p25,γ = 0.25 (AHP),0.75,0.25,105,82,81,0.20229717398982439,0.013539255906398488,0.038165261396852716,-0.024626005490454225,0.18875791808342593,0.22190438700669576,-0.0268110418301778,-0.006335427093092064,5.348927765949362,1.540190803582376,0.26191697731760083,0.05254467639432568
gamma,0.25,pi_0p750_gamma_0p25,γ = 0.25 (AHP),0.75,0.25,105,83,82,0.20465470662747062,0.015418009883857123,0.039252160674990794,-0.023834150791133667,0.18923669674361357,0.2207176643942343,-0.025428450688655253,-0.006052516961965487,5.5749321445986775,1.575751688458757,0.2616098939816898,0.0502459607486709
gamma,0.25,pi_0p750_gamma_0p25,γ = 0.25 (AHP),0.75,0.25,105,84,83,0.206923101389339,0.01731552919766363,0.04036390893819941,-0.02304837974053578,0.18960757219167537,0.21947216653732385,-0.024087004058332067,-0.005777590287316423,5.817876606222281,1.6138336623330685,0.2612886294774625,0.04800631210590583
gamma,0.25,pi_0p750_gamma_0p25,γ = 0.25 (AHP),0.75,0.25,105,85,84,0.20910105922334968,0.019231023186691672,0.041500113215761324,-0.02226909002906965,0.18987003603665797,0.2181686250423161,-0.022787910802314543,-0.005510678203343582,6.079394137259238,1.6546593631467763,0.2609520309508258,0.04582644274599627
gamma,0.25,pi_0p750_gamma_0p25,γ = 0.25 (AHP),0.75,0.25,105,86,85,0.211187390025782,0.02116344790162871,0.042660151520370976,-0.021496703618742258,0.19002394212415333,0.21680795288539553,-0.02153222704325343,-0.00525178371798878,6.361296762830846,1.6984737645419048,0.2605989760468607,0.043706983335108425
gamma,0.25,pi_0p750_gamma_0p25,γ = 0.25 (AHP),0.75,0.25,105,87,86,0.21318102926011673,0.023111486311764875,0.04384315617880651,-0.02073166986704163,0.19006954294835185,0.21539127749594142,-0.020320851470164027,-0.005000883077425589,6.665596804615985,1.7455465906064542,0.26022838722242847,0.0416484800963293
gamma,0.25,pi_0p750_gamma_0p25,γ = 0.25 (AHP),0.75,0.25,105,88,87,0.21508105625765478,0.025073531406722572,0.045047999367219586,-0.019974467960497004,0.1900075248509322,0.21391997326305234,-0.01915452133635475,-0.004757927075765434,6.99453076315353,1.7961750106278427,0.25983924773930217,0.03965139201279826
gamma,0.25,pi_0p750_gamma_0p25,γ = 0.25 (AHP),0.75,0.25,105,89,88,0.21688671069715204,0.027047671395232446,0.046273280512863474,-0.01922560911763102,0.18983903930191962,0.2123956919109081,-0.018033809706564433,-0.004522842902424098,7.350586254220436,1.8506866404705056,0.25943061743685847,0.03771608907599064
gamma,0.25,pi_0p750_gamma_0p25,γ = 0.25 (AHP),0.75,0.25,105,90,89,0.2185974100368554,0.029031678406546604,0.04751731631227471,-0.018485637905728103,0.1895657316303088,0.2108203913567473,-0.01695912369867277,-0.00429553602776576,7.736532315709683,1.9094428882871306,0.2590016496361669,0.035842850661774964
gamma,0.25,pi_0p750_gamma_0p25,γ = 0.25 (AHP),0.75,0.25,105,91,90,0.220212765838069,0.03102300216336809,0.048778135049102535,-0.01775513288573443,0.18918976367470094,0.20919636015889223,-0.0159307040333394,-0.004075892450851936,8.155453579711512,1.9728426939720975,0.2585516079547104,0.034031864555083266
gamma,0.25,pi_0p750_gamma_0p25,γ = 0.25 (AHP),0.75,0.25,105,92,91,0.22173259484377003,0.0330187658887452,0.05005347284777459,-0.01703470695902938,0.1887138289550248,0.20752623715457494,-0.014948626356404824,-0.003863781843145336,8.610788963994079,2.041326685336611,0.2580798802545009,0.032283227453865804
gamma,0.25,pi_0p750_gamma_0p25,γ = 0.25 (AHP),0.75,0.25,105,93,92,0.2231569280458922,0.03501576754107538,0.051340774222812025,-0.01632500668173664,0.18814116050481683,0.20581302533430185,-0.014012803868737374,-0.0036590609607476993,9.106375400188247,2.115381813969906,0.2575859911157012,0.030596945744025498
gamma,0.25,pi_0p750_gamma_0p25,γ = 0.25 (AHP),0.75,0.25,105,94,93,0.22448601080256994,0.03701048343803755,0.05263719470395187,-0.015626711265914316,0.18747552736453238,0.20406009736274325,-0.01312299187098903,-0.003461578127221894,9.646497568778477,2.195546501298202,0.2570696080133044,0.028972937864583517
gamma,0.25,pi_0p750_gamma_0p25,γ = 0.25 (AHP),0.75,0.25,105,95,94,0.225720292204125,0.038999073360127604,0.05393960444843899,-0.014940531088311386,0.1867212188439974,0.2022711915867162,-0.012278794086147259,-0.0032711786565715923,10.235944639787911,2.2824163343961557,0.25653053893540234,0.027411037938616007
gamma,0.25,pi_0p750_gamma_0p25,γ = 0.25 (AHP),0.75,0.25,105,96,95,0.22686039183447307,0.04097738045802051,0.055244587096413125,-0.01426720663839261,0.18588301137645255,0.2004503949169446,-0.011479671415681297,-0.0030877121248108147,10.880075705514507,2.376650301360255,0.2559687120742717,0.025911002250640025
gamma,0.25,pi_0p750_gamma_0p25,γ = 0.25 (AHP),0.75,0.25,105,97,96,0.227907035561916,0.04294092043932083,0.05654842845135833,-0.013607508012037488,0.18496611512259517,0.1986021096546996,-0.010724953059920434,-0.002911041472184005,11.584895953610836,2.4789775364631037,0.25538412923288545,0.02447251860121701
gamma,0.25,pi_0p750_gamma_0p25,γ = 0.25 (AHP),0.75,0.25,105,98,97,0.2288609335200877,0.04488484312508196,0.05784707980843049,-0.012962236683348529,0.18397609039500576,0.19673099691062076,-0.01001385113055936,-0.0027410553850556645,12.357147261714925,2.5902043996670012,0.2547767704097001,0.02309522139474887
gamma,0.25,pi_0p750_gamma_0p25,γ = 0.25 (AHP),0.75,0.25,105,99,98,0.22972256459297047,0.0468038423515354,0.05913607350226667,-0.012332231150731253,0.18291872224143504,0.19484188695068447,-0.009345479661437252,-0.0025776850478122075,13.204418851245215,2.7112215279836396,0.25414641746297484,0.021778714959589336
gamma,0.25,pi_0p750_gamma_0p25,γ = 0.25 (AHP),0.75,0.25,105,100,99,0.2304918019952718,0.04869197057977512,0.0604103501390463,-0.011718379559271163,0.1817998314154967,0.19293963887709642,-0.008718879962866919,-0.0024209274987328304,14.135287812389322,2.8430100809626433,0.25349233872536464,0.02052261014668938
gamma,0.25,pi_0p750_gamma_0p25,γ = 0.25 (AHP),0.75,0.25,105,101,100,0.2311672708671661,0.050542284833581363,0.06166392881323595,-0.011121643979654575,0.18062498603358476,0.191028920175408,-0.008133055267162072,-0.0022708788746612003,15.159506626442937,2.9866456487372717,0.25281273640190544,0.019326581835503606
gamma,0.25,pi_0p750_gamma_0p25,γ = 0.25 (AHP),0.75,0.25,105,102,101,0.2317452535924868,0.052346199623743726,0.06288930329540332,-0.01054310367165958,0.17939905396874306,0.18911385597563984,-0.007587019273167477,-0.002127782733729315,16.28826827057758,3.143296878859789,0.2521037895903997,0.01819045928589036
gamma,0.25,pi_0p750_gamma_0p25,γ = 0.25 (AHP),0.75,0.25,105,103,102,0.23221783264271756,0.05409233695107729,0.06407636569735395,-0.009984028746276654,0.17812549569164027,0.18719746311870694,-0.007079865577358675,-0.001992101849707996,17.534604161573373,3.3142132591566766,0.25135800952996606,0.017114367742557306
gamma,0.25,pi_0p750_gamma_0p25,γ = 0.25 (AHP),0.75,0.25,105,104,103,0.2325697501779861,0.055764519815383704,0.06521052181782445,-0.009446002002440751,0.17680523036260237,0.18528072627268108,-0.006610868211720614,-0.0018646276983580936,18.914015490385495,3.5006916488625524,0.25056142853690394,0.01609894929506804
gamma,0.25,pi_0p750_gamma_0p25,γ = 0.25 (AHP),0.75,0.25,105,105,104,0.23277311216324487,0.057338314652262606,0.0662694313210348,-0.008931116668772193,0.17543479751098223,0.18336268260635738,-0.006179386449829158,-0.0017484986455460034,20.44552171204938,3.7040021981039706,0.2496904223018525,0.015145463893751241
gamma,0.5,pi_0p750_gamma_0p50,γ = 0.5,0.75,0.5,105,1,0,0.0,0.0,0.0,0.0,0.0,0.0,0.0,0.0,1.0,1.0,0.2733972392261822,0.16472708252266294
gamma,0.5,pi_0p750_gamma_0p50,γ = 0.5,0.75,0.5,105,2,1,-0.007103780831283014,-0.00529597375398878,-0.0025370085073784954,-0.002758965246610285,-0.0018078070772942249,0.0031515965650207407,-0.004787706648528111,-0.00017169699378685523,1.0167504035902386,0.9907194898263068,0.2739840968342139,0.1722570462898249
gamma,0.5,pi_0p750_gamma_0p50,γ = 0.5,0.75,0.5,105,3,2,-0.013620731937185961,-0.010400852038360811,-0.004746839069713433,-0.005654012968647378,-0.0032198798988251464,0.006823383366432013,-0.009572785804817208,-0.0004704774604399499,1.0339501022506021,0.9826713872690308,0.2745347335017704,0.1793880856401016
gamma,0.5,pi_0p750_gamma_0p50,γ = 0.5,0.75,0.5,105,4,3,-0.0195233373213819,-0.015299316183281363,-0.006650288775296992,-0.00864902740798437,-0.004224021138100541,0.010992568046490084,-0.014334030171721121,-0.0008825590128695045,1.0515358592757724,0.9757038332552046,0.2750453635943448,0.18608686007841332
gamma,0.5,pi_0p750_gamma_0p50,γ = 0.5,0.75,0.5,105,5,4,-0.024794474757636298,-0.019976533655982127,-0.008267933232616004,-0.011708600423366125,-0.004817941101654151,0.015627719993059,-0.019051380712008636,-0.001394280382704518,1.069453909018574,0.969686485449305,0.2755132623050125,0.1923275954236283
gamma,0.5,pi_0p750_gamma_0p50,γ = 0.5,0.75,0.5,105,6,5,-0.029426426350637528,-0.024418968748314014,-0.009620040091670484,-0.014798928656643532,-0.0050074576023235095,0.020690717140364138,-0.023706013906432066,-0.001992160836255579,1.087659338581325,0.9645074073080918,0.2759366199931932,0.19809175537930093
gamma,0.5,pi_0p750_gamma_0p50,γ = 0.5,0.75,0.5,105,7,6,-0.033419789469364886,-0.028614978471363735,-0.010726472707225324,-0.017888505764138415,-0.004804810998001126,0.026138589594093906,-0.028280403103562328,-0.002662997488532705,1.1061154001334166,0.960070388012075,0.2763144111967647,0.20336754732791879
gamma,0.5,pi_0p750_gamma_0p50,γ = 0.5,0.75,0.5,105,8,7,-0.03678234138366575,-0.03255520387418219,-0.011606589069550472,-0.020948614804631723,-0.004227137509483549,0.03192520024248496,-0.03275836243039955,-0.0033939753215689607,1.1247927779712654,0.956292651075812,0.27664627543672116,0.20814931331542644
gamma,0.5,pi_0p750_gamma_0p50,γ = 0.5,0.75,0.5,105,9,8,-0.039527914239243456,-0.036232787936001806,-0.012279145140168153,-0.023953642795833657,-0.00329512630324167,0.03800273280108243,-0.03712507569599488,-0.004172783408329214,1.1436688642507193,0.9531028937637285,0.2769324120478336,0.2124368553271851
gamma,0.5,pi_0p750_gamma_0p50,γ = 0.5,0.75,0.5,105,10,9,-0.04167530902617162,-0.03964344235203492,-0.012762205024594896,-0.026881237327440025,-0.0020318666741366976,0.044322965694202764,-0.04136711355487922,-0.0049877188134602405,1.1627270451550074,0.9504396217544989,0.2771734851474675,0.21623473014567593
gamma,0.5,pi_0p750_gamma_0p50,γ = 0.5,0.75,0.5,105,11,10,-0.043247284765726736,-0.04278539962159101,-0.013073063922325887,-0.02971233569926512,-0.00046188514413571827,0.0508383338252782,-0.04547243864993664,-0.005827780319477279,1.181956035526303,0.9482497304695264,0.2773705410837044,0.2195515477312972
gamma,0.5,pi_0p750_gamma_0p50,γ = 0.5,0.75,0.5,105,12,11,-0.04426962474662409,-0.04565926991385025,-0.013228183004270878,-0.03243108690957937,0.0013896451672261673,0.05750277856401611,-0.049430399688204965,-0.006682733708584982,1.2013492384681366,0.9464873077913871,0.2775249324716783,0.2223992901457704
gamma,0.5,pi_0p750_gamma_0p50,γ = 0.5,0.75,0.5,105,13,12,-0.04477031513801537,-0.0482678446774244,-0.01324314253819959,-0.0350247021392248,0.0034975295394090353,0.06427241246438731,-0.05323171294451354,-0.0075431699804647525,1.2209041924854716,0.9451126085152494,0.277638255972675,0.2247926773024457
gamma,0.5,pi_0p750_gamma_0p50,γ = 0.5,0.75,0.5,105,14,13,-0.04477881140758834,-0.050615851737173166,-0.013132607368327156,-0.03748324436884601,0.005837040329584835,0.07110600517381353,-0.056868433149243156,-0.008400531694985563,1.2406220455927832,0.944091193574732,0.2777122942869978,0.22674857895206085
gamma,0.5,pi_0p750_gamma_0p50,γ = 0.5,0.75,0.5,105,15,14,-0.04432541024977084,-0.05270969177862469,-0.012910307874587352,-0.03979938390403734,0.008384281528853853,0.07796531990106993,-0.06033391344078302,-0.009247124931433067,1.260507095329605,0.9433931976873838,0.277748967311405,0.22828548653099298
gamma,0.5,pi_0p750_gamma_0p50,γ = 0.5,0.75,0.5,105,16,15,-0.04344072025456169,-0.054557170431548264,-0.012589035008347637,-0.041968135423200624,0.011116450176986585,0.08481532183593553,-0.06362275511232188,-0.010076116546627073,1.2805663911599052,0.942992705956362,0.2777502908283131,0.2294230464974448
gamma,0.5,pi_0p750_gamma_0p50,γ = 0.5,0.75,0.5,105,17,16,-0.042155220545042255,-0.0561672340774565,-0.01218064679899787,-0.04398658727845863,0.014012013532414262,0.091624278063646,-0.06673074878423951,-0.010881515746992223,1.3008093852873168,0.9428672259912381,0.2777183408530275,0.23018165304324126
gamma,0.5,pi_0p750_gamma_0p50,γ = 0.5,0.75,0.5,105,18,17,-0.04049889911609578,-0.057549716863585156,-0.011696084429476537,-0.045853632434108615,0.017050817747489386,0.0983637687010396,-0.06965480865242746,-0.011658142301122767,1.3212476249107967,0.9429972418694719,0.27765522296703,0.23058209777939262
gamma,0.5,pi_0p750_gamma_0p50,γ = 0.5,0.75,0.5,105,19,18,-0.03850096712115477,-0.058715108049548805,-0.011145397318239901,-0.047569710731308903,0.02021414092839401,0.10500862962037509,-0.07239290103948605,-0.01240158765249503,1.3418944948107911,0.9433658337209283,0.2775630472670334,0.2306452750806693
gamma,0.5,pi_0p750_gamma_0p50,γ = 0.5,0.75,0.5,105,20,19,-0.03618964034240611,-0.059674343545954515,-0.010537775649522005,-0.04913656789643251,0.023484703203548417,0.11153684313110104,-0.07494396869183834,-0.013108171235714294,1.362765008925476,0.9439583520224963,0.27744390826340415,0.23039193874592057
gamma,0.5,pi_0p750_gamma_0p50,γ = 0.5,0.75,0.5,105,21,20,-0.03359197240627489,-0.06043861781232028,-0.009881586948870936,-0.05055703086344935,0.026846645406045377,0.11792938745246816,-0.07730785305441566,-0.013774888992007116,1.3838756258318248,0.9447621441462792,0.27729986756647435,0.22984250189641497
gamma,0.5,pi_0p750_gamma_0p50,γ = 0.5,0.75,0.5,105,22,21,-0.030733741285700167,-0.061019224293281514,-0.00918441784020262,-0.0518348064530789,0.03028548300758137,0.12417006108240536,-0.07948521507280146,-0.014399363002022544,1.4052441142369185,0.9457663170103482,0.2771329411265998,0.2290168797495751
gamma,0.5,pi_0p750_gamma_0p50,γ = 0.5,0.75,0.5,105,23,22,-0.027639370539536932,-0.06142741458596198,-0.00845311663379177,-0.052974297952170214,0.033788044046425034,0.13024528690541737,-0.08147745700223914,-0.014979785856753228,1.426889429263175,0.9469615402478335,0.27694508807951185,0.2279343649753083
gamma,0.5,pi_0p750_gamma_0p50,γ = 0.5,0.75,0.5,105,24,23,-0.024331889577739955,-0.06167428471379598,-0.00769383887796481,-0.05398044583583117,0.037342395136056014,0.1361439090528855,-0.08328664508154587,-0.015514868835283635,1.448831633581901,0.9483398736548068,0.2767382032482473,0.22661353641565407
gamma,0.5,pi_0p750_gamma_0p50,γ = 0.5,0.75,0.5,105,25,24,-0.020832919199997302,-0.06177067938632483,-0.006912092364833959,-0.05485858702149088,0.04093776018632756,0.14185698512849243,-0.08491543532838623,-0.016003789613778647,1.4710918323107296,0.9498946234037025,0.2765141112070554,0.22507219286249672
gamma,0.5,pi_0p750_gamma_0p50,γ = 0.5,0.75,0.5,105,26,25,-0.01716268060456652,-0.061727117698277274,-0.006112782843996202,-0.055614334854281085,0.044564437093710794,0.1473775812726719,-0.08636700159325207,-0.016446142585709027,1.4936921395362222,0.9516202164127927,0.2762745624183656,0.22332730979035795
gamma,0.5,pi_0p750_gamma_0p50,γ = 0.5,0.75,0.5,105,27,26,-0.013340018617705061,-0.06155373167872288,-0.005300257410322882,-0.0562534742684,0.04821371306101785,0.15270057074443338,-0.08764496825598743,-0.016841889427428123,1.5166556480862825,0.9535120982782146,0.27602123020194574,0.22139501288843608
gamma,0.5,pi_0p750_gamma_0p50,γ = 0.5,0.75,0.5,105,28,27,-0.009382445908117579,-0.06126022565676835,-0.004478348523216535,-0.05678187713355182,0.051877779748650786,0.15782244369780873,-0.0887533466687018,-0.017191317280456166,1.5400064433780483,0.9555666401740109,0.2757557102320854,0.2192905706827903
gamma,0.5,pi_0p750_gamma_0p50,γ = 0.5,0.75,0.5,105,29,28,-0.005306189187729119,-0.06085584263563776,-0.0036504144522478865,-0.057205428183389875,0.05554965344790865,0.16274112411536887,-0.08969647603429821,-0.017494994633162012,1.5637696082624606,0.9577810659562376,0.27547951960166733,0.21702839544973776
gamma,0.5,pi_0p750_gamma_0p50,γ = 0.5,0.75,0.5,105,30,29,-0.0011262458561122877,-0.06034934345097324,-0.0028193782984430333,-0.057529965152530206,0.059223097594860954,0.1674557989953288,-0.090478969053753,-0.017753732346714905,1.5879712502239527,0.9601533894322114,0.2751940972582887,0.21462205569203963
gamma,0.5,pi_0p750_gamma_0p50,γ = 0.5,0.75,0.5,105,31,30,0.0031435516926491477,-0.05974899721955346,-0.001987765551863897,-0.05776123166768955,0.06289254891220261,0.17196676058139215,-0.09110566214785815,-0.017968549521331412,1.6126385526480975,0.9626823596201829,0.2749008054461674,0.21208429780926638
gamma,0.5,pi_0p750_gamma_0p50,γ = 0.5,0.75,0.5,105,32,31,0.007490470557388568,-0.05906257829710818,-0.0011577390519858202,-0.05790483924512236,0.06655304885449674,0.17627526034733715,-0.09158157014114535,-0.01814064135169507,1.6377998348395846,0.9653674163203961,0.27460093130702007,0.2094270727851053
gamma,0.5,pi_0p750_gamma_0p50,γ = 0.5,0.75,0.5,105,33,32,0.011902813040654077,-0.05829736735161831,-0.00033113092904882307,-0.05796623642256948,0.0702001803922724,0.18038337421602582,-0.09191184543845368,-0.018271348385299768,1.6634846138733852,0.9682086564491564,0.2742956884986521,0.20666156592451898
gamma,0.5,pi_0p750_gamma_0p50,γ = 0.5,0.75,0.5,105,34,33,0.01636984981929833,-0.05746015899471159,0.0004905272613946549,-0.05795068625610624,0.07383000881400992,0.18429388046390333,-0.09210174158152935,-0.018362130068364076,1.6897236854890267,0.9712068059793226,0.2739862194180845,0.20379823096819438
gamma,0.5,pi_0p750_gamma_0p50,γ = 0.5,0.75,0.5,105,35,34,0.020881751653546186,-0.05655727523620856,0.0013059759906082714,-0.05786325122681683,0.07743902688975478,0.1880101500045461,-0.09215658079162702,-0.018414542323164335,1.716549227275581,0.974363195919815,0.2736735978204384,0.200846827426655
gamma,0.5,pi_0p750_gamma_0p50,γ = 0.5,0.75,0.5,105,36,35,0.02542952719226679,-0.055594578377887234,0.0021142026462807866,-0.057708781024168015,0.08102410557015403,0.19153604596564916,-0.09208172530224207,-0.018430215093253065,1.7439948955578193,0.9776797487390102,0.27335883103354547,0.19781645666699607
gamma,0.5,pi_0p750_gamma_0p50,γ = 0.5,0.75,0.5,105,37,36,0.030004958330501052,-0.05457748991980694,0.0029144171606444117,-0.05749190708045135,0.08458244825030799,0.19487583511754444,-0.09188255227262046,-0.018410834594616007,1.7720959542395156,0.981158965258146,0.2730428625734418,0.19471560098726573
gamma,0.5,pi_0p750_gamma_0p50,γ = 0.5,0.75,0.5,105,38,37,0.03460054255577214,-0.05351100698140505,0.003706031161773046,-0.05721703814317809,0.08811154953717716,0.19803410725597947,-0.09156443197758896,-0.018358125741213368,1.8008893950377425,0.9848039221678964,0.27272657455634675,0.19155215996711908
gamma,0.5,pi_0p750_gamma_0p50,γ = 0.5,0.75,0.5,105,39,38,0.039209434144376734,-0.05239972338466266,0.004488637629888579,-0.056888361014551234,0.09160915752903938,0.2010157047927216,-0.0911327090381503,-0.018273838225531934,1.830414089965905,0.9886182692293689,0.2724107901846086,0.1883334886161933
gamma,0.5,pi_0p750_gamma_0p50,γ = 0.5,0.75,0.5,105,40,39,0.04382539201409938,-0.05124784776517542,0.005261993720727192,-0.05650984148590261,0.09507323977927486,0.20382565897200125,-0.09059268650209958,-0.018159732690626863,1.8607109382447682,0.9926062361745759,0.2720962759807053,0.18506643251525745
gamma,0.5,pi_0p750_gamma_0p50,γ = 0.5,0.75,0.5,105,41,40,0.048442726458963914,-0.05005922581888068,0.006026003694353368,-0.05608522951323403,0.09850195227784458,0.2064691352384431,-0.08994961226096523,-0.018017570699633285,1.8918230498426134,0.9967726382072533,0.2717837442261422,0.18175736408076418
gamma,0.5,pi_0p750_gamma_0p50,γ = 0.5,0.75,0.5,105,42,41,0.05305625187614094,-0.04883735979388809,0.006780704420277006,-0.05561806421416509,0.10189361167002906,0.20895138414140374,-0.0892086677829823,-0.017849104688392417,1.9237959304589958,1.001122889568465,0.27147385504559707,0.1784122158650318
gamma,0.5,pi_0p750_gamma_0p50,γ = 0.5,0.75,0.5,105,43,42,0.0576612413436173,-0.04758542828919182,0.007526252125912252,-0.055111680415104065,0.10524666963280915,0.21127769850499625,-0.08837495904105391,-0.0176560698311332,1.956677687613033,1.0056630207119983,0.2711672184017043,0.17503651302346257
gamma,0.5,pi_0p750_gamma_0p50,γ = 0.5,0.75,0.5,105,44,43,0.06225338635655667,-0.04630630465769451,0.00826291066962153,-0.05456921532731603,0.10855969101425118,0.2134533759101392,-0.08745350878309366,-0.01744017611279439,1.9905192474599793,1.0103997006080967,0.27086439599381834,0.17163540307599526
gamma,0.5,pi_0p750_gamma_0p50,γ = 0.5,0.75,0.5,105,45,44,0.06682875520367433,-0.045002576962709706,0.008991040355789664,-0.053993617318499366,0.11183133216638405,0.2154836866996333,-0.08644925108763794,-0.017203103445611368,2.025374608371463,1.0153402608226598,0.27056590300653055,0.16821368630449732
gamma,0.5,pi_0p750_gamma_0p50,γ = 0.5,0.75,0.5,105,46,45,0.07138375893225873,-0.043676564463174604,0.009711088748333414,-0.05338765321150801,0.11506032339543333,0.2173738455526653,-0.08536702661838193,-0.01694649553885009,2.0613010963609373,1.0204927275243174,0.27027220972151433,0.16477584193913392
gamma,0.5,pi_0p750_gamma_0p50,γ = 0.5,0.75,0.5,105,47,46,0.07591511504798355,-0.042330336366122566,0.010423581387290779,-0.052753917753413336,0.11824545141410613,0.2191289879689144,-0.08421157972513538,-0.016671956829672936,2.0983596673202674,1.0258658538354222,0.26998374293208877,0.16132605534289773
gamma,0.5,pi_0p750_gamma_0p50,γ = 0.5,0.75,0.5,105,48,47,0.08041981840424027,-0.04096572654990793,0.011129114625626923,-0.052094841175534846,0.12138554495414822,0.22075414913043806,-0.08298755610325798,-0.016381048073031892,2.1366152127385494,1.0314691617442138,0.26970088724997726,0.1578682410705033
gamma,0.5,pi_0p750_gamma_0p50,γ = 0.5,0.75,0.5,105,49,48,0.08489511221771821,-0.03958434882310976,0.011828348799814793,-0.051412697622924546,0.12447946104082797,0.22225424631296667,-0.08169950166769423,-0.01607528360444453,2.1761369039715697,1.0373129873456737,0.26942398628140757,0.15440606559291775
gamma,0.5,pi_0p750_gamma_0p50,γ = 0.5,0.75,0.5,105,50,49,0.08933845995309606,-0.038187612489121205,0.012522001611654388,-0.05070961410077558,0.1275260724422173,0.223634064472778,-0.08035186227794493,-0.015756129752615783,2.2169985779492243,1.0434085293869269,0.269153343571431,0.15094296920947725
gamma,0.5,pi_0p750_gamma_0p50,γ = 0.5,0.75,0.5,105,51,50,0.0937475222051607,-0.036776734762691894,0.013210843165553321,-0.0499875779282452,0.1305242569678526,0.2248982433875311,-0.07894898388547278,-0.015425002534205702,2.259279140972117,1.0497679076221837,0.2688892235043377,0.14748218492966056
gamma,0.5,pi_0p750_gamma_0p50,γ = 0.5,0.75,0.5,105,52,51,0.0981201324287112,-0.0353527548854759,0.01389569046768082,-0.04924844535315671,0.13347288731418716,0.22605126786521354,-0.0774951134792236,-0.015083267071802813,2.3030630311690237,1.056404222926918,0.26863185190957367,0.1440267576120516
gamma,0.5,pi_0p750_gamma_0p50,γ = 0.5,0.75,0.5,105,53,52,0.10245427874470946,-0.03391654402221988,0.014577403999907548,-0.048493948022127406,0.13637082276692936,0.22709745859685065,-0.07599440010413748,-0.014732235725783846,2.3484406963013744,1.0633316305577027,0.2683814168196504,0.14057955948531883
gamma,0.5,pi_0p750_gamma_0p50,γ = 0.5,0.75,0.5,105,54,53,0.10674808110294598,-0.032468818833129805,0.01525688287358612,-0.04772570170671591,0.13921689993607578,0.22804096592935152,-0.07445089703407005,-0.014373168959205719,2.395509158488066,1.07056541316001,0.2681380685431562,0.13714330776319442
gamma,0.5,pi_0p750_gamma_0p50,γ = 0.5,0.75,0.5,105,55,54,0.11099977671440137,-0.03101015029092939,0.015935061945049497,-0.046945212235978875,0.14200992700533074,0.22888576419994258,-0.07286856315735622,-0.014007274037255671,2.4443725939727474,1.0781220682243167,0.26790192023383996,0.13372057745705862
gamma,0.5,pi_0p750_gamma_0p50,γ = 0.5,0.75,0.5,105,56,55,0.11520770363706423,-0.029540973289494503,0.016612908906555944,-0.04615388219605043,0.14474867692655877,0.22963564736627326,-0.07125126525390293,-0.01363570518581159,2.495142986592369,1.0860194030011747,0.26767304803636766,0.13031381482614
gamma,0.5,pi_0p750_gamma_0p50,γ = 0.5,0.75,0.5,105,57,56,0.11937028458273316,-0.028061597032578656,0.017291420865064588,-0.04535301789764323,0.14743188161531182,0.23029422638136365,-0.06960278040270934,-0.013259564363342548,2.5479408581301017,1.0942766357185236,0.26745149094470255,0.12692535031020535
gamma,0.5,pi_0p750_gamma_0p50,γ = 0.5,0.75,0.5,105,58,57,0.12348601322986671,-0.026572213891726048,0.017971621611410755,-0.04454383550313679,0.15005822712159275,0.23086492717660934,-0.06792679829909849,-0.012879901755918136,2.602896063924144,1.102914509204234,0.267237250611168,0.12355740971948939
gamma,0.5,pi_0p750_gamma_0p50,γ = 0.5,0.75,0.5,105,59,58,0.12755344355090528,-0.025072906384903802,0.018654559767232,-0.0437274661521358,0.15262634993580906,0.2313509891246671,-0.0662269233413557,-0.012497715847502358,2.660148654213421,1.1119554192693386,0.2670302913505243,0.12021212349200093
gamma,0.5,pi_0p750_gamma_0p50,γ = 0.5,0.75,0.5,105,60,59,0.13157117693175327,-0.023563656314629297,0.019341305769901646,-0.04290496208453093,0.15513483324638255,0.2317554650546647,-0.06450667710280482,-0.012113954705477376,2.7198498506141857,1.1214235504130754,0.26683053954519953,0.11689153673777168
gamma,0.5,pi_0p750_gamma_0p50,γ = 0.5,0.75,0.5,105,61,60,0.135537854008165,-0.022044350565562813,0.020032950498947537,-0.04207730106451033,0.15758220457372782,0.2320812210175426,-0.06276950022178343,-0.011729516222031389,2.7821630922859812,1.1313450325468468,0.26663788354780166,0.11359761646309942
gamma,0.5,pi_0p750_gamma_0p50,γ = 0.5,0.75,0.5,105,62,61,0.13945214163589084,-0.020514791360590895,0.02073060139254937,-0.04124539275314025,0.15996693299648174,0.23233093810625552,-0.06101875491825288,-0.01134525019152094,2.847265243977153,1.1417481021497593,0.26645217239664526,0.11033226092899766
gamma,0.5,pi_0p750_gamma_0p50,γ = 0.5,0.75,0.5,105,63,62,0.1433127277407334,-0.018974701159204174,0.02143538114928945,-0.04041008230849361,0.16228742889993752,0.23250711356604517,-0.05925772625421386,-0.010961958411893765,2.9153478716971057,1.1526632921166393,0.2662732157224692,0.10709730456879471
gamma,0.5,pi_0p750_gamma_0p50,γ = 0.5,0.75,0.5,105,64,63,0.1471183139713977,-0.017423729467305703,0.02214842541024396,-0.03957215487754965,0.16454204343870338,0.23261206290736025,-0.057489623670698854,-0.010580395797957987,2.9866186782771136,1.164123636835482,0.26610078310877067,0.1038945237551244
gamma,0.5,pi_0p750_gamma_0p50,γ = 0.5,0.75,0.5,105,65,64,0.15086760593799503,-0.015861462271761585,0.022870878741640767,-0.03873234101340234,0.16672906820975658,0.23264792326884393,-0.05571758271521662,-0.010201272343870731,3.0613031271639017,1.1761648910747777,0.2659346025325417,0.10072564339935428
gamma,0.5,pi_0p750_gamma_0p50,γ = 0.5,0.75,0.5,105,66,65,0.15455931026052422,-0.014287427234133128,0.023603892660209323,-0.03789131989434244,0.16884673749465737,0.2326166564870863,-0.05394466542934212,-0.009825253563086804,3.139646185799335,1.1888257823639052,0.2657743601338943,0.09759233975963183
gamma,0.5,pi_0p750_gamma_0p50,γ = 0.5,0.75,0.5,105,67,66,0.15819212786080394,-0.012701102300428582,0.024348621613482627,-0.037049723913911196,0.1708932301612325,0.23252005343014578,-0.05217386114657297,-0.009452962122340312,3.2219143035862388,1.202148281051256,0.2656196988906029,0.09449624484109656
gamma,0.5,pi_0p750_gamma_0p50,γ = 0.5,0.75,0.5,105,68,67,0.16176475157767845,-0.011101921869360263,0.02510622011936103,-0.03620814198872128,0.1728666734470387,0.2323597383721705,-0.05040808628881588,-0.009084978636315938,3.3083975712497735,1.2161779059522757,0.26547021820629635,0.09143894833973966
gamma,0.5,pi_0p750_gamma_0p50,γ = 0.5,0.75,0.5,105,69,68,0.16527585945774864,-0.009489287376306606,0.02587783702369169,-0.035367124399998284,0.17476514683405525,0.2321371750273724,-0.048650184559455655,-0.00872184363386154,3.399412177609862,1.2309640497398056,0.2653254720623244,0.08842200138781177
gamma,0.5,pi_0p750_gamma_0p50,γ = 0.5,0.75,0.5,105,70,69,0.1687241146497063,-0.007862573990869906,0.026664611719167123,-0.03452718571003702,0.17658668864057617,0.23185367249939845,-0.046902925649908174,-0.008364058208914114,3.4953030779662844,1.24656035083083,0.26518496884973874,0.08544691676917356
gamma,0.5,pi_0p750_gamma_0p50,γ = 0.5,0.75,0.5,105,71,70,0.17210816303654425,-0.006221139903988197,0.027467668665367997,-0.03368880856935619,0.17832930294053245,0.23151039232607504,-0.045169004016530706,-0.008012085369011905,3.59644699614807,1.2630250987922327,0.26504817046922663,0.0825151700182391
gamma,0.5,pi_0p750_gamma_0p50,γ = 0.5,0.75,0.5,105,72,71,0.17542663127715277,-0.00456433682365039,0.02828811076886025,-0.03285244759251064,0.17999096810080317,0.2311083567089692,-0.04345103718316069,-0.007666351425005359,3.703255775543398,1.280421680076205,0.26491449136750733,0.07962820004788737
gamma,0.5,pi_0p750_gamma_0p50,γ = 0.5,0.75,0.5,105,73,72,0.1786781261384216,-0.002891520777687174,0.0291270122537724,-0.032018533031459566,0.1815696469161088,0.2306484575855334,-0.0417515634221525,-0.007327247247272139,3.81618011000602,1.2988190721187252,0.2647832978278916,0.0767874089058882
gamma,0.5,pi_0p750_gamma_0p50,γ = 0.5,0.75,0.5,105,74,73,0.1818612362043315,-0.0012020625848883186,0.029985411422711165,-0.031187474007599476,0.18306329878921984,0.23013146665302112,-0.040073038626912395,-0.006995129236888899,3.9357136849704877,1.3182923937778341,0.26465390805257283,0.07399416025113797
gamma,0.5,pi_0p750_gamma_0p50,γ = 0.5,0.75,0.5,105,75,74,0.1849745319337359,0.0005046388155510008,0.030864301245551493,-0.030359662430000482,0.1844698931181849,0.22955804694528978,-0.038417833104378435,-0.006670320722726468,4.062397834787557,1.338923507547899,0.26452559160317524,0.07124977842248417
gamma,0.5,pi_0p750_gamma_0p50,γ = 0.5,0.75,0.5,105,76,75,0.18801656922102414,0.0022291443323868483,0.03176462051949088,-0.02953547618710402,0.1857874248886373,0.228928765153507,-0.03678822738142188,-0.006353112883447842,4.1968267082532895,1.36080169460176,0.2643975701458013,0.06855554578850476
gamma,0.5,pi_0p750_gamma_0p50,γ = 0.5,0.75,0.5,105,77,76,0.19098589109075742,0.003971959145006356,0.032687242225485136,-0.028715283080478774,0.1870139319457511,0.22824410605301246,-0.03518640800353555,-0.0060437661037258394,4.339653085595715,1.3840243923530129,0.2642690175125528,0.06591270084002983
gamma,0.5,pi_0p750_gamma_0p50,γ = 0.5,0.75,0.5,105,78,77,0.1938810321040455,0.005733517695051053,0.03363296195028851,-0.027899444255237448,0.1881475144089945,0.22750448795560552,-0.03361446254703939,-0.005742510999571678,4.491594860168862,1.408698017611443,0.2641390608752404,0.06332243500558979
gamma,0.5,pi_0p750_gamma_0p50,γ = 0.5,0.75,0.5,105,79,78,0.1967005234830602,0.0075141676824530945,0.034602485351051565,-0.02708831766859846,0.1891863558006071,0.2267102795332707,-0.032074374282525214,-0.005449549450138444,4.653442297292003,1.4349388794173579,0.26400678237065495,0.06078588917888164
gamma,0.5,pi_0p750_gamma_0p50,γ = 0.5,0.75,0.5,105,80,79,0.19944289834971685,0.009314152243077684,0.035596413964825206,-0.02628226172174751,0.1901287461066392,0.2258618184579397,-0.030568016634852483,-0.005165055716448066,4.826066182116193,1.462874187416903,0.2638712209333079,0.058304150234119625
gamma,0.5,pi_0p750_gamma_0p50,γ = 0.5,0.75,0.5,105,81,80,0.2021066998320659,0.011133592516800905,0.03661523091021752,-0.02548163839341661,0.19097310731526498,0.22495943165966698,-0.029097147041512155,-0.004889177302889858,5.01042691951985,1.4926431755199885,0.2637313756910186,0.05587824647297111
gamma,0.5,pi_0p750_gamma_0p50,γ = 0.5,0.75,0.5,105,82,81,0.20469048773358398,0.012972468259727326,0.03765928507477022,-0.02468681681504289,0.19171801947385664,0.2240034566316966,-0.027663401102245095,-0.004622036055594857,5.207584785233873,1.5243983448684437,0.2635862089536871,0.05350914384082437
gamma,0.5,pi_0p750_gamma_0p50,γ = 0.5,0.75,0.5,105,83,82,0.20719284759418338,0.014830598313922255,0.038728774697363876,-0.023898176383441615,0.19236224928026113,0.22299426474750494,-0.026268286396604456,-0.004363729070639364,5.4187114074315135,1.5583068446273858,0.26343465066945637,0.0511977413848973
gamma,0.5,pi_0p750_gamma_0p50,γ = 0.5,0.75,0.5,105,84,83,0.20961239984833588,0.0167076207129551,0.03982373057117615,-0.02311610985822105,0.19290477913538073,0.22193228530358072,-0.02491317652975232,-0.004114329638447657,5.645102679738513,1.5945520065621337,0.2632756032910687,0.048944866963825884
gamma,0.5,pi_0p750_gamma_0p50,γ = 0.5,0.75,0.5,105,85,84,0.2119478118101075,0.01860297377605684,0.04094399962386466,-0.02234102584780782,0.19334483803405061,0.22081803108239537,-0.023599305060551537,-0.0038738879877932104,5.888193230946569,1.6333350550726016,0.26310794860200004,0.04675127226573302
gamma,0.5,pi_0p750_gamma_0p50,γ = 0.5,0.75,0.5,105,86,85,0.21419780728616505,0.020515875829350175,0.042089227456246325,-0.021573351626896147,0.1936819314568149,0.21965212408803236,-0.02232776035624371,-0.0036424322749737258,6.149572768948515,1.674877001404043,0.26293055373567464,0.0446176291216182
gamma,0.5,pi_0p750_gamma_0p50,γ = 0.5,0.75,0.5,105,87,86,0.21636117924913778,0.022445306896342467,0.04325884202601084,-0.020813535129668367,0.19391587235279534,0.21843532222948364,-0.021099480550376852,-0.0034199693263114507,6.431004420768849,1.7194207561972195,0.26274227934252226,0.04254452513099195
gamma,0.5,pi_0p750_gamma_0p50,γ = 0.5,0.75,0.5,105,88,87,0.2184368034834211,0.024389992216055017,0.04445203870573559,-0.020062046489680567,0.1940468112673661,0.21716854576023084,-0.01991524915084698,-0.0032064853420177538,6.734445369039702,1.76723348519765,0.262541988939275,0.04053245951541177
gamma,0.5,pi_0p750_gamma_0p50,γ = 0.5,0.75,0.5,105,89,88,0.22042364951932678,0.026348385687962408,0.04566776532360653,-0.01931937963564412,0.19407526383136434,0.2158529026165419,-0.018775692006680996,-0.003001946778496547,7.0620701892740545,1.8186092233744107,0.2623285571843988,0.03858184041359536
gamma,0.5,pi_0p750_gamma_0p50,γ = 0.5,0.75,0.5,105,90,89,0.2223207960711819,0.02831865814639256,0.04690471075546829,-0.018586052609075723,0.19400213792478938,0.21448971342206363,-0.017681274584341745,-0.0028063009129324886,7.416297042683074,1.8738718012863396,0.26210088140586774,0.03669298122884295
gamma,0.5,pi_0p750_gamma_0p50,γ = 0.5,0.75,0.5,105,91,90,0.2241274419721993,0.030298686359392573,0.04816129438261208,-0.0178626080232195,0.1938287556128067,0.2130805333700836,-0.01663230110270765,-0.002619476654569203,7.799817360587259,1.9333780963531335,0.261857890900271,0.034866098993231766
gamma,0.5,pi_0p750_gamma_0p50,γ = 0.5,0.75,0.5,105,92,91,0.2258429188904475,0.032286046504217576,0.04943565898791581,-0.01714961248369823,0.19355687238622993,0.21162717213838092,-0.015628914574351786,-0.0024413851777991724,8.215629303902293,1.9975216638418845,0.2615985577187556,0.033101312609416
gamma,0.5,pi_0p750_gamma_0p50,γ = 0.5,0.75,0.5,105,93,92,0.22746670090921658,0.034278010700944696,0.05072566634752698,-0.016447655646582283,0.19318869020827187,0.21013170937183911,-0.01467109853501398,-0.0022719206285532517,8.66707566676521,2.066736782261322,0.2613219057231105,0.03139864242215656
gamma,0.5,pi_0p750_gamma_0p50,γ = 0.5,0.75,0.5,105,94,93,0.22899840956459028,0.03627154587346033,0.052028894774880804,-0.015757348901420474,0.19272686369112993,0.20859650514177838,-0.013758680563236725,-0.0021109608874117303,9.157886909349077,2.141502950669886,0.2610270165668405,0.02975801120252751
gamma,0.5,pi_0p750_gamma_0p50,γ = 0.5,0.75,0.5,105,95,94,0.2304378133854056,0.038263315299463835,0.05334263889386736,-0.015079323594403525,0.19217449808594178,0.20702420395559396,-0.01289133753311895,-0.001958368336533213,9.692230114360084,2.2223498865511564,0.26071303144142743,0.028179246396776162
gamma,0.5,pi_0p750_gamma_0p50,γ = 0.5,0.75,0.5,105,96,95,0.2317848127734494,0.040249677404154104,0.054663907053617906,-0.014414229649463798,0.1915351353692953,0.2054177296763326,-0.012068603463833129,-0.0018139908432041277,10.274765179622282,2.3098630295216327,0.26037914135091644,0.02666208535588518
gamma,0.5,pi_0p750_gamma_0p50,γ = 0.5,0.75,0.5,105,97,96,0.23303940185871405,0.042226677232906074,0.055989412240585346,-0.013762735007679269,0.19081272462580798,0.20378026786626663,-0.01128988028184949,-0.001677662958609183,10.91070991662442,2.4046895465576044,0.2600245582758944,0.025206184276925645
gamma,0.5,pi_0p750_gamma_0p50,γ = 0.5,0.75,0.5,105,98,97,0.234201590967494,0.04419001924947375,0.057315546097659716,-0.013125526848185963,0.1900115717180202,0.20211523147844243,-0.01055445232182955,-0.001549207438592669,11.605916634079778,2.5075447475188954,0.2596484527539161,0.023811132641354087
gamma,0.5,pi_0p750_gamma_0p50,γ = 0.5,0.75,0.5,105,99,98,0.23527125461013593,0.04613499980690102,0.05863831669254918,-0.012503316885648165,0.1891362548032349,0.2004261987977359,-0.009861506609768872,-0.0014284373847321247,12.366964760976028,2.619218658294244,0.2592498274155009,0.02247647748608594
gamma,0.5,pi_0p750_gamma_0p50,γ = 0.5,0.75,0.5,105,100,99,0.23624785068744208,0.04805636232924194,0.05995321591148972,-0.011896853582247796,0.1881914883582001,0.19871680900476157,-0.009210161414813412,-0.0013151592317480513,13.201277084007215,2.7405821943043565,0.2588272777221119,0.02120176282992608
gamma,0.5,pi_0p750_gamma_0p50,γ = 0.5,0.75,0.5,105,101,100,0.23712990959797414,0.04994800784984592,0.06125495439282274,-0.011306946542976822,0.18718190174812818,0.19699058661336413,-0.008599507813876882,-0.0012091770513590287,14.117273524639788,2.8725917587765952,0.25837854907113056,0.01998659426811312
gamma,0.5,pi_0p750_gamma_0p50,γ = 0.5,0.75,0.5,105,102,101,0.23791411571984578,0.05180244151378626,0.06253695305984835,-0.010734511546062092,0.1861116742060595,0.19525064494023375,-0.008028671908221542,-0.0011102988259526648,15.124588181419286,3.0162898975331287,0.2578997294878436,0.018830744827215414
gamma,0.5,pi_0p750_gamma_0p50,γ = 0.5,0.75,0.5,105,103,102,0.2385936679912225,0.05360974345146816,0.06379039354078643,-0.010180650089318259,0.18498392453975432,0.19349918043765768,-0.007496910218292291,-0.0010183456796110466,16.234398032653548,3.1727973322577294,0.2573837920278473,0.01773432849021212
gamma,0.5,pi_0p750_gamma_0p50,γ = 0.5,0.75,0.5,105,104,103,0.23915536879930774,0.0553556902409443,0.0650024764377035,-0.009646786196759197,0.18379967855836335,0.19173660271094733,-0.007003758566118854,-0.0009331655864651089,17.459955112080817,3.343287242440734,0.25681798068019024,0.016698084449576555
gamma,0.5,pi_0p750_gamma_0p50,γ = 0.5,0.75,0.5,105,105,104,0.23957447533604262,0.05701836816128597,0.06615326597735684,-0.009134897816070858,0.18255610717475662,0.18996091075250512,-0.006549347790654042,-0.0008554557870944808,18.81749718763926,3.5289241002374125,0.25618002884526014,0.01572392276980886
