t,state,n,n_next,phi,G,e,D_agg,d_per,PD,Q_actual,V_rational,B_rational,bubble_share,Q_b_branch,crash_gap_Q,market_actual,V_agg,B_agg,crash_gap_market
0,u,1,1.061339312526815,0.6933034373659253,1.061339312526815,1.686458190185473,0.1101652644379895,0.1101652644379895,7.211849430599321,0.7944952996089383,0.7944952996089383,6.79616557226789e-25,8.554066431372291e-25,0.7944952996089383,0,0.8432290950927364,0.8432290950927364,7.21303769628921e-25,0
1,u,1.061339312526815,1.128471018324084,0.6837406048898589,1.063251879022028,1.713134650223437,0.1101657796343553,0.1037988307170822,7.312714740417428,0.7590512394229003,0.7590512394229003,1.053422494841531e-24,1.387814735198164e-24,0.7530477344333901,0.006003504989510189,0.8565673251117181,0.8565673251117181,1.188756755479319e-24,0.00677478138902628
2,u,1.128471018324084,1.202043674946177,0.6740161890406455,1.065196762191871,1.740958430258498,0.1101612592237348,0.09761992770300622,7.418219445317333,0.7241660459369129,0.7241660459369129,1.626173389322817e-24,2.245580828384329e-24,0.7126068016614008,0.01155924427551214,0.8704792151292491,0.8704792151292491,1.95473143700128e-24,0.01389471646853717
3,u,1.202043674946177,1.282788329702631,0.6641359359922223,1.067172812801556,1.769976529671961,0.1101513274248434,0.09163670981403858,7.528579209510739,0.6898942283339395,0.6898942283339395,2.499900733070208e-24,3.623600010551392e-24,0.6732294557468328,0.01666477258710675,0.8849882648359798,0.8849882648359798,3.206843485797515e-24,0.02137737579188886
4,u,1.282788329702631,1.371530060900788,0.6541061017497392,1.069178779650052,1.800237701125489,0.110135600080982,0.0858564094565103,7.644019810585712,0.6562880947513232,0.6562880947513232,3.826811784731149e-24,5.830993759198362e-24,0.6349679896664621,0.02132010508486115,0.9001188505627444,0.9001188505627444,5.248587400168166e-24,0.02924116502545081
5,u,1.371530060900788,1.469201257618306,0.6439334452014471,1.071213310959711,1.831792506656721,0.1101136858212567,0.08028528791336641,7.764777613679948,0.6233974062975568,0.6233974062975568,5.832805164297228e-24,9.356479679533899e-24,0.5978696868985198,0.02552771939903697,0.9158962533283608,0.9158962533283608,8.569564682828041e-24,0.03750535744519236
6,u,1.469201257618306,1.576856915734827,0.633625217926103,1.073274956414779,1.864693375472208,0.11008518733594,0.07492859590550373,7.891100067584634,0.5912690482139422,0.5912690482139422,8.851408470415637e-24,1.49701874250872e-23,0.5619765190328315,0.02929252918111069,0.9323466877361036,0.9323466877361036,1.395740466056872e-23,0.04619012721859862
7,u,1.576856915734827,1.695692274465543,0.6231891506930474,1.07536216986139,1.898994663542242,0.1100497027616341,0.06979054450882127,8.023246223782154,0.5599467226861006,0.5599467226861006,1.337246153400948e-23,2.388166765198824e-23,0.5273248936433205,0.0326218290427801,0.9494973317711206,0.9494973317711206,2.267557971380751e-23,0.05531658348677791
8,u,1.695692274465543,1.827063172245469,0.6126334366259587,1.077473312674808,1.934752715111777,0.1100068271703047,0.06487428693686606,8.161487279468771,0.5294706675998394,0.5294706675998394,2.011152428692747e-23,3.798420860233045e-23,0.4939454562924892,0.0355252113073502,0.9673763575558888,0.9673763575558888,3.674502536236549e-23,0.06490680526589786
9,u,1.827063172245469,1.972509564963714,0.6019667110374443,1.079606657792511,1.972025926251321,0.1099561541546387,0.06018191150966178,8.306107145664045,0.4998774052301229,0.4998774052301229,3.010821629384935e-23,6.023120064806443e-23,0.4618629496737118,0.03801445555641114,0.9860129631256599,0.9860129631256599,5.938874462361418e-23,0.07498387719190898
10,u,1.972509564963714,2.133782724960965,0.5911980279796067,1.081760394404079,2.010874810581502,0.1098972775005828,0.05571444592848119,8.45740304156169,0.4711995244544611,0.4711995244544611,4.486466864092225e-23,9.521373921772322e-23,0.4310961319502795,0.04010339250418166,1.005437405290751,1.005437405290751,9.573145490709782e-23,0.08557192613775186
11,u,2.133782724960965,2.312876727916483,0.5803368335949142,1.083932633281017,2.051362067314612,0.1098297929363511,0.05147187276922037,8.615686116332386,0.4434654995993989,0.4434654995993989,6.653920341178079e-23,1.500436978116414e-22,0.401657755342737,0.04180774425666189,1.025681033657306,1.025681033657306,1.538969750652088e-22,0.09669615873791729
12,u,2.312876727916483,2.512064939175821,0.5693929363914405,1.086121412721712,2.093552651765915,0.1097532999457135,0.04745315589931288,8.781282099647703,0.416699548470428,0.416699548470428,9.821551609240108e-23,2.35698638150483e-22,0.3735546049735235,0.04314494349690451,1.046776325882958,1.046776325882958,2.467237544587794e-22,0.1083828998612957
13,u,2.512064939175821,2.73394233406724,0.5583764746061557,1.088324705078769,2.137513848496595,0.109667403631987,0.04365627732058854,8.954531982255684,0.3909215314934335,0.3909215314934335,1.442743428036104e-22,3.690621548842312e-22,0.3467875969272052,0.04413393456622827,1.068756924248298,1.068756924248298,3.944377335105199e-22,0.120659632079565
14,u,2.73394233406724,2.98147463171574,0.5472978808586477,1.090540423828271,2.183315347258946,0.1095717166179207,0.04007828374891607,9.135792728003208,0.3661468932241966,0.3661468932241966,2.109032305419674e-22,5.760071557205008e-22,0.3213519334535267,0.04479495977066988,1.091657673629474,1.091657673629474,6.288026316077719e-22,0.1335550361849794
15,u,2.98147463171574,3.258055392813738,0.5361678443347417,1.092766431133052,2.231029321922544,0.1094658609655959,0.03671534206635255,9.325438018767844,0.3423866467776304,0.3423866467776304,3.067910452188855e-22,8.960368288490433e-22,0.2972373122566139,0.04514933452101655,1.115514660961271,1.115514660961271,9.995422193423533e-22,0.1470990328181494
16,u,3.258055392813738,3.567572433524838,0.5249972707741566,1.095000545845169,2.280730512567672,0.1093494700995956,0.03356280262784564,9.523859033832769,0.3196474010079539,0.3196474010079539,4.440677699268981e-22,1.389242548278527e-21,0.2744281859032279,0.04521921510472604,1.140365256283836,1.140365256283836,1.584243934608052e-21,0.1613228252732506
17,u,3.567572433524838,3.914485145855565,0.5137972405679092,1.097240551886418,2.332496310939141,0.1092221907160623,0.03061526927657876,9.731465265312464,0.2979314295532141,0.2979314295532141,6.395675549504206e-22,2.146693807731306e-21,0.2529040665699834,0.04502736298323068,1.16624815546957,1.16624815546957,2.503577693624584e-21,0.1762589435549032
18,u,3.914485145855565,4.303914596170245,0.5025789652989412,1.099484206940212,2.386406849459665,0.109083684659871,0.0278666748232172,9.948685371314591,0.2772367801609216,0.2772367801609216,9.165145370237061e-22,3.305890857958013e-21,0.2326398706547355,0.04459690950618614,1.193203424729832,1.193203424729832,3.944600293498544e-21,0.1919412897677581
19,u,4.303914596170245,4.7417486060569,0.4913537430828054,1.101729251383439,2.442545094007257,0.1089336307520181,0.02531036067698707,10.17596806860465,0.2575574220538871,0.2575574220538871,1.306757358464164e-21,5.073654441962693e-21,0.213606297217754,0.04395112483613309,1.221272547003628,1.221272547003628,6.196314882952048e-21,0.2084051849263669
20,u,4.7417486060569,5.23476441300097,0.4801329130836747,1.103973417383265,2.500996940665525,0.108771726549482,0.02293915928198761,10.41378306662478,0.2388834284933713,0.2388834284933713,1.853710335087648e-21,7.759895053327595e-21,0.195770233806177,0.04311319468719435,1.250498470332762,1.250498470332762,9.703736894128924e-21,0.2256874172793075
21,u,5.23476441300097,5.790771973615337,0.4689278095939928,1.106214438081201,2.561851316659336,0.1085976900202387,0.02074547801053423,10.66262204480707,0.2212011911651826,0.2212011911651826,2.616197606034276e-21,1.182723109334716e-20,0.1790951829578947,0.04210600820728791,1.280925658329668,1.280925658329668,1.514980377446282e-20,0.2438262922475802
22,u,5.790771973615337,6.418781522984662,0.4577497160734842,1.108450056785303,2.625200285691141,0.1084112611168285,0.0187213831956751,10.92299967521407,0.2044936625659172,0.2044936625659172,3.673442088442022e-21,1.796359868735742e-20,0.1635417025807206,0.04095195998519663,1.31260014284557,1.31260014284557,2.357902220304584e-20,0.2628616840829873
23,u,6.418781522984662,7.129199656046097,0.4466098195447701,1.110678036091046,2.691139157895219,0.1082122032328481,0.01685868304527222,11.19545469263642,0.1887406222108629,0.1887406222108629,5.131494330309359e-21,2.718807573165888e-20,0.1490678534565728,0.03967276875429004,1.34556957894761,1.34556957894761,3.658344761464398e-20,0.2828350893574809
24,u,7.129199656046097,7.934058969938476,0.4355191657384724,1.112896166852305,2.759766604628472,0.1080003045279783,0.01514900826720233,11.48055101437827,0.1739189622288546,0.1739189622288546,7.13145796306825e-21,4.100448778945785e-20,0.1356296473207677,0.03828931490808687,1.379883302314235,1.379883302314235,5.658140802062081e-20,0.3037896823993056
25,u,7.934058969938476,8.847287222642773,0.4244886153704887,1.115102276925902,2.831184778317042,0.1077753791086254,0.013583889345539,11.77887891206707,0.1600029877560219,0.1600029877560219,9.85993877829083e-21,6.162346664004554e-20,0.1231814893013981,0.03682149845462385,1.415592389158521,1.415592389158521,8.723371036921246e-20,0.3257703727961542
26,u,8.847287222642773,9.885023050089972,0.413528801918326,1.117294239616335,2.905499437578277,0.1075372680529256,0.01215482953664108,12.09105623793412,0.1469647274900301,0.1469647274900301,1.356222361691272e-20,9.228216762306292e-20,0.1116766089573999,0.03528811853263022,1.452749718789139,1.452749718789139,1.340628930636569e-19,0.3488238650893569
27,u,9.885023050089972,11.06598657349777,0.4026500912423031,1.119469981751539,2.982820077837273,0.1072858402707144,0.01085337279711633,12.41772970812801,0.1347742498161399,0.1347742498161399,1.855878306386331e-20,1.377027369039809e-19,0.1010674747076354,0.03370677510850451,1.491410038918638,1.491410038918638,2.053712442051691e-19,0.3729987207866196
28,u,11.06598657349777,12.41191475947605,0.3918625433715588,1.121627491325688,3.063260067656832,0.1070209931910437,0.009671166007678993,12.75957624574255,0.1233999800602136,0.1233999800602136,2.526578777958959e-20,2.047470977488086e-19,0.09130618707637381,0.03209379298383984,1.531630033828416,1.531630033828416,3.135968042512777e-19,0.3983454228236906
29,u,12.41191475947605,13.9480732132666,0.3811758767446612,1.123764824651068,3.146936790999018,0.1067426532719193,0.008600015013028114,13.11730438636691,0.112809014653215,0.112809014653215,3.422043108215963e-20,3.033483732426553e-19,0.08234484687097941,0.03046416778223558,1.573468395499508,1.573468395499508,4.773090781235066e-19,0.4249164426078596
30,u,13.9480732132666,15.70385824503612,0.3705994351608684,1.125880112967826,3.233971795635934,0.1064507763290695,0.007631934153300808,13.49165574909638,0.1029674282961058,0.1029674282961058,4.61119584725403e-20,4.478305347195335e-19,0.07413589513313958,0.02883153316296626,1.616985897817967,1.616985897817967,7.241356592537651e-19,0.4527663097782799
31,u,15.70385824503612,17.71350561564804,0.3601421576614277,1.127971568467715,3.324490947926994,0.1061453476827224,0.006759189113049602,13.88340657607915,0.09384057058107545,0.09384057058107545,6.18194159065176e-20,6.587706737472091e-19,0.06663242244386336,0.02720814813721209,1.662245473963496,1.662245473963496,1.095038570816181e-18,0.4819516848198901
32,u,17.71350561564804,20.01692541961763,0.3498125515214902,1.130037489695702,3.418624594179768,0.1058263821234968,0.00597433305522596,14.29336934381794,0.08539334894132489,0.08539334894132489,8.245723983220442e-20,9.656166534569581e-19,0.05978844589428413,0.02560490304704076,1.709312297089884,1.709312297089884,1.65054042002876e-18,0.5125314346691551
33,u,20.01692541961763,22.66068619187428,0.3396186684930083,1.132076266301398,3.516507728811997,0.1054939237005916,0.005270236137124338,14.72239444959409,0.07759049525324956,0.07759049525324956,1.094299197195872e-19,1.410352123187462e-18,0.05355915274048936,0.0240313425127602,1.758253864405999,1.758253864405999,2.47975707076756e-18,0.5445667114511064
34,u,22.66068619187428,25.6991756423683,0.329568084398173,1.134086383120365,3.61828016953323,0.1051480453374248,0.004640108620149775,15.17137197653875,0.0703968138878362,0.0703968138878362,1.444970637155009e-19,2.052608005040246e-18,0.04790111042506891,0.02249570346276729,1.809140084766615,1.809140084766615,3.713455420231142e-18,0.5781210344882894
35,u,25.6991756423683,29.19597056081375,0.3196678821322692,1.136066423573546,3.724086739766293,0.1047888482817123,0.004077517883840397,15.64123354103853,0.06377740948890886,0.06377740948890886,1.898502852283634e-19,2.976763822014112e-18,0.04277244325749612,0.02100496623141274,1.862043369883147,1.862043369883147,5.542863338489393e-18,0.6132603757232135
36,u,29.19597056081375,33.22545455099793,0.3099246380950126,1.138015072380997,3.834077458531265,0.1044164613986522,0.003576399735749764,16.1329542263341,0.05769789323192431,0.05769789323192431,2.48203397176729e-19,4.301775736924095e-18,0.03813297658949833,0.01956491664242598,1.917038729265632,1.917038729265632,8.246670692298698e-18,0.6500532486969873
37,u,33.22545455099793,37.8747295388802,0.3003444120311327,1.139931117593773,3.948407738018082,0.1040310403173692,0.003131064472201317,16.64755460634878,0.05212456677697005,0.05212456677697005,3.228974453597536e-19,6.194726696556792e-18,0.03394434979295043,0.01818021698401962,1.974203869009041,1.974203869009041,1.222965341179601e-17,0.6885708012278994
38,u,37.8747295388802,43.24587567665247,0.2909327402247786,1.141813451955044,4.067238589078271,0.1036327664420521,0.002736198190819243,17.18610286397101,0.04702458356363088,0.04702458356363088,4.180221266504812e-19,8.889438140049415e-18,0.03017009974221834,0.01685448382141254,2.033619294539136,2.033619294539136,1.807773291921658e-17,0.7288869119349572
39,u,43.24587567665247,49.4586246054891,0.2816946319587699,1.143661073608246,4.190736834871834,0.1032218458402876,0.002386859884907242,17.74971700820988,0.04236608749535195,0.04236608749535195,5.385551150721251e-19,1.271193888581783e-17,0.02677571681878161,0.01559037067657034,2.095368417435918,2.095368417435918,2.663619526571822e-17,0.7710782907529175
40,b,49.4586246054891,52.49238263731161,0.6933034373659253,1.061339312526815,2.49114944805155,0.1627304722383711,0.003290234484610206,7.211849430599321,0.02372867569437436,0.02372867569437436,0,0,0.02372867569437436,0,1.245574724025775,1.245574724025775,0,0
41,b,52.49238263731161,55.71222930117882,0.6933034373659253,1.061339312526815,2.506023893585728,0.1637021223125783,0.003118588147229933,7.211849430599321,0.02249078815387398,0.02249078815387398,0,0,0.02249078815387398,0,1.253011946792864,1.253011946792864,0,0
42,b,55.71222930117882,59.12957914584941,0.6933034373659253,1.061339312526815,2.520987153193313,0.1646795740283203,0.002955896328220272,7.211849430599321,0.02131747925158599,0.02131747925158599,0,0,0.02131747925158599,0,1.260493576596656,1.260493576596656,0,0
43,b,59.12957914584941,62.7565468806557,0.6933034373659253,1.061339312526815,2.536039757175731,0.1656628620267147,0.002801691884498106,7.211849430599321,0.0202053800219324,0.0202053800219324,0,0,0.0202053800219324,0,1.268019878587865,1.268019878587865,0,0
44,b,62.7565468806557,66.60599032287195,0.6933034373659253,1.061339312526815,2.551182239000787,0.1666520211557184,0.002655532043097288,7.211849430599321,0.01915129725294943,0.01915129725294943,0,0,0.01915129725294943,0,1.275591119500394,1.275591119500394,0,0
45,b,66.60599032287195,70.6915559794446,0.6933034373659253,1.061339312526815,2.566415135321584,0.1676470864713622,0.002516997129818121,7.211849430599321,0.01815220431749894,0.01815220431749894,0,0,0.01815220431749894,0,1.283207567660792,1.283207567660792,0,0
46,b,70.6915559794446,75.02772742467458,0.6933034373659253,1.061339312526815,2.581738985995534,0.168648093238994,0.00238568936420119,7.211849430599321,0.01720523248280121,0.01720523248280121,0,0,0.01720523248280121,0,1.290869492997766,1.290869492997766,0,0
47,b,75.02772742467458,79.62987664535338,0.6933034373659253,1.061339312526815,2.597154334103489,0.169655076934528,0.002261231717365507,7.211849430599321,0.01630766267333555,0.01630766267333555,0,0,0.01630766267333555,0,1.298577167051744,1.298577167051744,0,0
48,b,79.62987664535338,84.51431853537443,0.6933034373659253,1.061339312526815,2.612661725968996,0.1706680732457021,0.002143266829431426,7.211849430599321,0.01545691766345744,0.01545691766345744,0,0,0.01545691766345744,0,1.306330862984498,1.306330862984498,0,0
49,b,84.51431853537443,89.69836873300655,0.6933034373659253,1.061339312526815,2.628261711177652,0.1716871180733426,0.00203145598341991,7.211849430599321,0.01465055467731446,0.01465055467731446,0,0,0.01465055467731446,0,1.314130855588826,1.314130855588826,0,0
50,b,89.69836873300655,95.20040500586592,0.6933034373659253,1.061339312526815,2.643954842596586,0.1727122475326367,0.001925478132681841,7.211849430599321,0.01388625837481298,0.01388625837481298,0,0,0.01388625837481298,0,1.321977421298293,1.321977421298293,0,0
51,b,95.20040500586592,101.0399324012001,0.6933034373659253,1.061339312526815,2.659741676394049,0.1737434979544125,0.001825028979064816,7.211849430599321,0.01316183420349586,0.01316183420349586,0,0,0.01316183420349586,0,1.329870838197024,1.329870838197024,0,0
52,b,101.0399324012001,107.2376523924455,0.6933034373659253,1.061339312526815,2.675622772059124,0.1747809058864263,0.001729820099170517,7.211849430599321,0.01247520209724215,0.01247520209724215,0,0,0.01247520209724215,0,1.337811386029562,1.337811386029562,0,0
53,b,107.2376523924455,113.8155362671877,0.6933034373659253,1.061339312526815,2.691598692421561,0.1758245080946581,0.001639578116193863,7.211849430599321,0.01182439050369581,0.01182439050369581,0,0,0.01182439050369581,0,1.345799346210781,1.345799346210781,0,0
54,b,113.8155362671877,120.7969030166878,0.6933034373659253,1.061339312526815,2.707670003671717,0.1768743415646143,0.001554043914965993,7.211849430599321,0.01120753072327384,0.01120753072327384,0,0,0.01120753072327384,0,1.353835001835858,1.353835001835858,0,0
55,b,120.7969030166878,128.2065020030997,0.6933034373659253,1.061339312526815,2.723837275380623,0.1779304435026391,0.001472971897947239,7.211849430599321,0.0106228515434996,0.0106228515434996,0,0,0.0106228515434996,0,1.361918637690312,1.361918637690312,0,0
56,b,128.2065020030997,136.0706006974376,0.6933034373659253,1.061339312526815,2.740101080520175,0.1789928513372321,0.001396129280033742,7.211849430599321,0.01006867415325438,0.01006867415325438,0,0,0.01006867415325438,0,1.370050540260088,1.370050540260088,0,0
57,b,136.0706006974376,144.4170777993291,0.6933034373659253,1.061339312526815,2.756461995483434,0.180061602720376,0.001323295420152921,7.211849430599321,0.00954340732234453,0.00954340732234453,0,0,0.00954340732234453,0,1.378230997741718,1.378230997741718,0,0
58,b,144.4170777993291,153.2755220686715,0.6933034373659253,1.061339312526815,2.772920600105055,0.1811367355288696,0.001254261187728526,7.211849430599321,0.0090455428325428,0.0090455428325428,0,0,0.0090455428325428,0,1.386460300052528,1.386460300052528,0,0
59,b,153.2755220686715,162.6773372195525,0.6933034373659253,1.061339312526815,2.789477477681839,0.1822182878656715,0.001188828362196234,7.211849430599321,0.008573651146985231,0.008573651146985231,0,0,0.008573651146985231,0,1.39473873884092,1.39473873884092,0,0
60,b,162.6773372195525,172.6558532482927,0.6933034373659253,1.061339312526815,2.806133214993403,0.1833062980612497,0.001126809063845544,7.211849430599321,0.008126377305488637,0.008126377305488637,0,0,0.008126377305488637,0,1.403066607496702,1.403066607496702,0,0
61,b,172.6558532482927,183.2464445902736,0.6933034373659253,1.061339312526815,2.822888402322978,0.1844008046749402,0.001068025214353766,7.211849430599321,0.007702437034002925,0.007702437034002925,0,0,0.007702437034002925,0,1.411444201161488,1.411444201161488,0,0
62,b,183.2464445902736,194.4866555244241,0.6933034373659253,1.061339312526815,2.839743633478321,0.1855018464963137,0.001012308025463102,7.211849430599321,0.007300613057027196,0.007300613057027196,0,0,0.007300613057027196,0,1.419871816739161,1.419871816739161,0,0
63,b,194.4866555244241,206.4163332699317,0.6933034373659253,1.061339312526815,2.856699505812773,0.1866094625465498,0.0009594975143326219,7.211849430599321,0.006919751602401183,0.006919751602401183,0,0,0.006919751602401183,0,1.428349752906386,1.428349752906386,0,0
64,b,206.4163332699317,219.0777692470152,0.6933034373659253,1.061339312526815,2.873756620246418,0.1877236920798209,0.0009094420441735763,7.211849430599321,0.006558759088436288,0.006558759088436288,0,0,0.006558759088436288,0,1.436878310123209,1.436878310123209,0,0
65,b,219.0777692470152,232.5158490025353,0.6933034373659253,1.061339312526815,2.890915581287383,0.1888445745846822,0.0008619978888490305,7.211849430599321,0.006216598983873697,0.006216598983873697,0,0,0.006216598983873697,0,1.445457790643691,1.445457790643691,0,0
66,b,232.5158490025353,246.7782113319396,0.6933034373659253,1.061339312526815,2.908176997053266,0.1899721497854724,0.0008170288201876549,7.211849430599321,0.005892288831653574,0.005892288831653574,0,0,0.005892288831653574,0,1.454088498526633,1.454088498526633,0,0
67,b,246.7782113319396,261.9154171616378,0.6933034373659253,1.061339312526815,2.925541479292681,0.1911064576437203,0.0007744057168266949,7.211849430599321,0.005584897427949459,0.005584897427949459,0,0,0.005584897427949459,0,1.46277073964634,1.46277073964634,0,0
68,b,261.9154171616378,277.9811287905066,0.6933034373659253,1.061339312526815,2.943009643406943,0.1922475383595619,0.0007340061934609936,7.211849430599321,0.005293542148368041,0.005293542148368041,0,0,0.005293542148368041,0,1.471504821703471,1.471504821703471,0,0
69,b,277.9811287905066,295.0323001259443,0.6933034373659253,1.061339312526815,2.960582108471877,0.1933954323731651,0.0006957142494335023,7.211849430599321,0.005017386413636838,0.005017386413636838,0,0,0.005017386413636838,0,1.480291054235939,1.480291054235939,0,0
70,b,295.0323001259443,313.1293785888747,0.6933034373659253,1.061339312526815,2.97825949725976,0.1945501803661621,0.0006594199356582718,7.211849430599321,0.004755637287502949,0.004755637287502949,0,0,0.004755637287502949,0,1.48912974862988,1.48912974862988,0,0
71,b,313.1293785888747,332.336519403465,0.6933034373659253,1.061339312526815,2.996042436261387,0.1957118232630926,0.0006250190389195442,7.211849430599321,0.00450754319994565,0.00450754319994565,0,0,0.00450754319994565,0,1.498021218130694,1.498021218130694,0,0
72,b,332.336519403465,352.721813031228,0.6933034373659253,1.061339312526815,3.01393155570828,0.1968804022328522,0.0005924127826404607,7.211849430599321,0.004272391789165366,0.004272391789165366,0,0,0.004272391789165366,0,1.50696577785414,1.50696577785414,0,0
73,b,352.721813031228,374.3575265557753,0.6933034373659253,1.061339312526815,3.031927489595021,0.1980559586901537,0.0005615075432621994,7.211849430599321,0.004049507856152716,0.004049507856152716,0,0,0.004049507856152716,0,1.515963744797511,1.515963744797511,0,0
74,b,374.3575265557753,397.3203598739454,0.6933034373659253,1.061339312526815,3.050030875701716,0.1992385342969926,0.0005322145814191562,7.211849430599321,0.003838251425964398,0.003838251425964398,0,0,0.003838251425964398,0,1.525015437850859,1.525015437850859,0,0
75,b,397.3203598739454,421.6917176015199,0.6933034373659253,1.061339312526815,3.068242355616609,0.2004281709641255,0.0005044497871383026,7.211849430599321,0.003638015910139316,0.003638015910139316,0,0,0.003638015910139316,0,1.534121177808305,1.534121177808305,0,0
76,b,421.6917176015199,447.5579976574489,0.6933034373659253,1.061339312526815,3.086562574758811,0.2016249108525543,0.0004781334383310819,7.211849430599321,0.003448226364978509,0.003448226364978509,0,0,0.003448226364978509,0,1.543281287379405,1.543281287379405,0,0
77,b,447.5579976574489,475.0108975496346,0.6933034373659253,1.061339312526815,3.104992182401174,0.2028287963750209,0.0004531899718844074,7.211849430599321,0.003268337840687885,0.003268337840687885,0,0,0.003268337840687885,0,1.552496091200587,1.552496091200587,0,0
78,b,475.0108975496346,504.1477394480746,0.6933034373659255,1.061339312526815,3.123531831693311,0.2040398701975099,0.0004295477666934776,7.211849430599318,0.003097833816643565,0.003097833816643565,0,0,0.003097833816643565,0,1.561765915846655,1.561765915846655,0,0
79,b,504.1477394480746,535.0718151977673,0.6933034373659253,1.061339312526815,3.14218217968473,0.2052581752407611,0.0004071389380134313,7.211849430599321,0.002936224718286977,0.002936224718286977,0,0,0.002936224718286977,0,1.571091089842365,1.571091089842365,0,0
80,b,535.0718151977673,567.8927524944733,0.6933034373659253,1.061339312526815,3.160943887348132,0.2064837546817904,0.0003858991425393471,7.211849430599321,0.002783046511391156,0.002783046511391156,0,0,0.002783046511391156,0,1.580471943674065,1.580471943674065,0,0
81,b,567.8927524944733,602.7269035214449,0.6933034373659253,1.061339312526815,3.179817619602824,0.2077166519554201,0.0003657673936549166,7.211849430599321,0.002637859369662008,0.002637859369662008,0,0,0.002637859369662008,0,1.589908809801413,1.589908809801413,0,0
82,b,602.7269035214449,639.6977574248663,0.6933034373659253,1.061339312526815,3.1988040453383,0.2089569107558181,0.000346685886319298,7.211849430599321,0.00250024641184865,0.00250024641184865,0,0,0.00250024641184865,0,1.59940202266915,1.59940202266915,0,0
83,b,639.6977574248663,678.9363780902528,0.6933034373659253,1.061339312526815,3.217903837437931,0.2102045750380469,0.0003285998310893497,7.211849430599321,0.00236981250473676,0.00236981250473676,0,0,0.00236981250473676,0,1.608951918718966,1.608951918718966,0,0
84,b,678.9363780902528,720.5818687717546,0.6933034373659253,1.061339312526815,3.237117672802818,0.2114596890196203,0.000311457296800659,7.211849430599321,0.002246183128587836,0.002246183128587836,0,0,0.002246183128587836,0,1.618558836401409,1.618558836401409,0,0
85,b,720.5818687717546,764.7818652215016,0.6933034373659253,1.061339312526815,3.256446232375786,0.2127222971820719,0.0002952090614556553,7.211849430599321,0.002129003301766728,0.002129003301766728,0,0,0.002129003301766728,0,1.628223116187894,1.628223116187894,0,0
86,b,764.7818652215016,811.6930590671636,0.6933034373659253,1.061339312526815,3.275890201165511,0.2139924442725304,0.0002798084708906537,7.211849430599321,0.002017936561469627,0.002017936561469627,0,0,0.002017936561469627,0,1.637945100582755,1.637945100582755,0,0
87,b,811.6930590671636,861.4817532931309,0.6933034373659253,1.061339312526815,3.295450268270799,0.215270175305306,0.000265211304816016,7.211849430599321,0.001912663997625888,0.001912663997625888,0,0,0.001912663997625888,0,1.647725134135399,1.647725134135399,0,0
88,b,861.4817532931309,914.3244517945267,0.6933034373659253,1.061339312526815,3.315127126905002,0.2165555355634857,0.0002513756498447852,7.211849430599321,0.001812883337199648,0.001812883337199648,0,0,0.001812883337199648,0,1.657563563452501,1.657563563452501,0,0
89,b,914.3244517945267,970.4084850940599,0.6933034373659253,1.061339312526815,3.334921474420601,0.2178485706005379,0.0002382617791452157,7.211849430599321,0.001718308076262005,0.001718308076262005,0,0,0.001718308076262005,0,1.6674607372103,1.6674607372103,0,0
90,b,970.4084850940599,1029.932674439917,0.6933034373659253,1.061339312526815,3.354834012333904,0.2191493262419271,0.0002258320383716403,7.211849430599321,0.001628666657341598,0.001628666657341598,0,0,0.001628666657341598,0,1.677417006166953,1.677417006166953,0,0
91,b,1029.932674439917,1093.108036638966,0.6933034373659253,1.061339312526815,3.374865446349915,0.2204578485867372,0.0002140507375461442,7.211849430599321,0.001543701689691525,0.001543701689691525,0,0,0.001543701689691525,0,1.687432723174957,1.687432723174957,0,0
92,b,1093.108036638966,1160.158532123936,0.6933034373659253,1.061339312526815,3.395016486387348,0.2217741840093072,0.0002028840485806027,7.211849430599321,0.001463169210233704,0.001463169210233704,0,0,0.001463169210233704,0,1.697508243193674,1.697508243193674,0,0
93,b,1160.158532123936,1231.321858906537,0.6933034373659253,1.061339312526815,3.415287846603774,0.2230983791608719,0.0001922999081448284,7.211849430599321,0.001386837983058582,0.001386837983058582,0,0,0.001386837983058582,0,1.707643923301886,1.707643923301886,0,0
94,b,1231.321858906537,1306.850295231104,0.6933034373659253,1.061339312526815,3.435680245420946,0.2244304809712178,0.0001822679256019389,7.211849430599321,0.001314488835468862,0.001314488835468862,0,0,0.001314488835468862,0,1.717840122710473,1.717840122710473,0,0
95,b,1306.850295231104,1387.011593916045,0.6933034373659253,1.061339312526815,3.456194405550255,0.225770536650345,0.0001727592957465871,7.211849430599321,0.001245914028660764,0.001245914028660764,0,0,0.001245914028660764,0,1.728097202775128,1.728097202775128,0,0
96,b,1387.011593916045,1472.089931553577,0.6933034373659253,1.061339312526815,3.476831054018333,0.2271185936901401,0.0001637467160955018,7.211849430599321,0.001180916661235853,0.001180916661235853,0,0,0.001180916661235853,0,1.738415527009166,1.738415527009166,0,0
97,b,1472.089931553577,1562.38691593272,0.6933034373659253,1.061339312526815,3.497590922192836,0.2284746998660604,0.0001552043084928504,7.211849430599321,0.001119310103830724,0.001119310103830724,0,0,0.001119310103830724,0,1.748795461096418,1.748795461096418,0,0
98,b,1562.38691593272,1658.222655256923,0.6933034373659253,1.061339312526815,3.518474745808349,0.2298389032388261,0.000147107544805325,7.211849430599321,0.001060917463241147,0.001060917463241147,0,0,0.001060917463241147,0,1.759237372904175,1.759237372904175,0,0
99,b,1658.222655256923,1759.936892946773,0.6933034373659253,1.061339312526815,3.539483264992472,0.2312112521561242,0.0001394331764935997,7.211849430599321,0.001005571074502022,0.001005571074502022,0,0,0.001005571074502022,0,1.769741632496236,1.769741632496236,0,0
100,b,1759.936892946773,1867.890212050706,0.6933034373659253,1.061339312526815,3.560617224292041,0.2325917952543214,0.0001321591678579329,7.211849430599321,0.0009531120194647131,0.0009531120194647131,0,0,0.0009531120194647131,0,1.78030861214602,1.78030861214602,0,0
