T_report,n_buffer,terminal_rule,t,periods_to_terminal,terminal_contaminated,terminal_anchor_weight,terminal_anchor_fraction_of_fundamental_value,terminal_anchor_scale_bubble_share_exposure,bubble_share_derivative_wrt_terminal_value,q_US,v_US,B_per,Q_US,V_agg,B_agg,fundamental_share,bubble_share,NFA,NFA_fund,NFA_bubble,max_u_residual,terminal_successor_phi_US
105,0,local_loglinear,1,104,false,7.614973944826394e-8,1.492003884740837e-11,1.4918799766885686e-11,-8.638036787978781e-8,0.8815630370345096,0.8814898249202598,7.321211424970997e-5,0.9427241474886037,0.9426458560617942,7.829142680948475e-5,0.9999169519238283,8.304807617164723e-5,-0.1025020984314583,-0.10242380700464881,-7.829142680948475e-5,1.034012695870799e-6,0.021722258916734336
105,0,local_loglinear,2,103,false,1.0734090624247244e-7,2.087315200061862e-11,2.0870726947144892e-11,-1.2084223260470218e-7,0.8882731138674413,0.8881699138428194,0.00010320002462194111,1.0157167607219018,1.015598754229215,0.00011800649268667307,0.9998838194886113,0.0001161805113886298,-0.08157237720680799,-0.08145437071412132,-0.00011800649268667307,1.034012695870799e-6,0.021722258916734336
105,0,local_loglinear,3,102,false,1.50618319352748e-7,2.9026369710939457e-11,2.9021680378698323e-11,-1.6803653556407367e-7,0.8963426843284092,0.896197876393742,0.00014480793466720154,1.0960016613234012,1.0958245976403445,0.00017706368305669962,0.9998384457895412,0.0001615542104588588,-0.05778537955822394,-0.05760831587516724,-0.00017706368305669962,1.034012695870799e-6,0.021722258916734336
105,0,local_loglinear,4,101,false,2.1033801961474105e-7,4.011523959358886e-11,4.010628352198356e-11,-2.322167720629719e-7,0.9057830653063343,0.9055808414613833,0.00020222384495105494,1.1845106369318938,1.184246184763863,0.0002644521680308376,0.9997767414155809,0.00022325858441914767,-0.030784186170297545,-0.030519734002266707,-0.0002644521680308376,1.034012695870799e-6,0.021722258916734336
105,0,local_loglinear,5,100,false,2.9228092446092953e-7,5.5088654502903885e-11,5.5071766187737e-11,-3.188674355456836e-7,0.9166220563123478,0.9163410510433753,0.0002810052689725673,1.2823243558304902,1.281931238625816,0.0003931172046742759,0.9996934338781863,0.00030656612181375573,-0.00016444079558852742,0.0002286764090857485,-0.0003931172046742759,1.034012695870799e-6,0.021722258916734336
105,0,local_loglinear,6,99,false,4.0405703406560923e-7,7.515748776030406e-11,7.512605677407763e-11,-4.3498247331576887e-7,0.9289041716682921,0.9285157024006858,0.00038846926760627287,1.3907004651204666,1.390118871875843,0.0005815932446235905,0.9995817983388873,0.00041820166111270493,0.03453138626648755,0.03511297951111114,-0.0005815932446235905,1.034012695870799e-6,0.021722258916734336
105,0,local_loglinear,7,98,false,5.555997001442841e-7,1.0184920870782271e-10,1.0179149694704007e-10,-5.893762963986158e-7,0.9426909489561701,0.9421567832495499,0.0005341657066202377,1.5111073190616677,1.5102510663207673,0.0008562527409003984,0.9994333607348074,0.0005666392651926895,0.07382080879087938,0.07467706153177978,-0.0008562527409003984,1.034012695870799e-6,0.021722258916734336
105,0,local_loglinear,8,97,false,7.597623646014917e-7,1.3706750896488965e-10,1.3696300495233571e-10,-7.930205471330401e-7,0.9580613861118924,0.9573309339436303,0.0007304521682620635,1.6452646387149594,1.6440102440173592,0.0012543946976002474,0.999237572687042,0.0007624273129579916,0.11828931760045758,0.11954371229805782,-0.0012543946976002474,1.034012695870799e-6,0.021722258916734336
105,0,local_loglinear,9,96,false,1.033030596149697e-6,1.8315545506833376e-10,1.829689063263373e-10,-1.059396311096864e-6,0.9751125101428105,0.9741193319052075,0.0009931782376030318,1.795192643070444,1.7933641912283673,0.0018284518420765838,0.9989814731866608,0.0010185268133392383,0.16859974622244644,0.17042819806452303,-0.0018284518420765838,1.034012695870799e-6,0.021722258916734336
105,0,local_loglinear,10,95,false,1.3963623527812442e-6,2.429601370389933e-10,2.4263198274103936e-10,-1.4048475920357797e-6,0.9939600286161723,0.9926175357308786,0.0013424928852936446,1.9632714461297645,1.9606197520249231,0.00265169410484134,0.9986493492226617,0.0013506507773383435,0.22550333676563517,0.2281550308704765,-0.00265169410484134,1.034012695870799e-6,0.021722258916734336
105,0,local_loglinear,11,94,false,1.8761688074996052e-6,3.198961898720236e-10,3.1932754585078493e-10,-1.8489175614492962e-6,1.0147390271034842,1.0129352379395344,0.0018037891639497428,2.1523129236941383,2.1484869954253987,0.00382592826873962,0.9982224107718627,0.0017775892281374028,0.2898528929387223,0.2936788212074619,-0.00382592826873962,1.034012695870799e-6,0.021722258916734336
105,0,local_loglinear,12,93,false,2.50544670177068e-6,4.180049739715234e-10,4.170345789855714e-10,-2.4146446707680456e-6,1.0376047176223873,1.0351959271101252,0.00240879051226206,2.365647838392485,2.3601560070893943,0.0054918313030905,0.9976785085193313,0.0023214914806687086,0.36261839800207785,0.36811022930516835,-0.0054918313030905,1.034012695870799e-6,0.021722258916734336
105,0,local_loglinear,13,92,false,3.3250712941067304e-6,5.420057188735764e-10,5.403753179902583e-10,-3.1287918257850487e-6,1.0627333102522514,1.0595365149649842,0.003196795287267129,2.6072318459740873,2.5993890632198284,0.00784278275425887,0.9969919120287023,0.0030080879712976695,0.4449053598818469,0.45274814263610574,-0.00784278275425887,1.034012695870799e-6,0.021722258916734336
105,0,local_loglinear,14,91,false,4.385256942480114e-6,6.973346974449049e-10,6.946382312058325e-10,-4.021979441543951e-6,1.0903230626153348,1.0861069819602394,0.004216080655095489,2.8817748962059047,2.8706315976654793,0.011143298540425395,0.9961331821735638,0.0038668178264362253,0.5379761741114781,0.5491194726519035,-0.011143298540425395,1.034012695870799e-6,0.021722258916734336
105,0,local_loglinear,15,90,false,5.747190552732245e-6,8.901685909384344e-10,8.857793155299042e-10,-5.1286929465742224e-6,1.1205955615984295,1.1150700885683749,0.005525473030054684,3.1948997013651406,3.1791461746347274,0.015753526730413192,0.9950691639165756,0.004930836083424437,0.6432747822988354,0.6590283090292486,-0.015753526730413192,1.034012695870799e-6,0.021722258916734336
105,0,local_loglinear,16,89,false,7.484841829360728e-6,1.1274286940663498e-9,1.1203970629814637e-9,-6.487137838433206e-6,1.1537972547795425,1.1466011662951325,0.0071960884844100015,3.553336296769316,3.5311745848216622,0.022161711947653817,0.993763125666489,0.0062368743335110685,0.7624549932522524,0.7846167051999062,-0.022161711947653817,1.034012695870799e-6,0.021722258916734336
105,0,local_loglinear,17,88,false,9.686953706870586e-6,1.4167634917027815e-9,1.405677410494316e-9,-8.138920941101529e-6,1.1902012290046333,1.1808879826114034,0.009313246393229946,3.965161433087175,3.9341343054760256,0.031027127611149563,0.9921750657231142,0.007824934276885827,0.897412912919715,0.9284400405308646,-0.031027127611149563,1.034012695870799e-6,0.021722258916734336
105,0,local_loglinear,18,87,false,1.245921671025562e-5,1.7665083728678103e-9,1.74930646430321e-9,-1.0128545076152974e-5,1.2301092226552919,1.2181306627471746,0.011978559908117248,4.440093705168049,4.396856952312718,0.04323675285533124,0.9902621981141962,0.009737801885803851,1.0503240049458018,1.093560757801133,-0.04323675285533124,1.034012695870799e-6,0.021722258916734336
105,0,local_loglinear,19,86,false,1.592663237614035e-5,2.18562272388062e-9,2.1593507069772947e-9,-1.2502715457325022e-5,1.2738538624270892,1.2585416542219008,0.015312208205188416,4.989858091069459,4.929878097870535,0.05997999319892422,0.9879796194392236,0.01202038056077641,1.2236853378762778,1.283665331075202,-0.05997999319892422,1.034012695870799e-6,0.021722258916734336
105,0,local_loglinear,20,85,false,2.023607339792787e-5,2.6836062774582973e-9,2.6441066676761396e-9,-1.5309469276089313e-5,1.3218011044663085,1.3023457066031414,0.01945539786316708,5.62863700305428,5.545789915128763,0.08284708792551676,0.9852811457053349,0.014718854294665167,1.4203636668041035,1.5032107547296203,-0.08284708792551676,1.034012695870799e-6,0.021722258916734336
105,0,local_loglinear,21,84,false,2.5559051623866068e-5,3.270398192680694e-9,3.211924438482118e-9,-1.8597153855097528e-5,1.3743528618955994,1.3497798384611899,0.02457302343440948,6.37362931006013,6.2596706996183205,0.11395861044180933,0.9821202952198778,0.01787970478012224,1.6436500555489442,1.7576086659907535,-0.11395861044180933,1.034012695870799e-6,0.021722258916734336
105,0,local_loglinear,22,83,false,3.209470926779128e-5,3.956263723800053e-9,3.871011691504168e-9,-2.2413291900417517e-5,1.4319498184554238,1.4010932728124572,0.030856545642966582,7.245744368678767,7.089608560742028,0.15613580793673876,0.9784513778029945,0.021548622197005485,1.8973217218791207,2.0534575298158595,-0.15613580793673876,1.034012695870799e-6,0.021722258916734336
105,0,local_loglinear,23,82,false,4.007305306551307e-5,4.751674442639645e-9,4.629226873666905e-9,-2.6803384092192385e-5,1.4950743879085788,1.4565472904731926,0.03852709743538618,8.270464851622478,8.05734033571118,0.21312451591129822,0.9742306484901525,0.02576935150984748,2.185712043976018,2.3988365598873163,-0.21312451591129822,1.034012695870799e-6,0.021722258916734336
105,0,local_loglinear,24,81,false,4.975845608251971e-5,5.667188596023379e-9,5.4938715839112335e-9,-3.1809706941433825e-5,1.5642538352878284,1.5164149825086413,0.04783885277918709,9.47892116100683,9.189031691857158,0.2898894691496725,0.9694174617315964,0.030582538268403646,2.5137894763149955,2.803678945464668,-0.2898894691496725,1.034012695870799e-6,0.021722258916734336
105,0,local_loglinear,25,80,false,6.145345523288001e-5,6.713338245482949e-9,6.471492743322321e-9,-3.747016734820439e-5,1.6400635380622317,1.5809808618385397,0.05908267622369201,10.90923111410218,10.516230138953699,0.39300097514848176,0.9639753736044279,0.03602462639557209,2.887246380501594,3.2802473556500757,-0.39300097514848176,1.034012695870799e-6,0.021722258916734336
105,0,local_loglinear,26,79,false,7.550287616962776e-5,7.900529472626218e-9,7.567704885237202e-9,-4.381727365517941e-5,1.7231303974728915,1.650540305183071,0.0725900922898206,12.608172749481882,12.07702988018241,0.5311428692994724,0.9578731288146969,0.04212687118530312,3.312598694643631,3.8437415639431034,-0.5311428692994724,1.034012695870799e-6,0.021722258916734336
105,0,local_loglinear,27,78,false,9.229831842837582e-5,9.238960991055105e-9,8.78704174211901e-9,-5.087727633050333e-5,1.8141363902579553,1.7253987978223166,0.08873759243563861,14.633275702934867,13.917496193577952,0.7157795093569153,0.9510854900920538,0.04891450990794615,3.797297602268113,4.513077111625028,-0.7157795093569153,1.034012695870799e-6,0.021722258916734336
105,0,local_loglinear,28,77,false,0.00011228303481529749,1.0738565296902663e-8,1.013284427826839e-8,-5.866951967330691e-5,1.913822295470118,1.805870966941017,0.10795132852910116,17.05543936491798,16.09340786259495,0.962031502323029,0.9435938598977479,0.05640614010225209,4.349854185137744,5.311885687460773,-0.962031502323029,1.034012695870799e-6,0.021722258916734336
105,0,local_loglinear,29,76,false,0.00013595723754818094,1.2408974904393556e-8,1.1607189767770567e-8,-6.720603117256202e-5,2.022991615128848,1.8922793990900395,0.13071221603880856,19.96221449315971,18.67238942718842,1.2898250659712893,0.9353866743384978,0.0646133256615023,4.979978267620407,6.269803333591696,-1.2898250659712893,1.034012695870799e-6,0.021722258916734336
105,0,local_loglinear,30,75,false,0.00016388386254880905,1.4259514762233978e-8,1.3210863778386205e-8,-7.649135929283821e-5,2.1425147109936806,1.9849532373352419,0.15756147365843876,23.461921168714237,21.736521172517133,1.7253999961971047,0.9264595604175044,0.07354043958249563,5.6987328602837835,7.424132856480888,-1.7253999961971047,1.034012695870799e-6,0.021722258916734336
105,0,local_loglinear,31,74,false,0.00019669482138453946,1.629922037151613e-8,1.4943373938391654e-8,-8.65226531847852e-5,2.2733332155737425,2.084226579711235,0.1891066358625073,27.68882235344473,25.38553482375761,2.303287529687122,0.9168152585080754,0.08318474149192455,6.518705536079867,8.82199306576699,-2.303287529687122,1.034012695870799e-6,0.021722258916734336
105,0,local_loglinear,32,73,false,0.00023509776925128098,1.8536879933380343e-8,1.6803001986867905e-8,-9.728996405811047e-5,2.416464755921372,2.1904366992109363,0.2260280567104358,32.80963073152898,29.740727261092523,3.06890347043646,0.9064633340268794,0.09353666597312063,7.45419859635048,10.52310206678694,-3.06890347043646,1.034012695870799e-6,0.021722258916734336
105,0,local_loglinear,33,72,false,0.00027988341718922634,2.0981097724564853e-8,1.878688834155678e-8,-0.00010877673483239838,2.57300807585801,2.3039221330384816,0.26908594281952825,39.03170167156421,34.94975480840053,4.0819468631636795,0.8954197053074552,0.10458029469254483,8.521439815186461,12.603386678350141,-4.0819468631636795,1.034012695870799e-6,0.021722258916734336
105,0,local_loglinear,34,71,false,0.00033193342016248593,2.3640375421801664e-8,2.0891142322528266e-8,-0.00012096043833596577,2.7441486218869837,2.425020685633499,0.3191279362534849,46.61336015092739,41.19250746526752,5.420852685659874,0.8837060304576214,0.11629396954237858,9.738816347396089,15.159669033055962,-5.420852685659874,1.034012695870799e-6,0.021722258916734336
105,0,local_loglinear,35,70,false,0.0003922288778369615,2.6523207666784887e-8,2.3110970315860503e-8,-0.00013381331937801203,2.931164697655739,2.554067410302474,0.37709728735326475,55.87693151352072,48.68830805738233,7.188623456138387,0.8713489939153346,0.12865100608466543,11.127134645075884,18.31575810121427,-7.188623456138387,1.034012695870799e-6,0.021722258916734336
105,0,local_loglinear,36,69,false,0.00046185949451332407,2.963818819901361e-8,2.5440814226150203e-8,-0.00014730319639345507,3.135434300282742,2.6913926389888854,0.44404166129385647,67.22520151579751,57.704737266491705,9.520464249305803,0.8583795357300855,0.1416204642699145,12.709909966920108,22.23037421622591,-9.520464249305803,1.034012695870799e-6,0.021722258916734336
105,0,local_loglinear,37,68,false,0.0005420334587276494,3.2994123225511935e-8,2.787449318265655e-8,-0.00016139428192641684,3.358442766731812,2.8373201301867774,0.5211226365450345,81.16223024885241,68.56845439710075,12.593775851751658,0.8448320627324096,0.1551679372675904,14.513689919059843,27.1074657708115,-12.593775851751658,1.034012695870799e-6,0.021722258916734336
105,0,local_loglinear,38,67,false,0.0006340881187596476,3.66001489432855e-8,3.040534228250604e-8,-0.00017604798595818996,3.6017913826644894,2.9921654141296976,0.6096259685347918,98.31969985563212,81.67846890066232,16.6412309549698,0.83074367619709,0.16925632380291006,16.568417245413784,33.20964820038358,-16.6412309549698,1.034012695870799e-6,0.021722258916734336
105,0,local_loglinear,39,66,false,0.0007395015528567298,4.046585096625695e-8,3.3026343577295385e-8,-0.0001912236743242096,3.867207109528416,3.1562343960181596,0.7109727135102566,119.49030296523252,97.5224221325678,21.96788083266472,0.8161534426851642,0.18384655731483585,18.907838379563103,40.87571921222782,-21.96788083266472,1.034012695870799e-6,0.021722258916734336
105,0,local_loglinear,40,65,false,0.000859905154729357,4.460138385474835e-8,3.573024568606171e-8,-0.00020687936127729794,4.1565536040917745,3.329822275585587,0.8267313285061877,145.67009888960467,116.6965679672373,28.973530922367374,0.8011017281980098,0.19889827180199016,21.569965346385686,50.54349626875306,-28.973530922367374,1.034012695870799e-6,0.021722258916734336
105,0,local_loglinear,41,64,false,0.0009970973796080607,4.9017589638226455e-8,3.8509669750305506e-8,-0.0002229723229709203,4.471843708324735,3.5132128212250846,0.95863088709965,178.11230412356628,139.93029973296515,38.18200439060112,0.7856296083615191,0.21437039163848093,24.597599996981444,62.779604387582566,-38.18200439060112,1.034012695870799e-6,0.021722258916734336
105,0,local_loglinear,42,63,false,0.001153058821742349,5.3726114922625315e-8,4.135720066510677e-8,-0.00023945962569051093,4.81525358781199,3.706678012570216,1.1085755752417743,218.39567732138846,168.11626644473577,50.27941087665269,0.7697783605732172,0.23022163942678275,28.038931101387135,78.31834197803983,-50.27941087665269,1.034012695870799e-6,0.021722258916734336
105,0,local_loglinear,43,62,false,0.0013299688151200263,5.8739526473553797e-8,4.426546333617685e-8,-0.00025629856738444646,5.189138701368862,3.9104780498221587,1.2786606515467036,268.5115518391541,202.3473624464328,66.16418939272128,0.7535890395048795,0.24641096049512043,31.94821612527562,98.1124055179969,-66.16418939272128,1.034012695870799e-6,0.021722258916734336
105,0,local_loglinear,44,61,false,0.0015302237728351358,6.407142597040914e-8,4.7227184690864976e-8,-0.00027344703670992423,5.596051766537937,4.124861688578409,1.4711900779595286,330.9747179474495,243.96217027743677,87.01254767001274,0.7371021321216802,0.2628978678783198,36.38656165732618,123.39910932733892,-87.01254767001274,1.034012695870799e-6,0.021722258916734336
105,0,local_loglinear,45,60,false,0.0017564575002294032,6.973656480062472e-8,5.023524250304299e-8,-0.0002908637957307371,6.038762905560849,4.35006685297054,1.6886960525903083,408.964839647975,294.6008016550605,114.36403799291452,0.7203572852586649,0.27964271474133506,41.42281674866058,155.7868547415751,-114.36403799291452,1.034012695870799e-6,0.021722258916734336
105,0,local_loglinear,46,59,false,0.002011563721336536,7.57509602088537e-8,5.328270264372825e-8,-0.00030850869559967165,6.520282086138635,4.586321422079441,1.9339606640591942,506.5069979113401,356.27352686049625,150.23347105084383,0.7033930988705887,0.2966069011294114,47.13459863522479,197.36806968606862,-150.23347105084383,1.034012695870799e-6,0.021722258916734336
105,0,local_loglinear,47,58,false,0.0022987210876571395,8.21320143500264e-8,5.6362846329807376e-8,-0.00032634283432956374,7.043884056408393,4.833844120081524,2.2100399363268686,628.7024223517847,431.4451349893126,197.25728736247208,0.6862469741653093,0.31375302583469067,53.60946733019682,250.8667546926689,-197.25728736247208,1.034012695870799e-6,0.021722258916734336
105,0,local_loglinear,48,57,false,0.0026214209314245466,8.889863817270576e-8,5.946918917114262e-8,-0.0003443286670767041,7.613135884618598,5.092845373271454,2.5202905113471434,782.0236519072223,523.1386379758635,258.8850139313588,0.6689550075627733,0.3310449924372267,60.94627244127173,319.83128637263053,-258.8850139313588,1.034012695870799e-6,0.021722258916734336
105,0,local_loglinear,49,56,false,0.002983498040656452,9.607138198136621e-8,6.259549355547787e-8,-0.00036243007784987424,8.231927268167507,5.363528031309933,2.8683992368575737,974.6924811825742,635.0627592332353,339.6297219493389,0.651551921753543,0.34844807824645696,69.2566951897785,408.8864171391174,-339.6297219493389,1.034012695870799e-6,0.021722258916734336
105,0,local_loglinear,50,55,false,0.0033891647430933096,1.0367257509651257e-7,6.573577595721644e-8,-0.0003806124218284226,8.904503764780229,5.646087829369194,3.2584159354110342,1217.1643660536154,771.7686571933075,445.3957088603079,0.6340710250133231,0.3659289749866769,78.66701277022253,524.0627216305304,-445.3957088603079,1.034012695870799e-6,0.021722258916734336
105,0,local_loglinear,51,54,false,0.003843048593888222,1.1172647696521598e-7,6.8884310435435e-8,-0.00039884254561588656,9.635503123052846,5.940713484921015,3.694789638131831,1522.7498432449363,938.8425713114618,583.9072719334745,0.6165441917306753,0.3834558082693247,89.32011502749174,673.2273869609662,-583.9072719334745,1.034012695870799e-6,0.021722258916734336
105,0,local_loglinear,52,53,false,0.0043502339772551754,1.2025944239512476e-7,7.203562942386594e-8,-0.0004170887918140182,10.429994913876671,6.2475863312275335,4.1824085826491375,1908.4124261281418,1143.1425888770032,765.2698372511386,0.5990018578930831,0.40099814210691687,101.37780722994148,866.6476444810801,-765.2698372511386,1.034012695870799e-6,0.021722258916734336
105,0,local_loglinear,53,52,false,0.00491630795056012,1.2930010381275218e-7,7.518452274580883e-8,-0.00043532099331908703,11.293523689441054,6.566879404356439,4.726644285084615,2395.7939757919044,1393.0895749940864,1002.7044007978179,0.5814730269257045,0.4185269730742956,115.02343852301101,1117.727839320829,-1002.7044007978179,1.034012695870799e-6,0.021722258916734336
105,0,local_loglinear,54,51,false,0.005547410684406642,1.3887957374200766e-7,7.832603546377605e-8,-0.00045351046087125377,12.232155954571212,6.898755916950107,5.333400037621105,3012.533503918267,1699.024555634445,1313.5089482838218,0.5639852813004735,0.4360147186995264,130.46489792644206,1443.973846210264,-1313.5089482838218,1.034012695870799e-6,0.021722258916734336
105,0,local_loglinear,55,50,false,0.006250290881990984,1.490316710256166e-7,8.145546514876817e-8,-0.00047162996724358025,13.25253125563781,7.243367066863365,6.009164188774446,3793.9647531027827,2073.6475783653977,1720.317174737385,0.5465647978594229,0.4534352021405771,147.93802952006945,1868.2552042574544,-1720.317174737385,1.034012695870799e-6,0.021722258916734336
105,0,local_loglinear,56,49,false,0.007032366600891254,1.5979317486875575e-7,8.456835891283499e-8,-0.0004896537300604546,14.361917757724441,7.600849138953691,6.76106861877075,4785.303064679437,2532.556396184526,2252.746668494911,0.5292363643334217,0.47076363566657825,167.71052339092057,2420.4571918858314,-2252.746668494911,1.034012695870799e-6,0.021722258916734336
105,0,local_loglinear,57,48,false,0.007901791939635193,1.7120411100391454e-7,8.766051036992025e-8,-0.0005075573942007775,15.568272731161185,7.9713198777130865,7.596952853448099,6044.4647092417545,3094.9073490004494,2949.557360241305,0.5120233962601278,0.4879766037398721,190.08634684580466,3139.6437070871098,-2949.557360241305,1.034012695870799e-6,0.021722258916734336
105,0,local_loglinear,58,47,false,0.008867530108293307,1.833080753174887e-7,9.072795670331267e-8,-0.0005253180148184007,16.88030841919396,8.354874103296408,8.52543431589755,7645.704279621173,3784.225684800592,3861.478594820581,0.49494795330850694,0.5050520466914931,215.41079091186475,4076.8893857324456,-3861.478594820581,1.034012695870799e-6,0.021722258916734336
105,0,local_loglinear,59,46,false,0.009939433454918213,1.9615260077684192e-7,9.376697584295696e-8,-0.0005429140409986616,18.307563821033533,8.751578555429044,9.55598526560449,9684.31087729788,4629.398440249912,5054.912437047968,0.4780307549917902,0.5219692450082097,244.07621664396174,5298.988653691929,-5054.912437047968,1.034012695870799e-6,0.021722258916734336
105,0,local_loglinear,60,45,false,0.011128331084684551,2.0978957457447396e-7,9.677408373540925e-8,-0.0005603252999513292,19.860482983101384,9.161465945725693,10.699017037375691,12282.675494778303,5665.8900674045335,6616.785427373769,0.4612911958647167,0.5387088041352833,276.5285980257049,6893.314025399474,-6616.785427373769,1.034012695870799e-6,0.021722258916734336
105,0,local_loglinear,61,44,false,0.012446124777703176,2.2427571356683054e-7,9.97460316444016e-8,-0.0005775329813807793,21.550500454444506,9.584528195654023,11.965972258790483,15598.135215249737,6937.2294664903,8660.905748759436,0.444747360550383,0.555252639449617,313.27497162236614,8974.180720381803,-8660.905748759436,1.034012695870799e-6,0.021722258916734336
105,0,local_loglinear,62,43,false,0.013905893987052425,2.396731075275175e-7,1.0267980339765411e-7,-0.0005945196215449421,23.390134628216344,10.020708830648307,13.369425797568038,19833.121146145677,8496.82720375411,11336.293942391567,0.42841603906631526,0.5715839609336847,354.891918277026,11691.185860668593,-11336.293942391567,1.034012695870799e-6,0.021722258916734336
105,0,local_loglinear,63,42,false,0.015522010780518469,2.5604984150045843e-7,1.0557261248631749e-7,-0.0006112690864609726,25.3930897608209,10.46989449179027,14.923195269030629,25248.29489708416,10410.193724354878,14838.101172729283,0.41231274297089726,0.5876872570291027,402.0352191521306,15240.136391881413,-14838.101172729283,1.034012695870799e-6,0.021722258916734336
105,0,local_loglinear,64,41,false,0.0173102656782439,2.734807107046733e-7,1.0842189892423558e-7,-0.000627766553720273,27.57436753465078,10.931905515523226,16.642462019127553,32179.564029982856,12757.643600145682,19421.920429837173,0.396451722846802,0.603548277153198,455.45084750059686,19877.37127733777,-19421.920429837173,1.034012695870799e-6,0.021722258916734336
105,0,local_loglinear,65,40,false,0.019288005434158442,2.920480440873595e-7,1.1122532577954861e-7,-0.0006439984924063546,29.950389110519787,11.406485520051431,18.543903590468354,41060.134777805055,15637.587580786703,25422.54719701835,0.38084598760838845,0.6191540123916115,515.9874785979773,25938.534675616327,-25422.54719701835,1.034012695870799e-6,0.021722258916734336
105,0,local_loglinear,66,39,false,0.021474283915092825,3.118426560249113e-7,1.1398077532137763e-7,-0.0006599526407840071,32.53912870108667,11.89328992033621,20.64583878075046,52449.109421731984,19170.53373329151,33278.57568844047,0.36550732595181706,0.6344926740481829,584.6107257544936,33863.18641419496,-33278.57568844047,1.034012695870799e-6,0.021722258916734336
105,0,local_loglinear,67,38,false,0.023890027339461002,3.3296494946694077e-7,1.1668634469761563e-7,-0.0006756179812735601,35.36025979419255,12.391873287407558,22.968386506784995,67068.59083539594,23503.941544391826,43564.64929100411,0.3504463304153313,0.6495536695846686,662.4193329167174,44227.06862392083,-43564.64929100411,1.034012695870799e-6,0.021722258916734336
105,0,local_loglinear,68,37,false,0.026558215266489108,3.555261992557037e-7,1.1934034113493645e-7,-0.0006909847126587668,38.43531525364514,12.901675442207935,25.533639811437208,85851.85023539112,28818.098681915017,57033.751553476104,0.33567242409919773,0.6643275759008023,750.6635885019932,57784.4151419781,-57033.751553476104,1.034012695870799e-6,0.021722258916734336
105,0,local_loglinear,69,36,false,0.029504078855892804,3.796500504306017e-7,1.2194127662654968e-7,-0.0007060442193287225,41.78786264115873,13.422006166411037,28.365856474747694,110005.88849267886,35333.21927396186,74672.669218717,0.32119389023718825,0.6788061097628117,850.7662539767043,75523.4354726937,-74672.669218717,1.034012695870799e-6,0.021722258916734336
105,0,local_loglinear,70,35,false,0.03275531806546277,4.054742744129229e-7,1.2448786210761262e-7,-0.0007207890375532963,45.44369622580559,13.95202839343936,31.49166783236623,141092.73182615518,43317.99488239242,97774.73694376276,0.307017904620104,0.6929820953798961,964.3463372461556,98739.08328100892,-97774.73694376276,1.034012695870799e-6,0.021722258916734336
105,0,local_loglinear,71,34,false,0.03634233961285078,4.331528360444065e-7,1.2697900113080485e-7,-0.0007352128188644896,49.43104728366984,14.490739726534997,34.940307557134844,181135.1217505392,53099.86433341097,128035.25741712822,0.2931505708017275,0.7068494291982724,1093.2460789963661,129128.50349612458,-128035.25741712822,1.034012695870799e-6,0.021722258916734336
105,0,local_loglinear,72,33,false,0.04029851770180141,4.628583373038915e-7,1.2941378306818017e-7,-0.0007493102906949227,53.780814439940364,15.036952113041213,38.74386232689915,232753.9815248466,65077.305183195334,167676.67634165127,0.2795969579418271,0.720403042058173,1239.5615612129332,168916.2379028642,-167676.67634165127,1.034012695870799e-6,0.021722258916734336
105,0,local_loglinear,73,32,false,0.044660479703386165,4.947849199923174e-7,1.3179147587687082e-7,-0.0007630772144910116,58.52681596996136,15.589269485365454,42.937546484595906,299347.29100098344,79734.48600934586,219612.8049916376,0.26636114107705056,0.7336388589229494,1405.6773906126036,221018.4823822502,-219612.8049916376,1.034012695870799e-6,0.021722258916734336
105,0,local_loglinear,74,31,false,0.04946841919111315,5.291517309233324e-7,1.341115184754231e-7,-0.0007765103415716867,63.70606615616628,16.14606315922096,47.560002996945315,385322.94091651426,97658.65193251484,287664.2889839994,0.25344624355930573,0.7465537564406942,1594.3059549970785,289258.5949389965,-287664.2889839994,1.034012695870799e-6,0.021722258916734336
105,0,local_loglinear,75,30,false,0.054766438956914,5.662070807779283e-7,1.3637351278450903e-7,-0.0007896073670438384,69.35907799587869,16.70544475847438,52.653633237404314,496401.97862782324,119560.64110969333,376841.3375181299,0.24085448136243987,0.7591455186375601,1808.5317964910646,378649.86931462097,-376841.3375181299,1.034012695870799e-6,0.021722258916734336
105,0,local_loglinear,76,29,false,0.060602926884887956,6.062334639745146e-7,1.3857721549059304e-7,-0.0008023668821136595,75.53019477230023,17.265236413025733,58.2649583592745,640013.6779876723,146298.94032895743,493714.7376587149,0.22858720893114318,0.7714127910688569,2051.8616906790994,495766.599349394,-493714.7376587149,1.034012695870799e-6,0.021722258916734336
105,0,local_loglinear,77,28,false,0.06703096783344076,6.495536547317671e-7,1.4072252959398786e-7,-0.0008147883251495978,82.2679532394302,17.822937951374044,64.44501528805615,825810.4304668499,178907.6728209374,646902.7576459125,0.21664496623007864,0.7833550337699213,2328.2810624447884,649231.0387083574,-646902.7576459125,1.034012695870799e-6,0.021722258916734336
105,0,local_loglinear,78,27,false,0.07410879497639833,6.965381582687698e-7,1.4280949580382848e-7,-0.0008268719318589566,89.62548143312647,18.375690782616612,71.24979065050985,1.0663390392998166e6,218628.85579282916,847710.1835069874,0.20502752664517096,0.794972473354829,2642.3174045393243,850352.5009115267,-847710.1835069874,1.034012695870799e-6,0.021722258916734336
105,0,local_loglinear,79,26,false,0.08190028438232176,7.476143819265147e-7,1.4483828384204182e-7,-0.0008386186849375767,97.66093440717707,18.92023813332165,78.74069627385542,1.3779162276395534e6,266949.1471995652,1.110967080439988e6,0.19373394539148714,0.8062660546085127,2999.111388950376,1.1139661918289387e6,-1.110967080439988e6,1.034012695870799e-6,0.021722258916734336
105,0,local_loglinear,80,25,false,0.0904754969713587,8.032780077356529e-7,1.468091837166356e-7,-0.0008500302635418771,106.43797150747137,19.452881272717104,86.98509023475427,1.7817708631873908e6,325641.0899782884,1.4561297732091025e6,0.18276260809190276,0.8172373919080973,3404.4963676417246,1.4595342695767442e6,-1.4561297732091025e6,1.034012695870799e-6,0.021722258916734336
105,0,local_loglinear,81,24,false,0.0999112723835404,8.641072084729324e-7,1.487225970218077e-7,-0.0008611089929161874,116.02627914172169,19.969431324648617,96.05684781707308,2.3055346269252514e6,396808.51389491523,1.9087261130303363e6,0.1721112792064694,0.8278887207935306,3865.0869395351037,1.9125911999698714e6,-1.9087261130303363e6,1.034012695870799e-6,0.021722258916734336
105,0,local_loglinear,82,23,false,0.11029187972477164,9.307805725764125e-7,1.5057902831870873e-7,-0.0008718577944870619,126.50214337953979,20.465156226454525,106.03698715308526,2.985188016363798e6,482935.2095397458,2.5022528068240522e6,0.16177715001281567,0.8382228499871843,4388.3772030831315,2.5066411840271354e6,-2.5022528068240522e6,1.034012695870799e-6,0.021722258916734336
105,0,local_loglinear,83,22,false,0.1217097306304605,1.0040999179772878e-6,1.5237907664638636e-7,-0.0008822801367113552,137.9490771311321,20.9347223529387,117.0143547781934,3.867601514074165e6,586935.1615305258,3.280666352543639e6,0.1517568858618641,0.8482431141381359,4982.84920271812,3.285649201746357e6,-3.280666352543639e6,1.034012695870799e-6,0.021722258916734336
105,0,local_loglinear,84,21,false,0.13426616060574864,1.0850196244587895e-6,1.5412342720769766e-7,-0.0008923799869373656,150.45850710586646,21.372130277622112,129.08637682824434,5.01385488185599e6,712201.4021627877,4.301653479693202e6,0.1420466724595648,0.8579533275404353,5658.0918921381235,4.30731157158534e6,-4.301653479693202e6,1.034012695870799e-6,0.021722258916734336
105,0,local_loglinear,85,20,false,0.14807228516994345,1.17468476600255e-6,1.5581284326995457e-7,-0.0009021617645092914,164.1305262482319,21.770644093017385,142.3598821552145,6.503574021137416e6,862648.7624406911,5.640925258696726e6,0.13264226095328144,0.8673577390467186,6424.930650086142,5.647350189346812e6,-5.640925258696726e6,1.034012695870799e-6,0.021722258916734336
105,0,local_loglinear,86,19,false,0.16324993795576223,1.2744812852020663e-6,1.5744815831492414e-7,-0.0009116302953154603,179.07471789237903,22.12271365636367,156.95200423601537,8.440598815889465e6,1.0427432352811854e6,7.397855580608279e6,0.123539011630101,0.876460988369899,7295.566958423704,7.405151147566703e6,-7.397855580608279e6,1.034012695870799e-6,0.021722258916734336
105,0,local_loglinear,87,18,false,0.17993269859654704,1.3861028927497771e-6,1.5903026846766273e-7,-0.0009207907679510171,195.41105847199245,22.419889066605585,172.99116940538687,1.0960392280110886e7,1.2575070263067328e6,9.702885253804153e6,0.11473193606296823,0.8852680639370317,8283.727240370587,9.711168981044523e6,-9.702885253804153e6,1.034012695870799e-6,0.021722258916734336
105,0,local_loglinear,88,17,false,0.19826701898239626,1.5116415787719876e-6,1.6056012522862476e-7,-0.000929648691636581,213.27090627467152,22.652726611887314,190.6181796627842,1.4239728294494078e7,1.5124832435761055e6,1.2727245050917972e7,0.1062157375685968,0.8937842624314032,9404.818994576111,1.2736649869912548e7,-1.2727245050917972e7,1.034012695870799e-6,0.021722258916734336
105,0,local_loglinear,89,16,false,0.2184134572853731,1.65371206616897e-6,1.6203872852863504e-7,-0.0009382098560062947,232.7980844446679,22.81068535389248,209.9873990907754,1.850936158275723e7,1.8136370158408794e6,1.6695724566916352e7,0.09798484986810185,0.9020151501318981,10676.091167662293,1.6706400658084014e7,-1.6695724566916352e7,1.034012695870799e-6,0.021722258916734336
105,0,local_loglinear,90,15,false,0.24054803005144587,1.8156260455240097e-6,1.6346712012172091e-7,-0.0009464802928520941,254.15006722071936,22.882013435383595,231.26805378533578,2.4070601606401734e7,2.1671598806901607e6,2.1903441725711573e7,0.09003347386688458,0.9099665261331153,12116.794074185193,2.1915558519785758e7,-2.1903441725711573e7,1.034012695870799e-6,0.021722258916734336
105,0,local_loglinear,91,14,false,0.26486369364002454,2.0016410823018637e-6,1.6484637732650585e-7,-0.0009544662398861592,277.49927925330843,22.853623109602836,254.6456561437056,3.131699782809119e7,2.579130537611707e6,2.873786729047948e7,0.08235561249419125,0.9176443875058087,13748.331959877163,2.875161562243936e7,-2.873786729047948e7,1.034012695870799e-6,0.021722258916734336
105,0,local_loglinear,92,13,false,0.29157196736906665,2.2173244043788308e-6,1.66177607122911e-7,-0.0009621741065606117,303.0345187850877,22.710953394055135,280.32356539103256,4.0762718404247954e7,3.054966152388793e6,3.770775225185916e7,0.07494510356479143,0.9250548964352084,15594.398329705,3.772334665018886e7,-3.770775225185916e7,1.034012695870799e-6,0.021722258916734336
105,0,local_loglinear,93,12,false,0.3209047119037166,2.4700985832201315e-6,1.6746194060731332e-7,-0.0009696104419626897,330.96251650728914,22.437819145800198,308.52469736148896,5.307969549413175e7,3.5985724920762847e6,4.9481123002055466e7,0.0677956506452477,0.9322043493547523,17681.080187641084,4.949880408224311e7,-4.9481123002055466e7,1.034012695870799e-6,0.021722258916734336
105,0,local_loglinear,94,11,false,0.3531160777190845,2.770084858799628e-6,1.6870052780607994e-7,-0.0009767819047849292,361.5096430321717,22.016245239845325,339.4933977923264,6.914625433080496e7,4.2110657961847e6,6.4935188534620255e7,0.06090085192523078,0.9390991480747691,20036.912059232593,6.495522544667949e7,-6.4935188534620255e7,1.034012695870799e-6,0.021722258916734336
105,0,local_loglinear,95,10,false,0.3884846398838752,3.1314524580592005e-6,1.6989453284453348e-7,-0.0009836952353533082,394.9237791564025,21.426284405594593,373.4974947508079,9.011078764182696e7,4.888891137804311e6,8.522189650402264e7,0.054254227110262454,0.9457457728897375,22692.8536875993,8.524458935771024e7,-8.522189650402264e7,1.034012695870799e-6,0.021722258916734336
105,0,local_loglinear,96,9,false,0.4273157369628423,3.5746674556920344e-6,1.710451294659086e-7,-0.0009903572296818487,431.47636444287593,20.645817137505915,410.83054730537003,1.1747514446914144e8,5.621096659706105e6,1.1185404780943534e8,0.04784924236618124,0.9521507576338188,25682.15611091256,1.1187972996554625e8,-1.1185404780943534e8,1.034012695870799e-6,0.021722258916734336
105,0,local_loglinear,97,8,false,0.46994403353547387,4.1304282728252646e-6,1.7215349689270594e-7,-0.0009967747155097126,471.4646411302301,19.650331943984202,451.8143091862459,1.5320385498924744e8,6.385434543764983e6,1.4681842044548246e8,0.041679333357591705,0.9583206666424083,29040.068774819374,1.4684746051425728e8,-1.4681842044548246e8,1.034012695870799e-6,0.021722258916734336
105,0,local_loglinear,98,7,false,0.51673632769006,4.846974441817516e-6,1.7322081602109677e-7,-0.0010029545302666727,515.2141120023322,18.41268403164168,496.8014279706905,1.9986721829372993e8,7.142839943617353e6,1.927243783501126e8,0.03573792643233797,0.964262073567662,32803.32459786534,1.9275718167471045e8,-1.927243783501126e8,1.034012695870799e-6,0.021722258916734336
105,0,local_loglinear,99,6,false,0.5680946268909669,5.804704087503724e-6,1.7424826593715442e-7,-0.0010089035009019723,563.0812326283765,16.902830340391077,546.1784022879854,2.6082877964479482e8,7.8296777707327865e6,2.5299910187406203e8,0.030018458014470253,0.9699815419855298,37009.31924647093,2.530361111933085e8,-2.5299910187406203e8,1.034012695870799e-6,0.021722258916734336
105,0,local_loglinear,100,5,false,0.6244595178527402,7.148332245632834e-6,1.7523702074342212e-7,-0.0010146284255100424,615.4563603309571,15.087538642020561,600.3688216889365,3.404910030656233e8,8.346930013446375e6,3.321440730521769e8,0.024514392269676683,0.9754856077303232,41694.874467253685,3.3218576792664415e8,-3.321440730521769e8,1.034012695870799e-6,0.021722258916734336
105,0,local_loglinear,101,4,false,0.6863138584996663,9.167286171951759e-6,1.7618824668208591e-7,-0.001020136056673573,672.7669843741986,12.930068198934382,659.8369161752643,4.4461724790306175e8,8.545204314918492e6,4.360720435881432e8,0.019219237119612532,0.9807807628803874,46894.4403706789,4.361189380285139e8,-4.360720435881432e8,1.034012695870799e-6,0.021722258916734336
105,0,local_loglinear,102,3,false,0.7541868227720961,1.2536889100411833e-5,1.7710309954130703e-7,-0.0010254330864460889,735.4812642002133,10.389819236746527,725.0914449634668,5.807538040676861e8,8.204052691780885e6,5.725497513759052e8,0.014126558679975023,0.9858734413200249,52637.54710948467,5.726023889230146e8,-5.725497513759052e8,1.034012695870799e-6,0.021722258916734336
105,0,local_loglinear,103,2,false,0.828658331976984,1.9283080620855798e-5,1.7798272233037195e-7,-0.0010305261328909863,804.1119051025979,7.421948221988526,796.6899568806094,7.587831499583216e8,7.003564074815515e6,7.517795858835061e8,0.00922999420216462,0.9907700057978354,58945.2587198019,7.518385311422259e8,-7.517795858835061e8,1.034012695870799e-6,0.021722258916734336
105,0,local_loglinear,104,1,false,0.9103639095973879,3.953522479285912e-5,1.7882824320908836e-7,-0.0010354217280926646,879.2204035300246,3.9769456473473483,875.2434578826773,9.916493209899764e8,4.4854912772407755e6,9.871638297127357e8,0.004523263599639085,0.9954767364003609,65825.30797886848,9.872296550207145e8,-9.871638297127357e8,1.034012695870799e-6,0.021722258916734336
105,0,local_loglinear,105,0,true,1.0,1.0,1.796407736567318e-7,-0.0010401263075546638,961.4216972850146,0.00017271053751064823,961.4215245744771,1.2963090391467614e9,232.86995869053888,1.2963088062768028e9,1.796407736567318e-7,0.9999998203592264,73265.49651312828,1.296382071773316e9,-1.2963088062768028e9,1.034012695870799e-6,0.021722258916734336
105,0,hkt_scalar_terminal_us,1,104,false,7.614974002455186e-8,1.4920047437933627e-11,1.491880835668617e-11,-8.638036853349934e-8,0.8815630370345096,0.8814898249195894,7.321211492017365e-5,0.9427241474886037,0.9426458560610772,7.829142752646678e-5,0.9999169519230678,8.304807693219e-5,-0.1025020984314583,-0.10242380700393183,-7.829142752646678e-5,1.082157695580271e-6,0.02172068007778638
105,0,hkt_scalar_terminal_us,2,103,false,1.0734090705480965e-7,2.0873164018779946e-11,2.087073896388774e-11,-1.2084223351921507e-7,0.8882731138674413,0.8881699138418744,0.00010320002556696295,1.0157167607219018,1.0155987542281344,0.00011800649376736416,0.9998838194875475,0.00011618051245259874,-0.08157237720680799,-0.08145437071304062,-0.00011800649376736416,1.082157695580271e-6,0.02172068007778638
105,0,hkt_scalar_terminal_us,3,102,false,1.5061832049260112e-7,2.902638642350141e-11,2.902169708851734e-11,-1.680365368357448e-7,0.8963426843284092,0.8961978763924158,0.00014480793599347397,1.0960016613234012,1.0958245976387229,0.00017706368467829137,0.9998384457880616,0.00016155421193841105,-0.05778537955822394,-0.057608315873545646,-0.00017706368467829137,1.082157695580271e-6,0.02172068007778638
105,0,hkt_scalar_terminal_us,4,101,false,2.1033802120654243e-7,4.0115262690830847e-11,4.0106306613986866e-11,-2.3221677382034788e-7,0.9057830653063343,0.9055808414595312,0.000202223846803129,1.1845106369318938,1.1842461847614412,0.0002644521704526781,0.9997767414135362,0.00022325858646373928,-0.030784186170297545,-0.030519733999844867,-0.0002644521704526781,1.082157695580271e-6,0.02172068007778638
105,0,hkt_scalar_terminal_us,5,100,false,2.922809266728605e-7,5.508868622146482e-11,5.507179789641941e-11,-3.1886743795881664e-7,0.9166220563123478,0.9163410510408015,0.0002810052715462863,1.2823243558304902,1.2819312386222155,0.0003931172082747292,0.9996934338753785,0.0003065661246215112,-0.00016444079558852742,0.00022867641268620176,-0.0003931172082747292,1.082157695580271e-6,0.02172068007778638
105,0,hkt_scalar_terminal_us,6,99,false,4.0405703712344227e-7,7.515753103403461e-11,7.512610002942316e-11,-4.3498247660764024e-7,0.9289041716682921,0.9285157023971278,0.0003884692711643156,1.3907004651204666,1.3901188718705162,0.0005815932499504406,0.9995817983350569,0.00041820166494304094,0.03453138626648755,0.03511297951643799,-0.0005815932499504406,1.082157695580271e-6,0.02172068007778638
105,0,hkt_scalar_terminal_us,7,98,false,5.555997043489655e-7,1.0184926735009193e-10,1.0179155555555168e-10,-5.893763008589126e-7,0.9426909489561701,0.9421567832446575,0.0005341657115126575,1.5111073190616677,1.510251066312925,0.0008562527487427918,0.9994333607296175,0.0005666392703825217,0.07382080879087938,0.07467706153962217,-0.0008562527487427918,1.082157695580271e-6,0.02172068007778638
105,0,hkt_scalar_terminal_us,8,97,false,7.597623703512405e-7,1.3706758788523603e-10,1.3696308381155392e-10,-7.930205531344811e-7,0.9580613861118924,0.9573309339369401,0.0007304521749522674,1.6452646387149594,1.6440102440058701,0.0012543947090892793,0.999237572680059,0.0007624273199410822,0.11828931760045758,0.11954371230954686,-0.0012543947090892793,1.082157695580271e-6,0.02172068007778638
105,0,hkt_scalar_terminal_us,9,96,false,1.0330306039674919e-6,1.8315556052549902e-10,1.82969011674383e-10,-1.05939631911419e-6,0.9751125101428105,0.974119331896111,0.0009931782466995331,1.795192643070444,1.7933641912116203,0.001828451858823632,0.998981473177332,0.001018526822668069,0.16859974622244644,0.17042819808127008,-0.001828451858823632,1.082157695580271e-6,0.02172068007778638
105,0,hkt_scalar_terminal_us,10,95,false,1.3963623633486706e-6,2.4296027693121216e-10,2.4263212244130715e-10,-1.4048476026674208e-6,0.9939600286161723,0.9926175357185828,0.0013424928975894757,1.9632714461297645,1.9606197520006363,0.002651694129128135,0.9986493492102911,0.0013506507897089175,0.22550333676563517,0.2281550308947633,-0.002651694129128135,1.082157695580271e-6,0.02172068007778638
105,0,hkt_scalar_terminal_us,11,94,false,1.876168821698123e-6,3.198963740639377e-10,3.193277297100733e-10,-1.8489175754415813e-6,1.0147390271034842,1.0129352379230137,0.0018037891804705275,2.1523129236941383,2.1484869953903574,0.0038259283037809233,0.9982224107555818,0.0017775892444181689,0.2898528929387223,0.2936788212425032,-0.0038259283037809233,1.082157695580271e-6,0.02172068007778638
105,0,hkt_scalar_terminal_us,12,93,false,2.505446720731463e-6,4.1800521465524376e-10,4.1703481910165877e-10,-2.4146446890416545e-6,1.0376047176223873,1.0351959270880633,0.002408790534323968,2.365647838392485,2.360156007039095,0.00549183135338982,0.9976785084980689,0.002321491501931096,0.36261839800207785,0.36811022935546767,-0.00549183135338982,1.082157695580271e-6,0.02172068007778638
105,0,hkt_scalar_terminal_us,13,92,false,3.325071319270289e-6,5.42006030959301e-10,5.403756291222689e-10,-3.1287918494631987e-6,1.0627333102522514,1.0595365149357052,0.0031967953165461527,2.6072318459740873,2.5993890631479974,0.007842782826089856,0.9969919120011517,0.00300808799884834,0.4449053598818469,0.45274814270793673,-0.007842782826089856,1.082157695580271e-6,0.02172068007778638
105,0,hkt_scalar_terminal_us,14,91,false,4.385256975666973e-6,6.97335098974243e-10,6.946386311578331e-10,-4.021979471981589e-6,1.0903230626153348,1.086106981921625,0.004216080693709934,2.8817748962059047,2.8706315975634196,0.011143298642485089,0.9961331821381482,0.003866817861851793,0.5379761741114781,0.5491194727539632,-0.011143298642485089,1.082157695580271e-6,0.02172068007778638
105,0,hkt_scalar_terminal_us,15,90,false,5.747190596225979e-6,8.901691035113915e-10,8.857798255352473e-10,-5.1286929853872745e-6,1.1205955615984295,1.115070088517768,0.005525473080661536,3.1948997013651406,3.1791461744904437,0.015753526874696888,0.995069163871415,0.004930836128585071,0.6432747822988354,0.6590283091735323,-0.015753526874696888,1.082157695580271e-6,0.02172068007778638
105,0,hkt_scalar_terminal_us,16,89,false,7.484841886004704e-6,1.1274293432710126e-9,1.1203977080727166e-9,-6.487137887526732e-6,1.1537972547795425,1.1466011662292246,0.007196088550317947,3.553336296769316,3.5311745846186864,0.022161712150629675,0.9937631256093663,0.006236874390633683,0.7624549932522524,0.7846167054028821,-0.022161712150629675,1.082157695580271e-6,0.02172068007778638
105,0,hkt_scalar_terminal_us,17,88,false,9.68695378017976e-6,1.4167643075353324e-9,1.4056782198414946e-9,-8.13892100269546e-6,1.1902012290046333,1.1808879825261045,0.009313246478528825,3.965161433087175,3.9341343051918525,0.031027127895322693,0.9921750656514466,0.007824934348553306,0.897412912919715,0.9284400408150377,-0.031027127895322693,1.082157695580271e-6,0.02172068007778638
105,0,hkt_scalar_terminal_us,18,87,false,1.2459216804544797e-5,1.7665093901298073e-9,1.7493074715017612e-9,-1.0128545152804035e-5,1.2301092226552919,1.2181306626374646,0.011978560017827267,4.440093705168049,4.396856951916719,0.04323675325133003,0.990262198025009,0.009737801974990886,1.0503240049458018,1.0935607581971318,-0.04323675325133003,1.082157695580271e-6,0.02172068007778638
105,0,hkt_scalar_terminal_us,19,86,false,1.5926632496670323e-5,2.185623982540626e-9,2.1593519502671063e-9,-1.250271555194339e-5,1.2738538624270892,1.2585416540816583,0.0153122083454309,4.989858091069459,4.929878097321187,0.05997999374827234,0.9879796193291306,0.012020380670869345,1.2236853378762778,1.28366533162455,-0.05997999374827234,1.082157695580271e-6,0.02172068007778638
105,0,hkt_scalar_terminal_us,20,85,false,2.0236073551070942e-5,2.6836078229660255e-9,2.6441081900739933e-9,-1.5309469391948706e-5,1.3218011044663085,1.3023457064249522,0.01945539804135632,5.62863700305428,5.545789914369978,0.0828470886843018,0.9852811455705269,0.01471885442947312,1.4203636668041035,1.5032107554884053,-0.0828470886843018,1.082157695580271e-6,0.02172068007778638
105,0,hkt_scalar_terminal_us,21,84,false,2.5559051817292512e-5,3.2704000762238545e-9,3.2119262878125295e-9,-1.8597153995837548e-5,1.3743528618955994,1.349779838236129,0.02457302365947034,6.37362931006013,6.259670698574589,0.11395861148554065,0.98212029505612,0.017879704943880012,1.6436500555489442,1.7576086670344848,-0.11395861148554065,1.082157695580271e-6,0.02172068007778638
105,0,hkt_scalar_terminal_us,22,83,false,3.209470951259444e-5,3.956266002583044e-9,3.871013918058864e-9,-2.2413292056960488e-5,1.4319498193763718,1.4010932725829672,0.03085654679340455,7.245744373591187,7.08960855982773,0.15613581376345653,0.9784513770134466,0.021548622986553335,1.8973217169287153,2.053457530692172,-0.15613581376345653,1.082157695580271e-6,0.02172068007778638
105,0,hkt_scalar_terminal_us,23,82,false,4.007305337247317e-5,4.751677179905777e-9,4.629229535945743e-9,-2.680338427713239e-5,1.495074389045041,1.4565472901803025,0.038527098864738596,8.270464858528618,8.057340334694453,0.21312452383416414,0.9742306475536998,0.025769352446300183,2.1857120375922,2.3988365614263643,-0.21312452383416414,1.082157695580271e-6,0.02172068007778638
105,0,hkt_scalar_terminal_us,24,81,false,4.975845646571059e-5,5.66719186112593e-9,5.493874742921452e-9,-3.1809707157861165e-5,1.564253836691286,1.516414982147588,0.04783885454369785,9.478921170657511,9.189031690780368,0.289889479877143,0.9694174606310145,0.03058253936898545,2.5137894680115576,2.8036789478887005,-0.289889479877143,1.082157695580271e-6,0.02172068007778638
105,0,hkt_scalar_terminal_us,25,80,false,6.145345572671183e-5,6.713342113869953e-9,6.471496459934717e-9,-3.7470167576880587e-5,1.6400635412324427,1.5809808618609826,0.059082679371460056,10.90923113756442,10.516230141392336,0.39300099617208417,0.9639753717547664,0.03602462824523352,2.8872463595602156,3.2802473557322998,-0.39300099617208417,1.082157695580271e-6,0.02172068007778638
105,0,hkt_scalar_terminal_us,26,79,false,7.550287680584159e-5,7.900534025794763e-9,7.567709225983216e-9,-4.381727389116997e-5,1.7231304027121799,1.650540305706151,0.07259009700602892,12.608172792430219,12.07702988842787,0.5311429040023494,0.9578731262057861,0.04212687379421391,3.312598657019562,3.8437415610219112,-0.5311429040023494,1.082157695580271e-6,0.02172068007778638
105,0,hkt_scalar_terminal_us,27,78,false,9.229831924428704e-5,9.238966316470691e-9,8.787046774830995e-9,-5.087727656149052e-5,1.8141363980584702,1.7253987989159227,0.08873759914254742,14.633275774187474,13.91749621032342,0.7157795638640536,0.9510854866053532,0.048914513394646794,3.7972975414969525,4.513077105361006,-0.7157795638640536,1.082157695580271e-6,0.02172068007778638
105,0,hkt_scalar_terminal_us,28,77,false,0.00011228303587801055,1.0738571487669184e-8,1.013285007205758e-8,-5.866951988338631e-5,1.9138223067307936,1.8058709690511805,0.10795133767961307,17.055439479592476,16.093407894914808,0.9620315846776677,0.9435938554483585,0.05640614455164157,4.349854089578997,5.311885674256665,-0.9620315846776677,1.082157695580271e-6,0.02172068007778638
105,0,hkt_scalar_terminal_us,29,76,false,0.00013595723893125125,1.2408982059180183e-8,1.1607196391791978e-8,-6.720603133924861e-5,2.0229916306909144,1.8922794024840643,0.13071222820685002,19.96221467032863,18.672389482761755,1.2898251875668763,0.9353866688206675,0.06461333117933263,4.979978123524951,6.269803311091827,-1.2898251875668763,1.082157695580271e-6,0.02172068007778638
105,0,hkt_scalar_terminal_us,30,75,false,0.00016388386438348366,1.4259522985106314e-8,1.3210871294689008e-8,-7.649135934991953e-5,2.142514733380223,1.984953242771468,0.15756149060875502,23.461921452199615,21.73652126756618,1.7254001846334361,0.9264595532744964,0.07354044672550361,5.6987326316871965,7.424132816320633,-1.7254001846334361,1.082157695580271e-6,0.02172068007778638
105,0,hkt_scalar_terminal_us,31,74,false,0.00019669482379246187,1.6299229771239707e-8,1.494338242586411e-8,-8.652265316516744e-5,2.273333243919153,2.0842265875199257,0.1891066563992272,27.688822758366637,25.385534973581244,2.303287784785393,0.9168152505115293,0.08318474948847064,6.5187052203413565,8.82199300512675,-2.303287784785393,1.082157695580271e-6,0.02172068007778638
105,0,hkt_scalar_terminal_us,32,73,false,0.00023509777243504857,1.8536890623618082e-8,1.680301150438924e-8,-9.728996388449984e-5,2.4164647929579934,2.1904367102587754,0.22602808269921804,32.80963132544941,29.740727493632463,3.0689038318169466,0.906463324705618,0.09353667529438203,7.454198141496775,10.523101973313722,-3.0689038318169466,1.082157695580271e-6,0.02172068007778638
105,0,hkt_scalar_terminal_us,33,72,false,0.00027988342137408897,2.0981109823314628e-8,1.8786898959168035e-8,-0.00010877673450153612,2.5730081221562733,2.3039221480244816,0.2690859741317917,39.03170250966384,34.949755157304374,4.081947352359464,0.8954196950197391,0.10458030498026102,8.521439189069426,12.60338654142889,-4.081947352359464,1.082157695580271e-6,0.02172068007778638
105,0,hkt_scalar_terminal_us,34,71,false,0.00033193342564822643,2.364038905136855e-8,2.0891154100486365e-8,-0.00012096043780074271,2.744148679380758,2.425020705497687,0.319127973883071,46.6133613265422,41.19250797854659,5.42085334799561,0.8837060191814806,0.11629398081851935,9.738815487424347,15.159668835419957,-5.42085334799561,1.082157695580271e-6,0.02172068007778638
105,0,hkt_scalar_terminal_us,35,70,false,0.000392228885002577,2.6523222953668052e-8,2.311098331044911e-8,-0.0001338133185840844,2.9311647685959734,2.554067436130703,0.37709733246527044,55.87693315365808,48.68830880052159,7.18862435313649,0.8713489816384836,0.1286510183615164,11.127133466724096,18.315757819860586,-7.18862435313649,1.082157695580271e-6,0.02172068007778638
105,0,hkt_scalar_terminal_us,36,69,false,0.0004618595038331724,2.9638205273830382e-8,2.5440828489237182e-8,-0.00014730319527919686,3.135434387270208,2.691392672019535,0.4440417152506728,67.22520379261523,57.70473832813527,9.520465464479962,0.858379522450391,0.1416204775496091,12.70990835644055,22.230373820920512,-9.520465464479962,1.082157695580271e-6,0.02172068007778638
105,0,hkt_scalar_terminal_us,37,68,false,0.0005420334707894606,3.299414222298318e-8,2.7874508761361317e-8,-0.00016139428042304314,3.3584428727504743,2.837320171815345,0.5211227009351291,81.16223339485157,68.56845589640821,12.593777498443359,0.8448320484581167,0.1551679515418834,14.513687723898101,27.10746522234146,-12.593777498443359,1.082157695580271e-6,0.02172068007778638
105,0,hkt_scalar_terminal_us,38,67,false,0.0006340881342840593,3.660017000228748e-8,3.040535921897561e-8,-0.00017604798399005228,3.601791511113748,2.992165465909748,0.6096260452040001,98.31970418366986,81.67847099674846,16.641233186921397,0.8307436609468016,0.16925633905319842,16.568414261681312,33.20964744860271,-16.641233186921397,1.082157695580271e-6,0.02172068007778638
105,0,hkt_scalar_terminal_us,39,66,false,0.0007395015727277628,4.0465874229912356e-8,3.302636190854955e-8,-0.00019122367180906115,3.867207264308589,3.1562344597022665,0.7109728046063224,119.49030889655157,97.52242503795371,21.967883858597858,0.8161534264873606,0.18384657351263942,18.907834334020492,40.87571819261835,-21.967883858597858,1.082157695580271e-6,0.02172068007778638
105,0,hkt_scalar_terminal_us,40,65,false,0.000859905180018065,4.460140947059283e-8,3.5730265443944756e-8,-0.00020687935812678193,4.156553789629844,3.3298223531126188,0.8267314365172251,145.67010698914072,116.69657196375255,28.973535025388173,0.8011017110906079,0.19889828890939212,21.569959874518617,50.54349489990679,-28.973535025388173,1.082157695580271e-6,0.02172068007778638
105,0,hkt_scalar_terminal_us,41,64,false,0.000997097411586994,4.901761775847395e-8,3.8509690961557604e-8,-0.00022297231909140273,4.47184392955188,3.513212914668614,0.9586310148832657,178.11231514422965,139.9303051904451,38.18200995378456,0.7856295903915123,0.2143704096084877,24.597592616416136,62.779602570200694,-38.18200995378456,1.082157695580271e-6,0.02172068007778638
105,0,hkt_scalar_terminal_us,42,63,false,0.001153058861910116,5.372614570449789e-8,4.1357223351495697e-8,-0.00023945962098396252,4.81525385019857,3.706678124132393,1.1085757260661775,218.39569226382613,168.11627384622548,50.27941841760065,0.7697783417959445,0.23022165820405543,28.038921175492817,78.31833959309347,-50.27941841760065,1.082157695580271e-6,0.02172068007778638
105,0,hkt_scalar_terminal_us,43,62,false,0.0013299688655676344,5.873956007940071e-8,4.426548750432692e-8,-0.0002562985616894203,5.1891390135043975,3.9104781828464406,1.278660830657957,268.51157216509637,202.3473724756318,66.16419968946457,0.7535890198103529,0.24641098018964713,31.948202685430772,98.11240237489534,-66.16419968946457,1.082157695580271e-6,0.02172068007778638
105,0,hkt_scalar_terminal_us,44,61,false,0.0015302238358946127,6.407146256857402e-8,4.722721034122422e-8,-0.00027344702985314016,5.596052137470457,4.124861846159924,1.471190291310533,330.97474559909625,243.96218380862192,87.01256179047434,0.7371021114225099,0.2628978885774901,36.38654342947501,123.39910521994935,-87.01256179047434,1.082157695580271e-6,0.02172068007778638
105,0,hkt_scalar_terminal_us,45,60,false,0.0017564575777840117,6.973660456709629e-8,5.023526964111393e-8,-0.0002908637875916121,6.038763341176626,4.350067036186262,1.6886963049903638,408.9648769419584,294.6008196765249,114.36405726543347,0.7203572636344896,0.2796427363655104,41.422792307387226,155.7868495728207,-114.36405726543347,1.082157695580271e-6,0.02172068007778638
105,0,hkt_scalar_terminal_us,46,59,false,0.002011563816052109,7.575100332679869e-8,5.328273127152507e-8,-0.0003085086860602378,6.5202825947640966,4.586321633423305,1.9339609613407918,506.5070480171832,356.27355073045425,150.23349728672895,0.7033930764145412,0.29660692358545876,47.13456599890122,197.36806328563017,-150.23349728672895,1.082157695580271e-6,0.02172068007778638
105,0,hkt_scalar_terminal_us,47,58,false,0.0022987212025192727,8.213206101064425e-8,5.63628764457952e-8,-0.00032634282327340813,7.043884647015563,4.833844362029577,2.210040284985986,628.7024894267997,431.44516643913477,197.25732298766496,0.6862469509743658,0.3137530490256342,53.609423922667816,250.86674691033278,-197.25732298766496,1.082157695580271e-6,0.02172068007778638
105,0,hkt_scalar_terminal_us,48,57,false,0.002621421069745995,8.88986885760395e-8,5.946922077062544e-8,-0.00034432865439044393,7.613136566826332,5.092845648248895,2.5202909185774374,782.0237413902106,523.1386792036388,258.88506218657176,0.6689549837370034,0.33104501626299665,60.94621492361341,319.83127711018517,-258.88506218657176,1.082157695580271e-6,0.02172068007778638
105,0,hkt_scalar_terminal_us,49,56,false,0.002983498206080899,9.607143633719375e-8,6.259552663092164e-8,-0.00036243006342421544,8.231928052250975,5.363528341659831,2.8683997105911443,974.6926001729909,635.0628130191735,339.62978715381735,0.6515518973945847,0.3484481026054153,69.2566192455671,408.88640639938444,-339.62978715381735,1.082157695580271e-6,0.02172068007778638
105,0,hkt_scalar_terminal_us,50,55,false,0.0033891649395956297,1.036726336253214e-7,6.573581049855453e-8,-0.0003806124055590925,8.904504661683815,5.646088177323739,3.258416484360076,1217.1645238002138,771.7687270418869,445.3957967583269,0.6340710002229456,0.36592899977705434,78.66691283224895,524.0627095905759,-445.3957967583269,1.082157695580271e-6,0.02172068007778638
105,0,hkt_scalar_terminal_us,51,54,false,0.0038430488257714577,1.1172653989926506e-7,6.888434643035423e-8,-0.00039884252740444314,9.63550414440746,5.940713872575977,3.694790271831482,1522.7500517752424,938.8426616263234,583.9073901489189,0.6165441666094893,0.3834558333905107,89.31998393013464,673.2273740790536,-583.9073901489189,1.082157695580271e-6,0.02172068007778638
105,0,hkt_scalar_terminal_us,52,53,false,0.004350234249043722,1.2025950997876077e-7,7.203566687491806e-8,-0.0004170887716660752,10.4299960693417,6.247586760419174,4.182409308922526,1908.412700559326,1143.142705151832,765.269995407494,0.599001832683672,0.40099816731632804,101.377636242461,866.647631649955,-765.269995407494,1.082157695580271e-6,0.02172068007778638
105,0,hkt_scalar_terminal_us,53,52,false,0.004916308267139294,1.2930017630435183e-7,7.51845616372585e-8,-0.00043532097115151673,11.293524991765526,6.566879876843112,4.726645114922414,2395.794336132907,1393.0897241098107,1002.7046120230964,0.581473001709496,0.418526998290504,115.02321604727194,1117.7278280703683,-1002.7046120230964,1.082157695580271e-6,0.02172068007778638
105,0,hkt_scalar_terminal_us,54,51,false,0.005547411050961793,1.3887965141531655e-7,7.832607577824489e-8,-0.00045351043660771625,12.232157417273001,6.898756434314324,5.333400982958677,3012.533976071897,1699.0247461718614,1313.5092299000357,0.5639852561554355,0.43601474384456457,130.46460911552094,1443.9738390155567,-1313.5092299000357,1.082157695580271e-6,0.02172068007778638
105,0,hkt_scalar_terminal_us,55,50,false,0.006250291303996674,1.4903175417120438e-7,8.145550686744352e-8,-0.0004716299408149016,13.252532893049928,7.243367630503451,6.009165262546476,3793.965370571351,2073.647821003301,1720.3175495680498,0.5465647728595426,0.4534352271404573,147.93765538941943,1868.2552049574692,-1720.3175495680498,1.082157695580271e-6,0.02172068007778638
105,0,hkt_scalar_terminal_us,56,49,false,0.00703236708409924,1.5979326379559963e-7,8.456840201565794e-8,-0.000489653701404895,14.36191958505011,7.600849750078861,6.761069834971249,4785.303870761352,2532.5567041880167,2252.7471665733356,0.5292363395482932,0.4707636604517068,167.71003968835248,2420.457206261688,-2252.7471665733356,1.082157695580271e-6,0.02172068007778638
105,0,hkt_scalar_terminal_us,57,48,false,0.007901792490061533,1.7120420604112671e-7,8.766055483575431e-8,-0.000507557363264196,15.568274764538204,7.971320537341571,7.596954227196633,6044.465759860827,3094.907738819431,2949.5580210413964,0.512023371754643,0.48797662824535704,190.08572261466907,3139.6437436560655,-2949.5580210413964,1.082157695580271e-6,0.02172068007778638
105,0,hkt_scalar_terminal_us,58,47,false,0.008867530732204768,1.8330817681620586e-7,9.072800251009365e-8,-0.0005253179815543229,16.880310675768825,8.354874812256147,8.525435863512678,7645.705646971548,3784.2261768027424,3861.4794701688056,0.4949479291426382,0.5050520708573618,215.40998666380983,4076.8894568326155,-3861.4794701688056,1.082157695580271e-6,0.02172068007778638
105,0,hkt_scalar_terminal_us,59,46,false,0.009939434158817912,1.9615270911229867e-7,9.376702296782651e-8,-0.0005429140053682596,18.30756631904527,8.751579314360294,9.555987004684978,9684.312654540532,4629.399059617574,5054.9135949229585,0.47803073122046097,0.5219692687795391,244.07518203495238,5298.988776957911,-5054.9135949229585,1.082157695580271e-6,0.02172068007778638
105,0,hkt_scalar_terminal_us,60,45,false,0.011128331875297113,2.097896901482851e-7,9.67741321548332e-8,-0.0005603252619233246,19.860485741975925,9.161466755085293,10.699018986890632,12282.677802094158,5665.890845231379,6616.786956862779,0.4612911725377476,0.5387088274622523,276.52726889935,6893.314225762129,-6616.786956862779,1.082157695580271e-6,0.02172068007778638
105,0,hkt_scalar_terminal_us,61,44,false,0.012446125661958848,2.2427583680951257e-7,9.974608133427513e-8,-0.0005775329409312777,21.550503494899086,9.584529055720422,11.965974439178664,15598.13820764267,6937.230441120796,8660.907766521876,0.44474733771250585,0.5552526622874941,313.2732662480521,8974.181032769928,-8660.907766521876,1.082157695580271e-6,0.02172068007778638
105,0,hkt_scalar_terminal_us,62,43,false,0.013905894972070346,2.39673238901283e-7,1.0267985433339518e-7,-0.0005945195786572086,23.390137972374976,10.020709741527265,13.369428230847712,19833.12502350445,8496.828422418213,11336.296601086236,0.4284160167572448,0.5715839832427552,354.8897325618964,11691.186333648133,-11336.296601086236,1.082157695580271e-6,0.02172068007778638
105,0,hkt_scalar_terminal_us,63,42,false,0.015522011873588506,2.5604998150232495e-7,1.0557266464294997e-7,-0.0006112690411251584,25.39309343234078,10.469895453420552,14.923197978920228,25248.299917160366,10410.195245160716,14838.10467199965,0.4123127212254509,0.5876872787745492,402.0324205460129,15240.137092545663,-14838.10467199965,1.082157695580271e-6,0.02172068007778638
105,0,hkt_scalar_terminal_us,64,41,false,0.017310266886806758,2.734808598699343e-7,1.0842195227646413e-7,-0.0006277665059331027,27.57437155886015,10.931906527682015,16.642465031178133,32179.570525134783,12757.645494505932,19421.925030628852,0.3964517016950616,0.6035482983049384,455.4472672350312,19877.372297863883,-19421.925030628852,1.082157695580271e-6,0.02172068007778638
105,0,hkt_scalar_terminal_us,65,40,false,0.019288006765783697,2.920482029934719e-7,1.1122538030182576e-7,-0.0006439984421707813,29.950393514568052,11.406486582359248,18.543906932208806,41060.14317660693,15637.589936369528,25422.5532402374,0.3808459670758938,0.6191540329241062,515.9829018013625,25938.536142038764,-25422.5532402374,1.082157695580271e-6,0.02172068007778638
105,0,hkt_scalar_terminal_us,66,39,false,0.021474285377454175,3.118428252958674e-7,1.1398083098796446e-7,-0.000659952588108843,32.53913351410711,11.893291032260931,20.645842481846174,52449.12027687035,19170.53665760449,33278.58361926586,0.3655073060597843,0.6344926939402157,584.6048788588669,33863.18849812473,-33278.58361926586,1.082157695580271e-6,0.02172068007778638
105,0,hkt_scalar_terminal_us,67,38,false,0.023890028940308363,3.329651297782014e-7,1.1668640148263756e-7,-0.0006756179261730916,35.36026504747863,12.391874448267505,22.968390599211123,67068.60485969405,23503.945169128612,43564.659690565444,0.35044631118089176,0.6495536888191082,662.411867609524,44227.07155817497,-43564.659690565444,1.082157695580271e-6,0.02172068007778638
105,0,hkt_scalar_terminal_us,68,37,false,0.026558217013616756,3.5552639133978493e-7,1.1934039901243394e-7,-0.0006909846551523577,38.43532098084123,12.901676651173755,25.533644329667478,85851.86834834378,28818.103168218353,57033.765180125425,0.3356724055356484,0.6643275944643515,750.6540612699027,57784.41924139533,-57033.765180125425,1.082157695580271e-6,0.02172068007778638
105,0,hkt_scalar_terminal_us,69,36,false,0.029504080757102754,3.7965025508342704e-7,1.2194133557052523e-7,-0.000706044159440412,41.78786887846611,13.422007422506233,28.365861455959873,110005.9118805832,35333.22481878506,74672.68706179815,0.3211938723542513,0.6788061276457488,850.7541000225756,75523.44116182072,-74672.68706179815,1.082157695580271e-6,0.02172068007778638
105,0,hkt_scalar_terminal_us,70,35,false,0.032755320128523266,4.0547449250107164e-7,1.244879220920745e-7,-0.0007207889753113983,45.443703012205724,13.952029695539691,31.49167331666603,141092.7620198368,43318.001726174254,97774.76029366255,0.3070178874241898,0.6929821125758102,964.3308372215834,98739.09113088413,-97774.76029366255,1.082157695580271e-6,0.02172068007778638
105,0,hkt_scalar_terminal_us,71,34,false,0.03634234184544805,4.331530685134187e-7,1.2697906212980772e-7,-0.0007352127543011935,49.43105466116511,14.490741073366214,34.9403135877989,181135.1607258515,53099.87276931428,128035.28795653724,0.29315055429619796,0.706849445703802,1093.2263165597687,129128.51427309701,-128035.28795653724,1.082157695580271e-6,0.02172068007778638
105,0,hkt_scalar_terminal_us,72,33,false,0.040298520111484805,4.628585851878229e-7,1.294138450558634e-7,-0.0007493102238459044,53.7808224538148,15.036953503175496,38.7438689506393,232754.03183266174,65077.31556820226,167676.71626445948,0.27959694212725617,0.7204030578727438,1239.536368865869,168916.25263332535,-167676.71626445948,1.082157695580271e-6,0.02172068007778638
105,0,hkt_scalar_terminal_us,73,32,false,0.04466048229750487,4.94785184424779e-7,1.3179153882749434e-7,-0.0007630771453950533,58.52682466906233,15.589270917216242,42.93755375184609,299347.35593538114,79734.49877754628,219612.85715783486,0.26636112595147904,0.733638874048521,1405.6452805574518,221018.50243839232,-219612.85715783486,1.082157695580271e-6,0.02172068007778638
105,0,hkt_scalar_terminal_us,74,31,false,0.049468421976743907,5.291520131503037e-7,1.3411158236340109e-7,-0.0007765102702703098,63.70607559320951,16.146064631036296,47.560010962173216,385323.0247324665,97658.66761097353,287664.35712149297,0.253446229118488,0.746553770881512,1594.2650308467564,289258.6221523397,-287664.35712149297,1.082157695580271e-6,0.02172068007778638
105,0,hkt_scalar_terminal_us,75,30,false,0.05476644194077822,5.662073821726994e-7,1.3637357758444167e-7,-0.0007896072935809507,69.35908822777807,16.7054462683286,52.65364195944947,496402.086823029,119560.66033733031,376841.42648569867,0.24085446760008197,0.759145532399918,1808.479640497244,378649.9061261959,-376841.42648569867,1.082157695580271e-6,0.02172068007778638
105,0,hkt_scalar_terminal_us,76,29,false,0.0606029300732571,6.062337860551985e-7,1.3857728117729643e-7,-0.0008023668065352196,75.53020586052492,17.265237958809557,58.26496790171536,640013.8176675658,146298.9638789246,493714.85378864117,0.22858719583912926,0.7714128041608708,2051.795219646301,495766.64900828747,-493714.85378864117,1.082157695580271e-6,0.02172068007778638
105,0,hkt_scalar_terminal_us,77,28,false,0.06703097123202886,6.49553999181934e-7,1.4072259614252245e-7,-0.000814788247503298,82.26796525039168,17.822939530783092,64.4450257196086,825810.6108174828,178907.70162701904,646902.9091904638,0.21664495379868698,0.7833550462013131,2328.196343581658,649231.1055340455,-646902.9091904638,1.082157695580271e-6,0.02172068007778638
105,0,hkt_scalar_terminal_us,78,27,false,0.07410879859023886,6.96538526961896e-7,1.4280956318952526e-7,-0.000826871852193922,89.62549443859713,18.37569239313803,71.24980204545909,1.0663392722006747e6,218628.8909804199,847710.3812202548,0.20502751486327708,0.7949724851367229,2642.2094200449064,850352.5906402997,-847710.3812202548,1.082157695580271e-6,0.02172068007778638
105,0,hkt_scalar_terminal_us,79,26,false,0.08190028821562856,7.476147769551306e-7,1.4483835204052713e-7,-0.000838618603304084,97.66094848474454,18.920239772219155,78.74070871252539,1.3779165284579874e6,266949.19012179563,1.1109673383361916e6,0.19373393424675428,0.8062660657532457,2998.9737349713687,1.1139663120711632e6,-1.1109673383361916e6,1.082157695580271e-6,0.02172068007778638
105,0,hkt_scalar_terminal_us,80,25,false,0.09047550102736716,8.032784314463136e-7,1.4680925270385414e-7,-0.0008500301799910922,106.43798674102993,19.45288293701397,86.98510380401596,1.781771251808768e6,325641.1422578305,1.4561301095509375e6,0.18276259757095945,0.8172374024290406,3404.320869209245,1.4595344304201468e6,-1.4561301095509375e6,1.082157695580271e-6,0.02172068007778638
105,0,hkt_scalar_terminal_us,81,24,false,0.09991127666432797,8.641076635084712e-7,1.4872266677404405e-7,-0.0008611089074999225,116.02629562200524,19.96943301110886,96.05686261089637,2.3055351290891953e6,396808.57747192465,1.9087265516172706e6,0.17211126929507442,0.8278887307049255,3864.8631578967907,1.9125914147751674e6,-1.9087265516172706e6,1.082157695580271e-6,0.02172068007778638
105,0,hkt_scalar_terminal_us,82,23,false,0.11029188423105468,9.307810619273758e-7,1.5057909881260677e-7,-0.0008718577072575503,126.50216120469989,20.465157931562086,106.0370032731378,2.9851886653979793e6,482935.2867262236,2.5022533786717555e6,0.16177714069601012,0.8382228593039898,4388.0918051726185,2.506641470476928e6,-2.5022533786717555e6,1.082157695580271e-6,0.02172068007778638
105,0,hkt_scalar_terminal_us,83,22,false,0.1217097353613638,1.0041004450450542e-6,1.5237914785896777e-7,-0.0008822800477210466,137.94909640736336,20.934724072874427,117.01437233448893,3.8676023531445307e6,586935.2550710783,3.2806670980734522e6,0.15175687712411132,0.8482431228758887,4982.485154038761,3.285649583227491e6,-3.2806670980734522e6,1.082157695580271e-6,0.02172068007778638
105,0,hkt_scalar_terminal_us,84,21,false,0.1342661655585452,1.0850201931337148e-6,1.5412349911637814e-7,-0.0008923798962387369,150.45852794808502,21.372132008238548,129.08639593984648,5.013855966888127e6,712201.5153012896,4.301654451586837e6,0.1420466642848779,0.857953335715122,5657.627423292957,4.30731207901013e6,-4.301654451586837e6,1.082157695580271e-6,0.02172068007778638
105,0,hkt_scalar_terminal_us,85,20,false,0.1480722903397612,1.1746853807616445e-6,1.5581291585255875e-7,-0.0009021616721546758,164.13054878081115,21.77064582981132,142.35990295099984,6.5035754246102655e6,862648.8989916061,5.640926525618659e6,0.13264225332533933,0.8673577466746607,6424.3379331743345,5.647350863551834e6,-5.640926525618659e6,1.082157695580271e-6,0.02172068007778638
105,0,hkt_scalar_terminal_us,86,19,false,0.16324994333525034,1.2744819512323739e-6,1.5744823154969856e-7,-0.0009116302013568923,179.07474224994434,22.12271539444585,156.95202685549847,8.440600631763052e6,1.0427433997031589e6,7.397857232059893e6,0.12353900453235318,0.8764609954676468,7294.810411607847,7.405152042471501e6,-7.397857232059893e6,1.082157695580271e-6,0.02172068007778638
105,0,hkt_scalar_terminal_us,87,18,false,0.179932704175503,1.3861036161060195e-6,1.5903034233328794e-7,-0.0009207906724400956,195.41108480028504,22.41989080066836,172.99119399961668,1.0960394630228993e7,1.2575072237744797e6,9.702887406454513e6,0.11473192947872964,0.8852680705212703,8282.761355433613,9.711170167809946e6,-9.702887406454513e6,1.082157695580271e-6,0.02172068007778638
105,0,hkt_scalar_terminal_us,88,17,false,0.19826702474734187,1.5116423665805752e-6,1.605601997042251e-7,-0.0009296485946243439,213.2709347314814,22.652728336169034,190.61820639531237,1.423973133690504e7,1.512483480044165e6,1.2727247856860874e7,0.10621573148113189,0.893784268518868,9403.585553109646,1.2736651442413984e7,-1.2727247856860874e7,1.082157695580271e-6,0.02172068007778638
105,0,hkt_scalar_terminal_us,89,16,false,0.21841346321907723,1.653712926895758e-6,1.620388035937874e-7,-0.0009382097575431112,232.7981152008441,22.810687062139234,209.98742813870487,1.8509365522530347e7,1.8136372980895082e6,1.669572822444084e7,0.09798484426070012,0.9020151557392999,10674.515672929585,1.6706402740113769e7,-1.669572822444084e7,1.082157695580271e-6,0.02172068007778638
105,0,hkt_scalar_terminal_us,90,15,false,0.24054803613238704,1.8156269893313068e-6,1.63467195756462e-7,-0.0009464801929875681,254.1501004612641,22.88201512080793,231.26808534045617,2.407060670969101e7,2.1671602163388385e6,2.190344649335217e7,0.09003346872292683,0.9099665312770732,12114.781177058816,2.191556127452923e7,-2.190344649335217e7,1.082157695580271e-6,0.02172068007778638
105,0,hkt_scalar_terminal_us,91,14,false,0.26486369984178276,2.0016421215329356e-6,1.648464535113378e-7,-0.0009544661386690447,277.4993151785583,22.853624764839157,254.6456904137191,3.13170044404252e7,2.579130935079079e6,2.873787350534612e7,0.082355607797208,0.917644392202792,13745.7595946379,2.8751619264940757e7,-2.873787350534612e7,1.082157695580271e-6,0.02172068007778638
105,0,hkt_scalar_terminal_us,92,13,false,0.29157197365963744,2.21732555422875e-6,1.6617768383880575e-7,-0.0009621740040387422,303.0345576119901,22.710955011111793,280.3236026008783,4.076272697432079e7,3.0549666207686774e6,3.770776035355212e7,0.07494509929851377,0.9250549007014863,15591.110194891691,3.772335146374701e7,-3.770776035355212e7,1.082157695580271e-6,0.02172068007778638
105,0,hkt_scalar_terminal_us,93,12,false,0.32090471824473765,2.4700998626861395e-6,1.674620178357161e-7,-0.0009696103381829164,330.96255847078146,22.437820716008265,308.5247377547732,5.307970660475594e7,3.5985730408866736e6,4.948113356386927e7,0.0677956467936513,0.9322043532063488,17676.87610426545,4.949881043997353e7,-4.948113356386927e7,1.082157695580271e-6,0.02172068007778638
105,0,hkt_scalar_terminal_us,94,11,false,0.35311608406496103,2.7700862920634743e-6,1.6870060552891058e-7,-0.000976781799793069,361.50968838666796,22.016246753803724,339.49344163286423,6.91462687391896e7,4.21106643492923e6,6.4935202304260366e7,0.06090084847257349,0.9390991515274265,20031.535606369376,6.4955233839866735e7,-6.4935202304260366e7,1.082157695580271e-6,0.02172068007778638
105,0,hkt_scalar_terminal_us,95,10,false,0.38848464618078876,3.1314540765606412e-6,1.698946110441877e-7,-0.0009836951291941026,394.92382817739156,21.426285853111484,373.49754232428006,9.011080633199872e7,4.888891875261892e6,8.522191445673683e7,0.05425422404111621,0.9457457759588839,22685.976347327232,8.524460043308416e7,-8.522191445673683e7,1.082157695580271e-6,0.02172068007778638
105,0,hkt_scalar_terminal_us,96,9,false,0.4273157431476338,3.5746693013542565e-6,1.7104520812525721e-7,-0.0009903571223989292,431.47641742864676,20.64581850753677,410.83059892111,1.17475168720182e8,5.621097502832172e6,1.1185407121734983e8,0.047849239665458586,0.9521507603345414,25673.356936365366,1.118797445742862e8,-1.1185407121734983e8,1.082157695580271e-6,0.02172068007778638
105,0,hkt_scalar_terminal_us,97,8,false,0.4699440395343737,4.1304304032961716e-6,1.721535759950937e-7,-0.000996774607145575,471.4646984037186,19.65033322456605,451.81436517915256,1.5320388646412894e8,6.38543549604386e6,1.4681845096808508e8,0.041679331010567686,0.9583206689894324,29028.80832105875,1.4684747977640614e8,-1.4681845096808508e8,1.082157695580271e-6,0.02172068007778638
105,0,hkt_scalar_terminal_us,98,7,false,0.5167363334172463,4.846976939454732e-6,1.7322089555033986e-7,-0.0010029544208626576,515.2141739131006,18.412685209823934,496.8014887032766,1.9986725915498137e8,7.142841002646176e6,1.927244181523352e8,0.03573792442466759,0.9642620755753324,32788.91150161624,1.927572070638368e8,-1.927244181523352e8,1.082157695580271e-6,0.02172068007778638
105,0,hkt_scalar_terminal_us,99,6,false,0.5680946322469335,5.804707075846983e-6,1.742483458775373e-7,-0.001008903390498252,563.0812995547344,16.902831402163415,546.178468152571,2.608288327051209e8,7.829678924737924e6,2.5299915378038296e8,0.03001845633220212,0.9699815436677979,36990.86738786101,2.5303614464777082e8,-2.5299915378038296e8,1.082157695580271e-6,0.02172068007778638
105,0,hkt_scalar_terminal_us,100,5,false,0.6244595227224259,7.1483359223484265e-6,1.7523710107969332e-7,-0.0010146283141456139,615.4564326822116,15.087539572237704,600.3688931099739,3.404910719840459e8,8.346931236326012e6,3.321441407477199e8,0.02451439089926304,0.9754856091007369,41671.24808174372,3.321858119958016e8,-3.321441407477199e8,1.082157695580271e-6,0.02172068007778638
105,0,hkt_scalar_terminal_us,101,4,false,0.686313862750327,9.167290882956642e-6,1.7618832739945326e-7,-0.001020135944386256,672.7670625930486,12.930068981238973,659.8369936118097,4.446173374403637e8,8.545205559262332e6,4.3607213188110137e8,0.019219236047916137,0.9807807639520838,46864.183744609356,4.36118996064846e8,-4.3607213188110137e8,1.082157695580271e-6,0.02172068007778638
105,0,hkt_scalar_terminal_us,102,3,false,0.7541868262508661,1.253689553753438e-5,1.771031806254323e-7,-0.0010254329732725285,735.4813487652757,10.389819853490662,725.0915289117851,5.80753920419089e8,8.204053879126277e6,5.725498665399626e8,0.014126557894273004,0.9858734421057269,52598.79457426071,5.726024653345369e8,-5.725498665399626e8,1.082157695580271e-6,0.02172068007778638
105,0,hkt_scalar_terminal_us,103,2,false,0.8286583345080717,1.9283090513627916e-5,1.779828037673645e-7,-0.001030526018866659,804.1119965310578,7.421948654155063,796.6900478769028,7.587833011867461e8,7.003565082144364e6,7.517797361046017e8,0.009229993690149355,0.9907700063098506,58895.61950278282,7.518386317241045e8,-7.517797361046017e8,1.082157695580271e-6,0.02172068007778638
105,0,hkt_scalar_terminal_us,104,1,false,0.9103639109788504,3.953524505898674e-5,1.788283249854992e-7,-0.0010354216132518925,879.2205023803973,3.9769458744724733,875.2435565059249,9.916495175902674e8,4.485491918382226e6,9.871640256718853e8,0.004523263349416113,0.9954767366505839,65761.71900188923,9.872297873908871e8,-9.871640256718853e8,1.082157695580271e-6,0.02172068007778638
105,0,hkt_scalar_terminal_us,105,0,true,1.0,1.0,1.796408557595468e-7,-0.0010401261919306304,961.4218041599836,0.00017271063564518687,961.421631449348,1.2963092947803824e9,232.8701110434025,1.2963090619102714e9,1.796408557595468e-7,0.9999998203591443,73184.0344171524,1.2963822459446886e9,-1.2963090619102714e9,1.082157695580271e-6,0.02172068007778638
