date,quarter,AHP_period,holder_group,value_usd_billions,share_of_total,total_usd_billions
1990-01-01,1990Q1,1990Q1-2001Q4,Other domestic holders,907.344000,0.4638059276,1956.301000
1990-01-01,1990Q1,1990Q1-2001Q4,Federal Reserve,217.899000,0.1113831665,1956.301000
1990-01-01,1990Q1,1990Q1-2001Q4,Domestic government & public pensions,415.384000,0.2123313335,1956.301000
1990-01-01,1990Q1,1990Q1-2001Q4,Rest of world,415.674000,0.2124795724,1956.301000
1990-04-01,1990Q2,1990Q1-2001Q4,Other domestic holders,911.090000,0.4583450298,1987.782000
1990-04-01,1990Q2,1990Q1-2001Q4,Federal Reserve,231.383000,0.1164026035,1987.782000
1990-04-01,1990Q2,1990Q1-2001Q4,Domestic government & public pensions,424.043000,0.2133247006,1987.782000
1990-04-01,1990Q2,1990Q1-2001Q4,Rest of world,421.266000,0.2119276661,1987.782000
1990-07-01,1990Q3,1990Q1-2001Q4,Other domestic holders,945.136000,0.4622042257,2044.845000
1990-07-01,1990Q3,1990Q1-2001Q4,Federal Reserve,234.373000,0.1146165113,2044.845000
1990-07-01,1990Q3,1990Q1-2001Q4,Domestic government & public pensions,431.191000,0.2108673274,2044.845000
1990-07-01,1990Q3,1990Q1-2001Q4,Rest of world,434.145000,0.2123119356,2044.845000
1990-10-01,1990Q4,1990Q1-2001Q4,Other domestic holders,1005.038000,0.4759818234,2111.505000
1990-10-01,1990Q4,1990Q1-2001Q4,Federal Reserve,235.090000,0.1113376478,2111.505000
1990-10-01,1990Q4,1990Q1-2001Q4,Domestic government & public pensions,433.014000,0.2050736323,2111.505000
1990-10-01,1990Q4,1990Q1-2001Q4,Rest of world,438.363000,0.2076068965,2111.505000
1991-01-01,1991Q1,1990Q1-2001Q4,Other domestic holders,1026.557000,0.4754271312,2159.231000
1991-01-01,1991Q1,1990Q1-2001Q4,Federal Reserve,240.965000,0.1115976012,2159.231000
1991-01-01,1991Q1,1990Q1-2001Q4,Domestic government & public pensions,448.452000,0.2076906084,2159.231000
1991-01-01,1991Q1,1990Q1-2001Q4,Rest of world,443.257000,0.2052846592,2159.231000
1991-04-01,1991Q2,1990Q1-2001Q4,Other domestic holders,1047.207000,0.4765392885,2197.525000
1991-04-01,1991Q2,1990Q1-2001Q4,Federal Reserve,247.484000,0.1126194241,2197.525000
1991-04-01,1991Q2,1990Q1-2001Q4,Domestic government & public pensions,449.661000,0.2046215629,2197.525000
1991-04-01,1991Q2,1990Q1-2001Q4,Rest of world,453.173000,0.2062197245,2197.525000
1991-07-01,1991Q3,1990Q1-2001Q4,Other domestic holders,1138.413000,0.4937282825,2305.748000
1991-07-01,1991Q3,1990Q1-2001Q4,Federal Reserve,258.554000,0.1121345438,2305.748000
1991-07-01,1991Q3,1990Q1-2001Q4,Domestic government & public pensions,451.183000,0.1956774981,2305.748000
1991-07-01,1991Q3,1990Q1-2001Q4,Rest of world,457.598000,0.1984596756,2305.748000
1991-10-01,1991Q4,1990Q1-2001Q4,Other domestic holders,1198.280000,0.4998041709,2397.499000
1991-10-01,1991Q4,1990Q1-2001Q4,Federal Reserve,266.486000,0.1111516626,2397.499000
1991-10-01,1991Q4,1990Q1-2001Q4,Domestic government & public pensions,456.444000,0.1903833954,2397.499000
1991-10-01,1991Q4,1990Q1-2001Q4,Rest of world,476.289000,0.1986607711,2397.499000
1992-01-01,1992Q1,1990Q1-2001Q4,Other domestic holders,1227.668000,0.4960930192,2474.673000
1992-01-01,1992Q1,1990Q1-2001Q4,Federal Reserve,265.796000,0.1074065139,2474.673000
1992-01-01,1992Q1,1990Q1-2001Q4,Domestic government & public pensions,489.318000,0.1977303668,2474.673000
1992-01-01,1992Q1,1990Q1-2001Q4,Rest of world,491.891000,0.1987701001,2474.673000
1992-04-01,1992Q2,1990Q1-2001Q4,Other domestic holders,1278.751000,0.5042610270,2535.891000
1992-04-01,1992Q2,1990Q1-2001Q4,Federal Reserve,276.883000,0.1091856866,2535.891000
1992-04-01,1992Q2,1990Q1-2001Q4,Domestic government & public pensions,466.884000,0.1841104369,2535.891000
1992-04-01,1992Q2,1990Q1-2001Q4,Rest of world,513.373000,0.2024428495,2535.891000
1992-07-01,1992Q3,1990Q1-2001Q4,Other domestic holders,1331.627000,0.5094223629,2613.994000
1992-07-01,1992Q3,1990Q1-2001Q4,Federal Reserve,279.712000,0.1070056014,2613.994000
1992-07-01,1992Q3,1990Q1-2001Q4,Domestic government & public pensions,484.693000,0.1854223843,2613.994000
1992-07-01,1992Q3,1990Q1-2001Q4,Rest of world,517.962000,0.1981496515,2613.994000
1992-10-01,1992Q4,1990Q1-2001Q4,Other domestic holders,1377.288000,0.5146569970,2676.128000
1992-10-01,1992Q4,1990Q1-2001Q4,Federal Reserve,295.011000,0.1102380006,2676.128000
1992-10-01,1992Q4,1990Q1-2001Q4,Domestic government & public pensions,483.490000,0.1806677409,2676.128000
1992-10-01,1992Q4,1990Q1-2001Q4,Rest of world,520.339000,0.1944372616,2676.128000
1993-01-01,1993Q1,1990Q1-2001Q4,Other domestic holders,1398.346000,0.5114044600,2734.325000
1993-01-01,1993Q1,1990Q1-2001Q4,Federal Reserve,298.461000,0.1091534474,2734.325000
1993-01-01,1993Q1,1990Q1-2001Q4,Domestic government & public pensions,502.736000,0.1838610992,2734.325000
1993-01-01,1993Q1,1990Q1-2001Q4,Rest of world,534.782000,0.1955809935,2734.325000
1993-04-01,1993Q2,1990Q1-2001Q4,Other domestic holders,1413.912000,0.5081225608,2782.620000
1993-04-01,1993Q2,1990Q1-2001Q4,Federal Reserve,313.143000,0.1125353085,2782.620000
1993-04-01,1993Q2,1990Q1-2001Q4,Domestic government & public pensions,515.407000,0.1852236382,2782.620000
1993-04-01,1993Q2,1990Q1-2001Q4,Rest of world,540.158000,0.1941184926,2782.620000
1993-07-01,1993Q3,1990Q1-2001Q4,Other domestic holders,1439.606000,0.5086136450,2830.451000
1993-07-01,1993Q3,1990Q1-2001Q4,Federal Reserve,319.357000,0.1128290156,2830.451000
1993-07-01,1993Q3,1990Q1-2001Q4,Domestic government & public pensions,508.974000,0.1798208130,2830.451000
1993-07-01,1993Q3,1990Q1-2001Q4,Rest of world,562.514000,0.1987365264,2830.451000
1993-10-01,1993Q4,1990Q1-2001Q4,Other domestic holders,1478.890000,0.5082606227,2909.708000
1993-10-01,1993Q4,1990Q1-2001Q4,Federal Reserve,332.015000,0.1141059515,2909.708000
1993-10-01,1993Q4,1990Q1-2001Q4,Domestic government & public pensions,504.252000,0.1732998638,2909.708000
1993-10-01,1993Q4,1990Q1-2001Q4,Rest of world,594.551000,0.2043335620,2909.708000
1994-01-01,1994Q1,1990Q1-2001Q4,Other domestic holders,1497.287000,0.5069486391,2953.528000
1994-01-01,1994Q1,1990Q1-2001Q4,Federal Reserve,337.260000,0.1141888616,2953.528000
1994-01-01,1994Q1,1990Q1-2001Q4,Domestic government & public pensions,513.621000,0.1739008399,2953.528000
1994-01-01,1994Q1,1990Q1-2001Q4,Rest of world,605.360000,0.2049616594,2953.528000
1994-04-01,1994Q2,1990Q1-2001Q4,Other domestic holders,1498.106000,0.5068225053,2955.879000
1994-04-01,1994Q2,1990Q1-2001Q4,Federal Reserve,347.644000,0.1176110389,2955.879000
1994-04-01,1994Q2,1990Q1-2001Q4,Domestic government & public pensions,505.945000,0.1711656668,2955.879000
1994-04-01,1994Q2,1990Q1-2001Q4,Rest of world,604.184000,0.2044007891,2955.879000
1994-07-01,1994Q3,1990Q1-2001Q4,Other domestic holders,1519.071000,0.5074458096,2993.563000
1994-07-01,1994Q3,1990Q1-2001Q4,Federal Reserve,353.010000,0.1179230235,2993.563000
1994-07-01,1994Q3,1990Q1-2001Q4,Domestic government & public pensions,495.162000,0.1654089124,2993.563000
1994-07-01,1994Q3,1990Q1-2001Q4,Rest of world,626.320000,0.2092222546,2993.563000
1994-10-01,1994Q4,1990Q1-2001Q4,Other domestic holders,1560.369000,0.5153782560,3027.619000
1994-10-01,1994Q4,1990Q1-2001Q4,Federal Reserve,364.519000,0.1203979100,3027.619000
1994-10-01,1994Q4,1990Q1-2001Q4,Domestic government & public pensions,470.160000,0.1552903453,3027.619000
1994-10-01,1994Q4,1990Q1-2001Q4,Rest of world,632.571000,0.2089334887,3027.619000
1995-01-01,1995Q1,1990Q1-2001Q4,Other domestic holders,1600.672000,0.5155128375,3105.009000
1995-01-01,1995Q1,1990Q1-2001Q4,Federal Reserve,363.707000,0.1171355703,3105.009000
1995-01-01,1995Q1,1990Q1-2001Q4,Domestic government & public pensions,469.917000,0.1513415903,3105.009000
1995-01-01,1995Q1,1990Q1-2001Q4,Rest of world,670.713000,0.2160100019,3105.009000
1995-04-01,1995Q2,1990Q1-2001Q4,Other domestic holders,1612.992000,0.5141166027,3137.405000
1995-04-01,1995Q2,1990Q1-2001Q4,Federal Reserve,372.641000,0.1187736362,3137.405000
1995-04-01,1995Q2,1990Q1-2001Q4,Domestic government & public pensions,427.387000,0.1362230888,3137.405000
1995-04-01,1995Q2,1990Q1-2001Q4,Rest of world,724.385000,0.2308866723,3137.405000
1995-07-01,1995Q3,1990Q1-2001Q4,Other domestic holders,1596.516000,0.5045194567,3164.429000
1995-07-01,1995Q3,1990Q1-2001Q4,Federal Reserve,367.669000,0.1161881022,3164.429000
1995-07-01,1995Q3,1990Q1-2001Q4,Domestic government & public pensions,419.967000,0.1327149385,3164.429000
1995-07-01,1995Q3,1990Q1-2001Q4,Rest of world,780.277000,0.2465775026,3164.429000
1995-10-01,1995Q4,1990Q1-2001Q4,Other domestic holders,1635.046000,0.5043634696,3241.801000
1995-10-01,1995Q4,1990Q1-2001Q4,Federal Reserve,378.197000,0.1166626206,3241.801000
1995-10-01,1995Q4,1990Q1-2001Q4,Domestic government & public pensions,411.611000,0.1269698541,3241.801000
1995-10-01,1995Q4,1990Q1-2001Q4,Rest of world,816.947000,0.2520040558,3241.801000
1996-01-01,1996Q1,1990Q1-2001Q4,Other domestic holders,1627.473000,0.4913740163,3312.086000
1996-01-01,1996Q1,1990Q1-2001Q4,Federal Reserve,377.056000,0.1138424546,3312.086000
1996-01-01,1996Q1,1990Q1-2001Q4,Domestic government & public pensions,418.888000,0.1264725614,3312.086000
1996-01-01,1996Q1,1990Q1-2001Q4,Rest of world,888.669000,0.2683109678,3312.086000
1996-04-01,1996Q2,1990Q1-2001Q4,Other domestic holders,1566.515000,0.4768171383,3285.358000
1996-04-01,1996Q2,1990Q1-2001Q4,Federal Reserve,383.914000,0.1168560626,3285.358000
1996-04-01,1996Q2,1990Q1-2001Q4,Domestic government & public pensions,424.666000,0.1292601902,3285.358000
1996-04-01,1996Q2,1990Q1-2001Q4,Rest of world,910.263000,0.2770666089,3285.358000
1996-07-01,1996Q3,1990Q1-2001Q4,Other domestic holders,1571.733000,0.4724091157,3327.059000
1996-07-01,1996Q3,1990Q1-2001Q4,Federal Reserve,383.910000,0.1153901990,3327.059000
1996-07-01,1996Q3,1990Q1-2001Q4,Domestic government & public pensions,399.511000,0.1200793253,3327.059000
1996-07-01,1996Q3,1990Q1-2001Q4,Rest of world,971.905000,0.2921213600,3327.059000
1996-10-01,1996Q4,1990Q1-2001Q4,Other domestic holders,1529.771000,0.4569895059,3347.497000
1996-10-01,1996Q4,1990Q1-2001Q4,Federal Reserve,390.907000,0.1167759075,3347.497000
1996-10-01,1996Q4,1990Q1-2001Q4,Domestic government & public pensions,386.489000,0.1154561154,3347.497000
1996-10-01,1996Q4,1990Q1-2001Q4,Rest of world,1040.330000,0.3107784712,3347.497000
1997-01-01,1997Q1,1990Q1-2001Q4,Other domestic holders,1517.206000,0.4493511948,3376.437000
1997-01-01,1997Q1,1990Q1-2001Q4,Federal Reserve,395.076000,0.1170097354,3376.437000
1997-01-01,1997Q1,1990Q1-2001Q4,Domestic government & public pensions,372.421000,0.1102999997,3376.437000
1997-01-01,1997Q1,1990Q1-2001Q4,Rest of world,1091.734000,0.3233390701,3376.437000
1997-04-01,1997Q2,1990Q1-2001Q4,Other domestic holders,1425.967000,0.4297219580,3318.348000
1997-04-01,1997Q2,1990Q1-2001Q4,Federal Reserve,410.914000,0.1238308942,3318.348000
1997-04-01,1997Q2,1990Q1-2001Q4,Domestic government & public pensions,368.178000,0.1109521967,3318.348000
1997-04-01,1997Q2,1990Q1-2001Q4,Rest of world,1113.289000,0.3354949511,3318.348000
1997-07-01,1997Q3,1990Q1-2001Q4,Other domestic holders,1403.875000,0.4206479214,3337.411000
1997-07-01,1997Q3,1990Q1-2001Q4,Federal Reserve,411.822000,0.1233956501,3337.411000
1997-07-01,1997Q3,1990Q1-2001Q4,Domestic government & public pensions,364.688000,0.1092727267,3337.411000
1997-07-01,1997Q3,1990Q1-2001Q4,Rest of world,1157.026000,0.3466837018,3337.411000
1997-10-01,1997Q4,1990Q1-2001Q4,Other domestic holders,1419.226000,0.4229885537,3355.235000
1997-10-01,1997Q4,1990Q1-2001Q4,Federal Reserve,430.736000,0.1283772970,3355.235000
1997-10-01,1997Q4,1990Q1-2001Q4,Domestic government & public pensions,352.060000,0.1049285669,3355.235000
1997-10-01,1997Q4,1990Q1-2001Q4,Rest of world,1153.213000,0.3437055825,3355.235000
1998-01-01,1998Q1,1990Q1-2001Q4,Other domestic holders,1445.895000,0.4295759249,3365.866000
1998-01-01,1998Q1,1990Q1-2001Q4,Federal Reserve,433.182000,0.1286985281,3365.866000
1998-01-01,1998Q1,1990Q1-2001Q4,Domestic government & public pensions,328.775000,0.0976791708,3365.866000
1998-01-01,1998Q1,1990Q1-2001Q4,Rest of world,1158.014000,0.3440463762,3365.866000
1998-04-01,1998Q2,1990Q1-2001Q4,Other domestic holders,1341.917000,0.4096378297,3275.862000
1998-04-01,1998Q2,1990Q1-2001Q4,Federal Reserve,439.773000,0.1342464976,3275.862000
1998-04-01,1998Q2,1990Q1-2001Q4,Domestic government & public pensions,334.649000,0.1021560127,3275.862000
1998-04-01,1998Q2,1990Q1-2001Q4,Rest of world,1159.523000,0.3539596601,3275.862000
1998-07-01,1998Q3,1990Q1-2001Q4,Other domestic holders,1360.886000,0.4171849216,3262.069000
1998-07-01,1998Q3,1990Q1-2001Q4,Federal Reserve,446.047000,0.1367374510,3262.069000
1998-07-01,1998Q3,1990Q1-2001Q4,Domestic government & public pensions,333.518000,0.1022412463,3262.069000
1998-07-01,1998Q3,1990Q1-2001Q4,Rest of world,1121.618000,0.3438363811,3262.069000
1998-10-01,1998Q4,1990Q1-2001Q4,Other domestic holders,1304.536000,0.3986775700,3272.158000
1998-10-01,1998Q4,1990Q1-2001Q4,Federal Reserve,452.141000,0.1381782298,3272.158000
1998-10-01,1998Q4,1990Q1-2001Q4,Domestic government & public pensions,349.237000,0.1067298706,3272.158000
1998-10-01,1998Q4,1990Q1-2001Q4,Rest of world,1166.244000,0.3564143296,3272.158000
1999-01-01,1999Q1,1990Q1-2001Q4,Other domestic holders,1285.757000,0.3945236760,3259.011000
1999-01-01,1999Q1,1990Q1-2001Q4,Federal Reserve,465.686000,0.1428918160,3259.011000
1999-01-01,1999Q1,1990Q1-2001Q4,Domestic government & public pensions,353.851000,0.1085761908,3259.011000
1999-01-01,1999Q1,1990Q1-2001Q4,Rest of world,1153.717000,0.3540083172,3259.011000
1999-04-01,1999Q2,1990Q1-2001Q4,Other domestic holders,1151.494000,0.3674917908,3133.387000
1999-04-01,1999Q2,1990Q1-2001Q4,Federal Reserve,484.866000,0.1547418177,3133.387000
1999-04-01,1999Q2,1990Q1-2001Q4,Domestic government & public pensions,361.430000,0.1153480244,3133.387000
1999-04-01,1999Q2,1990Q1-2001Q4,Rest of world,1135.597000,0.3624183671,3133.387000
1999-07-01,1999Q3,1990Q1-2001Q4,Other domestic holders,1114.779000,0.3580098670,3113.822000
1999-07-01,1999Q3,1990Q1-2001Q4,Federal Reserve,489.037000,0.1570536145,3113.822000
1999-07-01,1999Q3,1990Q1-2001Q4,Domestic government & public pensions,357.761000,0.1148944930,3113.822000
1999-07-01,1999Q3,1990Q1-2001Q4,Rest of world,1152.245000,0.3700420255,3113.822000
1999-10-01,1999Q4,1990Q1-2001Q4,Other domestic holders,1179.553000,0.3835157729,3075.631000
1999-10-01,1999Q4,1990Q1-2001Q4,Federal Reserve,477.963000,0.1554032327,3075.631000
1999-10-01,1999Q4,1990Q1-2001Q4,Domestic government & public pensions,359.750000,0.1169678677,3075.631000
1999-10-01,1999Q4,1990Q1-2001Q4,Rest of world,1058.365000,0.3441131267,3075.631000
2000-01-01,2000Q1,1990Q1-2001Q4,Other domestic holders,1118.981000,0.3676386422,3043.698000
2000-01-01,2000Q1,1990Q1-2001Q4,Federal Reserve,501.708000,0.1648350132,3043.698000
2000-01-01,2000Q1,1990Q1-2001Q4,Domestic government & public pensions,363.639000,0.1194727598,3043.698000
2000-01-01,2000Q1,1990Q1-2001Q4,Rest of world,1059.370000,0.3480535848,3043.698000
2000-04-01,2000Q2,1990Q1-2001Q4,Other domestic holders,955.027000,0.3340187227,2859.202000
2000-04-01,2000Q2,1990Q1-2001Q4,Federal Reserve,504.950000,0.1766052206,2859.202000
2000-04-01,2000Q2,1990Q1-2001Q4,Domestic government & public pensions,366.334000,0.1281245606,2859.202000
2000-04-01,2000Q2,1990Q1-2001Q4,Rest of world,1032.891000,0.3612514960,2859.202000
2000-07-01,2000Q3,1990Q1-2001Q4,Other domestic holders,935.627000,0.3319285785,2818.760000
2000-07-01,2000Q3,1990Q1-2001Q4,Federal Reserve,511.413000,0.1814319062,2818.760000
2000-07-01,2000Q3,1990Q1-2001Q4,Domestic government & public pensions,362.841000,0.1287236232,2818.760000
2000-07-01,2000Q3,1990Q1-2001Q4,Rest of world,1008.879000,0.3579158921,2818.760000
2000-10-01,2000Q4,1990Q1-2001Q4,Other domestic holders,945.185000,0.3328716304,2839.488000
2000-10-01,2000Q4,1990Q1-2001Q4,Federal Reserve,511.703000,0.1802096012,2839.488000
2000-10-01,2000Q4,1990Q1-2001Q4,Domestic government & public pensions,361.174000,0.1271968749,2839.488000
2000-10-01,2000Q4,1990Q1-2001Q4,Rest of world,1021.426000,0.3597218935,2839.488000
2001-01-01,2001Q1,1990Q1-2001Q4,Other domestic holders,954.314000,0.3333308883,2862.963000
2001-01-01,2001Q1,1990Q1-2001Q4,Federal Reserve,523.862000,0.1829789627,2862.963000
2001-01-01,2001Q1,1990Q1-2001Q4,Domestic government & public pensions,365.004000,0.1274916930,2862.963000
2001-01-01,2001Q1,1990Q1-2001Q4,Rest of world,1019.783000,0.3561984559,2862.963000
2001-04-01,2001Q2,1990Q1-2001Q4,Other domestic holders,795.257000,0.2948380713,2697.267000
2001-04-01,2001Q2,1990Q1-2001Q4,Federal Reserve,535.110000,0.1983897034,2697.267000
2001-04-01,2001Q2,1990Q1-2001Q4,Domestic government & public pensions,378.599000,0.1403639313,2697.267000
2001-04-01,2001Q2,1990Q1-2001Q4,Rest of world,988.301000,0.3664082940,2697.267000
2001-07-01,2001Q3,1990Q1-2001Q4,Other domestic holders,904.044000,0.3229407900,2799.411000
2001-07-01,2001Q3,1990Q1-2001Q4,Federal Reserve,534.136000,0.1908029939,2799.411000
2001-07-01,2001Q3,1990Q1-2001Q4,Domestic government & public pensions,366.167000,0.1308014436,2799.411000
2001-07-01,2001Q3,1990Q1-2001Q4,Rest of world,995.064000,0.3554547725,2799.411000
2001-10-01,2001Q4,1990Q1-2001Q4,Other domestic holders,884.796000,0.3057602971,2893.757000
2001-10-01,2001Q4,1990Q1-2001Q4,Federal Reserve,551.675000,0.1906431673,2893.757000
2001-10-01,2001Q4,1990Q1-2001Q4,Domestic government & public pensions,362.078000,0.1251238442,2893.757000
2001-10-01,2001Q4,1990Q1-2001Q4,Rest of world,1095.208000,0.3784726914,2893.757000
2002-01-01,2002Q1,2002Q1-2007Q4,Other domestic holders,884.340000,0.3003408101,2944.455000
2002-01-01,2002Q1,2002Q1-2007Q4,Federal Reserve,575.356000,0.1954032240,2944.455000
2002-01-01,2002Q1,2002Q1-2007Q4,Domestic government & public pensions,374.804000,0.1272914682,2944.455000
2002-01-01,2002Q1,2002Q1-2007Q4,Rest of world,1109.955000,0.3769644977,2944.455000
2002-04-01,2002Q2,2002Q1-2007Q4,Other domestic holders,867.204000,0.2914515882,2975.465000
2002-04-01,2002Q2,2002Q1-2007Q4,Federal Reserve,590.683000,0.1985178787,2975.465000
2002-04-01,2002Q2,2002Q1-2007Q4,Domestic government & public pensions,369.419000,0.1241550480,2975.465000
2002-04-01,2002Q2,2002Q1-2007Q4,Rest of world,1148.159000,0.3858754850,2975.465000
2002-07-01,2002Q3,2002Q1-2007Q4,Other domestic holders,889.033000,0.2889919917,3076.324000
2002-07-01,2002Q3,2002Q1-2007Q4,Federal Reserve,604.191000,0.1964003141,3076.324000
2002-07-01,2002Q3,2002Q1-2007Q4,Domestic government & public pensions,371.757000,0.1208445534,3076.324000
2002-07-01,2002Q3,2002Q1-2007Q4,Rest of world,1211.343000,0.3937631407,3076.324000
2002-10-01,2002Q4,2002Q1-2007Q4,Other domestic holders,898.136000,0.2819756910,3185.154000
2002-10-01,2002Q4,2002Q1-2007Q4,Federal Reserve,629.406000,0.1976061440,3185.154000
2002-10-01,2002Q4,2002Q1-2007Q4,Domestic government & public pensions,372.114000,0.1168276322,3185.154000
2002-10-01,2002Q4,2002Q1-2007Q4,Rest of world,1285.498000,0.4035905328,3185.154000
2003-01-01,2003Q1,2002Q1-2007Q4,Other domestic holders,954.789000,0.2897365091,3295.370000
2003-01-01,2003Q1,2002Q1-2007Q4,Federal Reserve,641.464000,0.1946561388,3295.370000
2003-01-01,2003Q1,2002Q1-2007Q4,Domestic government & public pensions,376.239000,0.1141720050,3295.370000
2003-01-01,2003Q1,2002Q1-2007Q4,Rest of world,1322.878000,0.4014353472,3295.370000
2003-04-01,2003Q2,2002Q1-2007Q4,Other domestic holders,895.656000,0.2662208133,3364.335000
2003-04-01,2003Q2,2002Q1-2007Q4,Federal Reserve,652.118000,0.1938326594,3364.335000
2003-04-01,2003Q2,2002Q1-2007Q4,Domestic government & public pensions,401.298000,0.1192800360,3364.335000
2003-04-01,2003Q2,2002Q1-2007Q4,Rest of world,1415.263000,0.4206664913,3364.335000
2003-07-01,2003Q3,2002Q1-2007Q4,Other domestic holders,897.046000,0.2613919676,3431.804000
2003-07-01,2003Q3,2002Q1-2007Q4,Federal Reserve,656.116000,0.1911869093,3431.804000
2003-07-01,2003Q3,2002Q1-2007Q4,Domestic government & public pensions,394.306000,0.1148975874,3431.804000
2003-07-01,2003Q3,2002Q1-2007Q4,Rest of world,1484.336000,0.4325235357,3431.804000
2003-10-01,2003Q4,2002Q1-2007Q4,Other domestic holders,897.814000,0.2575867556,3485.482000
2003-10-01,2003Q4,2002Q1-2007Q4,Federal Reserve,666.665000,0.1912690985,3485.482000
2003-10-01,2003Q4,2002Q1-2007Q4,Domestic government & public pensions,407.479000,0.1169075038,3485.482000
2003-10-01,2003Q4,2002Q1-2007Q4,Rest of world,1513.524000,0.4342366422,3485.482000
2004-01-01,2004Q1,2002Q1-2007Q4,Other domestic holders,886.555000,0.2432892421,3644.037000
2004-01-01,2004Q1,2002Q1-2007Q4,Federal Reserve,674.084000,0.1849827540,3644.037000
2004-01-01,2004Q1,2002Q1-2007Q4,Domestic government & public pensions,425.312000,0.1167145120,3644.037000
2004-01-01,2004Q1,2002Q1-2007Q4,Rest of world,1658.086000,0.4550134919,3644.037000
2004-04-01,2004Q2,2002Q1-2007Q4,Other domestic holders,771.316000,0.2112882509,3650.539000
2004-04-01,2004Q2,2002Q1-2007Q4,Federal Reserve,687.391000,0.1882984951,3650.539000
2004-04-01,2004Q2,2002Q1-2007Q4,Domestic government & public pensions,406.066000,0.1112345328,3650.539000
2004-04-01,2004Q2,2002Q1-2007Q4,Rest of world,1785.766000,0.4891787213,3650.539000
2004-07-01,2004Q3,2002Q1-2007Q4,Other domestic holders,766.644000,0.2046632567,3745.880000
2004-07-01,2004Q3,2002Q1-2007Q4,Federal Reserve,700.341000,0.1869630100,3745.880000
2004-07-01,2004Q3,2002Q1-2007Q4,Domestic government & public pensions,443.938000,0.1185136737,3745.880000
2004-07-01,2004Q3,2002Q1-2007Q4,Rest of world,1834.957000,0.4898600596,3745.880000
2004-10-01,2004Q4,2002Q1-2007Q4,Other domestic holders,811.430000,0.2151094913,3772.172000
2004-10-01,2004Q4,2002Q1-2007Q4,Federal Reserve,717.819000,0.1902932846,3772.172000
2004-10-01,2004Q4,2002Q1-2007Q4,Domestic government & public pensions,429.370000,0.1138256686,3772.172000
2004-10-01,2004Q4,2002Q1-2007Q4,Rest of world,1813.553000,0.4807715555,3772.172000
2005-01-01,2005Q1,2002Q1-2007Q4,Other domestic holders,839.681000,0.2150189404,3905.149000
2005-01-01,2005Q1,2002Q1-2007Q4,Federal Reserve,717.326000,0.1836872293,3905.149000
2005-01-01,2005Q1,2002Q1-2007Q4,Domestic government & public pensions,440.062000,0.1126876337,3905.149000
2005-01-01,2005Q1,2002Q1-2007Q4,Rest of world,1908.080000,0.4886061966,3905.149000
2005-04-01,2005Q2,2002Q1-2007Q4,Other domestic holders,737.033000,0.1915291266,3848.151000
2005-04-01,2005Q2,2002Q1-2007Q4,Federal Reserve,724.722000,0.1883299278,3848.151000
2005-04-01,2005Q2,2002Q1-2007Q4,Domestic government & public pensions,467.548000,0.1214993902,3848.151000
2005-04-01,2005Q2,2002Q1-2007Q4,Rest of world,1918.848000,0.4986415554,3848.151000
2005-07-01,2005Q3,2002Q1-2007Q4,Other domestic holders,703.294000,0.1808123849,3889.634000
2005-07-01,2005Q3,2002Q1-2007Q4,Federal Reserve,736.360000,0.1893134418,3889.634000
2005-07-01,2005Q3,2002Q1-2007Q4,Domestic government & public pensions,487.405000,0.1253087051,3889.634000
2005-07-01,2005Q3,2002Q1-2007Q4,Rest of world,1962.575000,0.5045654681,3889.634000
2005-10-01,2005Q4,2002Q1-2007Q4,Other domestic holders,685.181000,0.1751913300,3911.044000
2005-10-01,2005Q4,2002Q1-2007Q4,Federal Reserve,744.215000,0.1902855094,3911.044000
2005-10-01,2005Q4,2002Q1-2007Q4,Domestic government & public pensions,497.257000,0.1271417555,3911.044000
2005-10-01,2005Q4,2002Q1-2007Q4,Rest of world,1984.391000,0.5073814051,3911.044000
2006-01-01,2006Q1,2002Q1-2007Q4,Other domestic holders,813.922000,0.2017049918,4035.210000
2006-01-01,2006Q1,2002Q1-2007Q4,Federal Reserve,758.542000,0.1879807990,4035.210000
2006-01-01,2006Q1,2002Q1-2007Q4,Domestic government & public pensions,468.569000,0.1161201028,4035.210000
2006-01-01,2006Q1,2002Q1-2007Q4,Rest of world,1994.177000,0.4941941064,4035.210000
2006-04-01,2006Q2,2002Q1-2007Q4,Other domestic holders,696.920000,0.1776697304,3922.559000
2006-04-01,2006Q2,2002Q1-2007Q4,Federal Reserve,766.364000,0.1953734794,3922.559000
2006-04-01,2006Q2,2002Q1-2007Q4,Domestic government & public pensions,479.064000,0.1221304766,3922.559000
2006-04-01,2006Q2,2002Q1-2007Q4,Rest of world,1980.211000,0.5048263136,3922.559000
2006-07-01,2006Q3,2002Q1-2007Q4,Other domestic holders,686.192000,0.1707316042,4019.127000
2006-07-01,2006Q3,2002Q1-2007Q4,Federal Reserve,768.924000,0.1913161739,4019.127000
2006-07-01,2006Q3,2002Q1-2007Q4,Domestic government & public pensions,507.469000,0.1262634896,4019.127000
2006-07-01,2006Q3,2002Q1-2007Q4,Rest of world,2056.542000,0.5116887324,4019.127000
2006-10-01,2006Q4,2002Q1-2007Q4,Other domestic holders,627.062000,0.1545283544,4057.909000
2006-10-01,2006Q4,2002Q1-2007Q4,Federal Reserve,778.915000,0.1919498441,4057.909000
2006-10-01,2006Q4,2002Q1-2007Q4,Domestic government & public pensions,525.754000,0.1295627871,4057.909000
2006-10-01,2006Q4,2002Q1-2007Q4,Rest of world,2126.178000,0.5239590144,4057.909000
2007-01-01,2007Q1,2002Q1-2007Q4,Other domestic holders,653.847000,0.1557242407,4198.749000
2007-01-01,2007Q1,2002Q1-2007Q4,Federal Reserve,780.901000,0.1859842062,4198.749000
2007-01-01,2007Q1,2002Q1-2007Q4,Domestic government & public pensions,542.005000,0.1290872591,4198.749000
2007-01-01,2007Q1,2002Q1-2007Q4,Rest of world,2221.996000,0.5292042939,4198.749000
2007-04-01,2007Q2,2002Q1-2007Q4,Other domestic holders,520.623000,0.1287728583,4042.956000
2007-04-01,2007Q2,2002Q1-2007Q4,Federal Reserve,790.522000,0.1955306959,4042.956000
2007-04-01,2007Q2,2002Q1-2007Q4,Domestic government & public pensions,538.166000,0.1331120101,4042.956000
2007-04-01,2007Q2,2002Q1-2007Q4,Rest of world,2193.645000,0.5425844357,4042.956000
2007-07-01,2007Q3,2002Q1-2007Q4,Other domestic holders,602.386000,0.1431517841,4208.023000
2007-07-01,2007Q3,2002Q1-2007Q4,Federal Reserve,779.632000,0.1852727516,4208.023000
2007-07-01,2007Q3,2002Q1-2007Q4,Domestic government & public pensions,577.633000,0.1372694493,4208.023000
2007-07-01,2007Q3,2002Q1-2007Q4,Rest of world,2248.372000,0.5343060150,4208.023000
2007-10-01,2007Q4,2002Q1-2007Q4,Other domestic holders,669.921000,0.1535518672,4362.832000
2007-10-01,2007Q4,2002Q1-2007Q4,Federal Reserve,740.611000,0.1697546456,4362.832000
2007-10-01,2007Q4,2002Q1-2007Q4,Domestic government & public pensions,575.858000,0.1319917888,4362.832000
2007-10-01,2007Q4,2002Q1-2007Q4,Rest of world,2376.442000,0.5447016983,4362.832000
2008-01-01,2008Q1,2008Q1-2023Q3,Other domestic holders,922.942000,0.1988087955,4642.360000
2008-01-01,2008Q1,2008Q1-2023Q3,Federal Reserve,591.234000,0.1273563446,4642.360000
2008-01-01,2008Q1,2008Q1-2023Q3,Domestic government & public pensions,571.651000,0.1231380160,4642.360000
2008-01-01,2008Q1,2008Q1-2023Q3,Rest of world,2556.533000,0.5506968438,4642.360000
2008-04-01,2008Q2,2008Q1-2023Q3,Other domestic holders,894.832000,0.1981674814,4515.534000
2008-04-01,2008Q2,2008Q1-2023Q3,Federal Reserve,478.841000,0.1060430505,4515.534000
2008-04-01,2008Q2,2008Q1-2023Q3,Domestic government & public pensions,554.361000,0.1227675398,4515.534000
2008-04-01,2008Q2,2008Q1-2023Q3,Rest of world,2587.500000,0.5730219283,4515.534000
2008-07-01,2008Q3,2008Q1-2023Q3,Other domestic holders,1244.539000,0.2440540051,5099.441000
2008-07-01,2008Q3,2008Q1-2023Q3,Federal Reserve,476.627000,0.0934665192,5099.441000
2008-07-01,2008Q3,2008Q1-2023Q3,Domestic government & public pensions,544.396000,0.1067560150,5099.441000
2008-07-01,2008Q3,2008Q1-2023Q3,Rest of world,2833.879000,0.5557234607,5099.441000
2008-10-01,2008Q4,2008Q1-2023Q3,Other domestic holders,1607.377000,0.2738744348,5869.029000
2008-10-01,2008Q4,2008Q1-2023Q3,Federal Reserve,475.921000,0.0810902451,5869.029000
2008-10-01,2008Q4,2008Q1-2023Q3,Domestic government & public pensions,532.757000,0.0907743001,5869.029000
2008-10-01,2008Q4,2008Q1-2023Q3,Rest of world,3252.974000,0.5542610200,5869.029000
2009-01-01,2009Q1,2008Q1-2023Q3,Other domestic holders,1840.861000,0.2939155995,6263.230000
2009-01-01,2009Q1,2008Q1-2023Q3,Federal Reserve,492.323000,0.0786052883,6263.230000
2009-01-01,2009Q1,2008Q1-2023Q3,Domestic government & public pensions,512.207000,0.0817800081,6263.230000
2009-01-01,2009Q1,2008Q1-2023Q3,Rest of world,3417.839000,0.5456991041,6263.230000
2009-04-01,2009Q2,2008Q1-2023Q3,Other domestic holders,1788.103000,0.2765628925,6465.448000
2009-04-01,2009Q2,2008Q1-2023Q3,Federal Reserve,656.466000,0.1015344954,6465.448000
2009-04-01,2009Q2,2008Q1-2023Q3,Domestic government & public pensions,558.896000,0.0864435071,6465.448000
2009-04-01,2009Q2,2008Q1-2023Q3,Rest of world,3461.983000,0.5354591051,6465.448000
2009-07-01,2009Q3,2008Q1-2023Q3,Other domestic holders,1945.342000,0.2823640032,6889.483000
2009-07-01,2009Q3,2008Q1-2023Q3,Federal Reserve,769.160000,0.1116426298,6889.483000
2009-07-01,2009Q3,2008Q1-2023Q3,Domestic government & public pensions,589.124000,0.0855106254,6889.483000
2009-07-01,2009Q3,2008Q1-2023Q3,Rest of world,3585.857000,0.5204827416,6889.483000
2009-10-01,2009Q4,2008Q1-2023Q3,Other domestic holders,2029.745000,0.2871104320,7069.562000
2009-10-01,2009Q4,2008Q1-2023Q3,Federal Reserve,776.588000,0.1098495211,7069.562000
2009-10-01,2009Q4,2008Q1-2023Q3,Domestic government & public pensions,592.632000,0.0838286728,7069.562000
2009-10-01,2009Q4,2008Q1-2023Q3,Rest of world,3670.597000,0.5192113741,7069.562000
2010-01-01,2010Q1,2008Q1-2023Q3,Other domestic holders,2303.035000,0.3048254203,7555.259000
2010-01-01,2010Q1,2008Q1-2023Q3,Federal Reserve,776.705000,0.1028032262,7555.259000
2010-01-01,2010Q1,2008Q1-2023Q3,Domestic government & public pensions,613.817000,0.0812436741,7555.259000
2010-01-01,2010Q1,2008Q1-2023Q3,Rest of world,3861.702000,0.5111276794,7555.259000
2010-04-01,2010Q2,2008Q1-2023Q3,Other domestic holders,2610.313000,0.3238866954,8059.340000
2010-04-01,2010Q2,2008Q1-2023Q3,Federal Reserve,776.989000,0.0964085148,8059.340000
2010-04-01,2010Q2,2008Q1-2023Q3,Domestic government & public pensions,602.303000,0.0747335390,8059.340000
2010-04-01,2010Q2,2008Q1-2023Q3,Rest of world,4069.735000,0.5049712507,8059.340000
2010-07-01,2010Q3,2008Q1-2023Q3,Other domestic holders,2685.243000,0.3146771476,8533.327000
2010-07-01,2010Q3,2008Q1-2023Q3,Federal Reserve,811.669000,0.0951175315,8533.327000
2010-07-01,2010Q3,2008Q1-2023Q3,Domestic government & public pensions,627.235000,0.0735041561,8533.327000
2010-07-01,2010Q3,2008Q1-2023Q3,Rest of world,4409.180000,0.5167011647,8533.327000
2010-10-01,2010Q4,2008Q1-2023Q3,Other domestic holders,2598.041000,0.2979192310,8720.622000
2010-10-01,2010Q4,2008Q1-2023Q3,Federal Reserve,1021.493000,0.1171353374,8720.622000
2010-10-01,2010Q4,2008Q1-2023Q3,Domestic government & public pensions,642.264000,0.0736488750,8720.622000
2010-10-01,2010Q4,2008Q1-2023Q3,Rest of world,4458.824000,0.5112965566,8720.622000
2011-01-01,2011Q1,2008Q1-2023Q3,Other domestic holders,2425.386000,0.2712399351,8941.847000
2011-01-01,2011Q1,2008Q1-2023Q3,Federal Reserve,1340.446000,0.1499070606,8941.847000
2011-01-01,2011Q1,2008Q1-2023Q3,Domestic government & public pensions,635.135000,0.0710295088,8941.847000
2011-01-01,2011Q1,2008Q1-2023Q3,Rest of world,4540.880000,0.5078234955,8941.847000
2011-04-01,2011Q2,2008Q1-2023Q3,Other domestic holders,2282.565000,0.2473433695,9228.325000
2011-04-01,2011Q2,2008Q1-2023Q3,Federal Reserve,1619.538000,0.1754964200,9228.325000
2011-04-01,2011Q2,2008Q1-2023Q3,Domestic government & public pensions,635.660000,0.0688814059,9228.325000
2011-04-01,2011Q2,2008Q1-2023Q3,Rest of world,4690.562000,0.5082788047,9228.325000
2011-07-01,2011Q3,2008Q1-2023Q3,Other domestic holders,2542.181000,0.2594661135,9797.738000
2011-07-01,2011Q3,2008Q1-2023Q3,Federal Reserve,1664.660000,0.1699024816,9797.738000
2011-07-01,2011Q3,2008Q1-2023Q3,Domestic government & public pensions,616.498000,0.0629224827,9797.738000
2011-07-01,2011Q3,2008Q1-2023Q3,Rest of world,4974.399000,0.5077089222,9797.738000
2011-10-01,2011Q4,2008Q1-2023Q3,Other domestic holders,2830.249000,0.2794308603,10128.620000
2011-10-01,2011Q4,2008Q1-2023Q3,Federal Reserve,1663.446000,0.1642322449,10128.620000
2011-10-01,2011Q4,2008Q1-2023Q3,Domestic government & public pensions,630.571000,0.0622563587,10128.620000
2011-10-01,2011Q4,2008Q1-2023Q3,Rest of world,5004.354000,0.4940805361,10128.620000
2012-01-01,2012Q1,2008Q1-2023Q3,Other domestic holders,2928.634000,0.2755639369,10627.784000
2012-01-01,2012Q1,2008Q1-2023Q3,Federal Reserve,1892.042000,0.1780278937,10627.784000
2012-01-01,2012Q1,2008Q1-2023Q3,Domestic government & public pensions,662.048000,0.0622940775,10627.784000
2012-01-01,2012Q1,2008Q1-2023Q3,Rest of world,5145.060000,0.4841140919,10627.784000
2012-04-01,2012Q2,2008Q1-2023Q3,Other domestic holders,3047.618000,0.2771241276,10997.303000
2012-04-01,2012Q2,2008Q1-2023Q3,Federal Reserve,1964.773000,0.1786595313,10997.303000
2012-04-01,2012Q2,2008Q1-2023Q3,Domestic government & public pensions,674.041000,0.0612914821,10997.303000
2012-04-01,2012Q2,2008Q1-2023Q3,Rest of world,5310.871000,0.4829248589,10997.303000
2012-07-01,2012Q3,2008Q1-2023Q3,Other domestic holders,3083.389000,0.2747719115,11221.631000
2012-07-01,2012Q3,2008Q1-2023Q3,Federal Reserve,1967.526000,0.1753333361,11221.631000
2012-07-01,2012Q3,2008Q1-2023Q3,Domestic government & public pensions,698.000000,0.0622012968,11221.631000
2012-07-01,2012Q3,2008Q1-2023Q3,Rest of world,5472.716000,0.4876934556,11221.631000
2012-10-01,2012Q4,2008Q1-2023Q3,Other domestic holders,3205.263000,0.2800180245,11446.631000
2012-10-01,2012Q4,2008Q1-2023Q3,Federal Reserve,1974.315000,0.1724800074,11446.631000
2012-10-01,2012Q4,2008Q1-2023Q3,Domestic government & public pensions,695.571000,0.0607664386,11446.631000
2012-10-01,2012Q4,2008Q1-2023Q3,Rest of world,5571.482000,0.4867355294,11446.631000
2013-01-01,2013Q1,2008Q1-2023Q3,Other domestic holders,3194.748000,0.2724505909,11725.972000
2013-01-01,2013Q1,2008Q1-2023Q3,Federal Reserve,2098.312000,0.1789456772,11725.972000
2013-01-01,2013Q1,2008Q1-2023Q3,Domestic government & public pensions,711.601000,0.0606858860,11725.972000
2013-01-01,2013Q1,2008Q1-2023Q3,Rest of world,5721.311000,0.4879178460,11725.972000
2013-04-01,2013Q2,2008Q1-2023Q3,Other domestic holders,2973.385000,0.2604935841,11414.427000
2013-04-01,2013Q2,2008Q1-2023Q3,Federal Reserve,2143.888000,0.1878226564,11414.427000
2013-04-01,2013Q2,2008Q1-2023Q3,Domestic government & public pensions,702.137000,0.0615131184,11414.427000
2013-04-01,2013Q2,2008Q1-2023Q3,Rest of world,5595.017000,0.4901706411,11414.427000
2013-07-01,2013Q3,2008Q1-2023Q3,Other domestic holders,2930.920000,0.2535235195,11560.742000
2013-07-01,2013Q3,2008Q1-2023Q3,Federal Reserve,2262.042000,0.1956658145,11560.742000
2013-07-01,2013Q3,2008Q1-2023Q3,Domestic government & public pensions,714.960000,0.0618437813,11560.742000
2013-07-01,2013Q3,2008Q1-2023Q3,Rest of world,5652.820000,0.4889668847,11560.742000
2013-10-01,2013Q4,2008Q1-2023Q3,Other domestic holders,2788.854000,0.2388683165,11675.278000
2013-10-01,2013Q4,2008Q1-2023Q3,Federal Reserve,2341.336000,0.2005379230,11675.278000
2013-10-01,2013Q4,2008Q1-2023Q3,Domestic government & public pensions,752.472000,0.0644500285,11675.278000
2013-10-01,2013Q4,2008Q1-2023Q3,Rest of world,5792.616000,0.4961437321,11675.278000
2014-01-01,2014Q1,2008Q1-2023Q3,Other domestic holders,2839.255000,0.2357999161,12040.950000
2014-01-01,2014Q1,2008Q1-2023Q3,Federal Reserve,2494.381000,0.2071581561,12040.950000
2014-01-01,2014Q1,2008Q1-2023Q3,Domestic government & public pensions,759.003000,0.0630351426,12040.950000
2014-01-01,2014Q1,2008Q1-2023Q3,Rest of world,5948.311000,0.4940067852,12040.950000
2014-04-01,2014Q2,2008Q1-2023Q3,Other domestic holders,2706.905000,0.2236594196,12102.799000
2014-04-01,2014Q2,2008Q1-2023Q3,Federal Reserve,2614.159000,0.2159962336,12102.799000
2014-04-01,2014Q2,2008Q1-2023Q3,Domestic government & public pensions,763.042000,0.0630467382,12102.799000
2014-04-01,2014Q2,2008Q1-2023Q3,Rest of world,6018.693000,0.4972976086,12102.799000
2014-07-01,2014Q3,2008Q1-2023Q3,Other domestic holders,2814.501000,0.2290567942,12287.350000
2014-07-01,2014Q3,2008Q1-2023Q3,Federal Reserve,2662.378000,0.2166763379,12287.350000
2014-07-01,2014Q3,2008Q1-2023Q3,Domestic government & public pensions,741.320000,0.0603319674,12287.350000
2014-07-01,2014Q3,2008Q1-2023Q3,Rest of world,6069.151000,0.4939349005,12287.350000
2014-10-01,2014Q4,2008Q1-2023Q3,Other domestic holders,2961.244000,0.2346338393,12620.703000
2014-10-01,2014Q4,2008Q1-2023Q3,Federal Reserve,2736.293000,0.2168098718,12620.703000
2014-10-01,2014Q4,2008Q1-2023Q3,Domestic government & public pensions,765.200000,0.0606305370,12620.703000
2014-10-01,2014Q4,2008Q1-2023Q3,Rest of world,6157.966000,0.4879257518,12620.703000
2015-01-01,2015Q1,2008Q1-2023Q3,Other domestic holders,3156.317000,0.2453357466,12865.296000
2015-01-01,2015Q1,2008Q1-2023Q3,Federal Reserve,2773.131000,0.2155512784,12865.296000
2015-01-01,2015Q1,2008Q1-2023Q3,Domestic government & public pensions,763.217000,0.0593237031,12865.296000
2015-01-01,2015Q1,2008Q1-2023Q3,Rest of world,6172.631000,0.4797892719,12865.296000
2015-04-01,2015Q2,2008Q1-2023Q3,Other domestic holders,3096.634000,0.2440068822,12690.765000
2015-04-01,2015Q2,2008Q1-2023Q3,Federal Reserve,2682.775000,0.2113958457,12690.765000
2015-04-01,2015Q2,2008Q1-2023Q3,Domestic government & public pensions,748.215000,0.0589574387,12690.765000
2015-04-01,2015Q2,2008Q1-2023Q3,Rest of world,6163.141000,0.4856398334,12690.765000
2015-07-01,2015Q3,2008Q1-2023Q3,Other domestic holders,3422.859000,0.2641040293,12960.268000
2015-07-01,2015Q3,2008Q1-2023Q3,Federal Reserve,2720.453000,0.2099071562,12960.268000
2015-07-01,2015Q3,2008Q1-2023Q3,Domestic government & public pensions,711.071000,0.0548654549,12960.268000
2015-07-01,2015Q3,2008Q1-2023Q3,Rest of world,6105.885000,0.4711233595,12960.268000
2015-10-01,2015Q4,2008Q1-2023Q3,Other domestic holders,3601.031000,0.2737885285,13152.600000
2015-10-01,2015Q4,2008Q1-2023Q3,Federal Reserve,2675.909000,0.2034509527,13152.600000
2015-10-01,2015Q4,2008Q1-2023Q3,Domestic government & public pensions,729.439000,0.0554596810,13152.600000
2015-10-01,2015Q4,2008Q1-2023Q3,Rest of world,6146.221000,0.4673008379,13152.600000
2016-01-01,2016Q1,2008Q1-2023Q3,Other domestic holders,3913.960000,0.2861858213,13676.289000
2016-01-01,2016Q1,2008Q1-2023Q3,Federal Reserve,2757.311000,0.2016125135,13676.289000
2016-01-01,2016Q1,2008Q1-2023Q3,Domestic government & public pensions,720.584000,0.0526885619,13676.289000
2016-01-01,2016Q1,2008Q1-2023Q3,Rest of world,6284.434000,0.4595131033,13676.289000
2016-04-01,2016Q2,2008Q1-2023Q3,Other domestic holders,4031.017000,0.2910925268,13847.889000
2016-04-01,2016Q2,2008Q1-2023Q3,Federal Reserve,2806.334000,0.2026542818,13847.889000
2016-04-01,2016Q2,2008Q1-2023Q3,Domestic government & public pensions,731.485000,0.0528228526,13847.889000
2016-04-01,2016Q2,2008Q1-2023Q3,Rest of world,6279.053000,0.4534303387,13847.889000
2016-07-01,2016Q3,2008Q1-2023Q3,Other domestic holders,4276.725000,0.3059883196,13976.759000
2016-07-01,2016Q3,2008Q1-2023Q3,Federal Reserve,2780.236000,0.1989185046,13976.759000
2016-07-01,2016Q3,2008Q1-2023Q3,Domestic government & public pensions,763.923000,0.0546566625,13976.759000
2016-07-01,2016Q3,2008Q1-2023Q3,Rest of world,6155.875000,0.4404365132,13976.759000
2016-10-01,2016Q4,2008Q1-2023Q3,Other domestic holders,4321.388000,0.3145516080,13738.248000
2016-10-01,2016Q4,2008Q1-2023Q3,Federal Reserve,2640.706000,0.1922156304,13738.248000
2016-10-01,2016Q4,2008Q1-2023Q3,Domestic government & public pensions,773.357000,0.0562922579,13738.248000
2016-10-01,2016Q4,2008Q1-2023Q3,Rest of world,6002.797000,0.4369405036,13738.248000
2017-01-01,2017Q1,2008Q1-2023Q3,Other domestic holders,4257.380000,0.3088969771,13782.524000
2017-01-01,2017Q1,2008Q1-2023Q3,Federal Reserve,2643.568000,0.1918057970,13782.524000
2017-01-01,2017Q1,2008Q1-2023Q3,Domestic government & public pensions,806.242000,0.0584974131,13782.524000
2017-01-01,2017Q1,2008Q1-2023Q3,Rest of world,6075.334000,0.4407998129,13782.524000
2017-04-01,2017Q2,2008Q1-2023Q3,Other domestic holders,4243.305000,0.3055672394,13886.649000
2017-04-01,2017Q2,2008Q1-2023Q3,Federal Reserve,2657.025000,0.1913366572,13886.649000
2017-04-01,2017Q2,2008Q1-2023Q3,Domestic government & public pensions,834.413000,0.0600874264,13886.649000
2017-04-01,2017Q2,2008Q1-2023Q3,Rest of world,6151.906000,0.4430086769,13886.649000
2017-07-01,2017Q3,2008Q1-2023Q3,Other domestic holders,4261.101000,0.3030897996,14058.873000
2017-07-01,2017Q3,2008Q1-2023Q3,Federal Reserve,2651.193000,0.1885779180,14058.873000
2017-07-01,2017Q3,2008Q1-2023Q3,Domestic government & public pensions,844.640000,0.0600787844,14058.873000
2017-07-01,2017Q3,2008Q1-2023Q3,Rest of world,6301.939000,0.4482534980,14058.873000
2017-10-01,2017Q4,2008Q1-2023Q3,Other domestic holders,4470.465000,0.3146573695,14207.406000
2017-10-01,2017Q4,2008Q1-2023Q3,Federal Reserve,2633.008000,0.1853264417,14207.406000
2017-10-01,2017Q4,2008Q1-2023Q3,Domestic government & public pensions,892.654000,0.0628301887,14207.406000
2017-10-01,2017Q4,2008Q1-2023Q3,Rest of world,6211.279000,0.4371860000,14207.406000
2018-01-01,2018Q1,2008Q1-2023Q3,Other domestic holders,4817.564000,0.3327792727,14476.755000
2018-01-01,2018Q1,2008Q1-2023Q3,Federal Reserve,2555.722000,0.1765397011,14476.755000
2018-01-01,2018Q1,2008Q1-2023Q3,Domestic government & public pensions,880.035000,0.0607895209,14476.755000
2018-01-01,2018Q1,2008Q1-2023Q3,Rest of world,6223.434000,0.4298915054,14476.755000
2018-04-01,2018Q2,2008Q1-2023Q3,Other domestic holders,4851.587000,0.3351725177,14474.895000
2018-04-01,2018Q2,2008Q1-2023Q3,Federal Reserve,2495.040000,0.1723701623,14474.895000
2018-04-01,2018Q2,2008Q1-2023Q3,Domestic government & public pensions,903.253000,0.0624013508,14474.895000
2018-04-01,2018Q2,2008Q1-2023Q3,Rest of world,6225.015000,0.4300559693,14474.895000
2018-07-01,2018Q3,2008Q1-2023Q3,Other domestic holders,5083.872000,0.3476478643,14623.625000
2018-07-01,2018Q3,2008Q1-2023Q3,Federal Reserve,2395.142000,0.1637857918,14623.625000
2018-07-01,2018Q3,2008Q1-2023Q3,Domestic government & public pensions,918.715000,0.0628240262,14623.625000
2018-07-01,2018Q3,2008Q1-2023Q3,Rest of world,6225.896000,0.4257423177,14623.625000
2018-10-01,2018Q4,2008Q1-2023Q3,Other domestic holders,5597.825000,0.3686359497,15185.239000
2018-10-01,2018Q4,2008Q1-2023Q3,Federal Reserve,2337.994000,0.1539649129,15185.239000
2018-10-01,2018Q4,2008Q1-2023Q3,Domestic government & public pensions,979.290000,0.0644896007,15185.239000
2018-10-01,2018Q4,2008Q1-2023Q3,Rest of world,6270.130000,0.4129095367,15185.239000
2019-01-01,2019Q1,2008Q1-2023Q3,Other domestic holders,5910.323000,0.3765216121,15697.168000
2019-01-01,2019Q1,2008Q1-2023Q3,Federal Reserve,2330.158000,0.1484444837,15697.168000
2019-01-01,2019Q1,2008Q1-2023Q3,Domestic government & public pensions,982.688000,0.0626028848,15697.168000
2019-01-01,2019Q1,2008Q1-2023Q3,Rest of world,6473.999000,0.4124310194,15697.168000
2019-04-01,2019Q2,2008Q1-2023Q3,Other domestic holders,6027.528000,0.3768701646,15993.646000
2019-04-01,2019Q2,2008Q1-2023Q3,Federal Reserve,2315.006000,0.1447453570,15993.646000
2019-04-01,2019Q2,2008Q1-2023Q3,Domestic government & public pensions,1025.252000,0.0641037072,15993.646000
2019-04-01,2019Q2,2008Q1-2023Q3,Rest of world,6625.860000,0.4142807713,15993.646000
2019-07-01,2019Q3,2008Q1-2023Q3,Other domestic holders,6491.819000,0.3865747286,16793.180000
2019-07-01,2019Q3,2008Q1-2023Q3,Federal Reserve,2366.457000,0.1409177416,16793.180000
2019-07-01,2019Q3,2008Q1-2023Q3,Domestic government & public pensions,974.614000,0.0580362981,16793.180000
2019-07-01,2019Q3,2008Q1-2023Q3,Rest of world,6960.290000,0.4144712318,16793.180000
2019-10-01,2019Q4,2008Q1-2023Q3,Other domestic holders,6504.730000,0.3842028373,16930.458000
2019-10-01,2019Q4,2008Q1-2023Q3,Federal Reserve,2540.730000,0.1500685924,16930.458000
2019-10-01,2019Q4,2008Q1-2023Q3,Domestic government & public pensions,967.176000,0.0571263932,16930.458000
2019-10-01,2019Q4,2008Q1-2023Q3,Rest of world,6917.822000,0.4086021772,16930.458000
2020-01-01,2020Q1,2008Q1-2023Q3,Other domestic holders,6660.764000,0.3611460724,18443.407000
2020-01-01,2020Q1,2008Q1-2023Q3,Federal Reserve,3757.408000,0.2037263506,18443.407000
2020-01-01,2020Q1,2008Q1-2023Q3,Domestic government & public pensions,965.337000,0.0523404922,18443.407000
2020-01-01,2020Q1,2008Q1-2023Q3,Rest of world,7059.898000,0.3827870848,18443.407000
2020-04-01,2020Q2,2008Q1-2023Q3,Other domestic holders,8060.442000,0.3808599365,21163.796000
2020-04-01,2020Q2,2008Q1-2023Q3,Federal Reserve,4807.860000,0.2271738019,21163.796000
2020-04-01,2020Q2,2008Q1-2023Q3,Domestic government & public pensions,1096.150000,0.0517936385,21163.796000
2020-04-01,2020Q2,2008Q1-2023Q3,Rest of world,7199.344000,0.3401726231,21163.796000
2020-07-01,2020Q3,2008Q1-2023Q3,Other domestic holders,8081.742000,0.3746953243,21568.836000
2020-07-01,2020Q3,2008Q1-2023Q3,Federal Reserve,5055.969000,0.2344108416,21568.836000
2020-07-01,2020Q3,2008Q1-2023Q3,Domestic government & public pensions,1177.897000,0.0546110601,21568.836000
2020-07-01,2020Q3,2008Q1-2023Q3,Rest of world,7253.228000,0.3362827739,21568.836000
2020-10-01,2020Q4,2008Q1-2023Q3,Other domestic holders,8161.365000,0.3716193418,21961.626000
2020-10-01,2020Q4,2008Q1-2023Q3,Federal Reserve,5254.556000,0.2392607906,21961.626000
2020-10-01,2020Q4,2008Q1-2023Q3,Domestic government & public pensions,1254.139000,0.0571059265,21961.626000
2020-10-01,2020Q4,2008Q1-2023Q3,Rest of world,7291.566000,0.3320139410,21961.626000
2021-01-01,2021Q1,2008Q1-2023Q3,Other domestic holders,7773.662000,0.3601551060,21584.206000
2021-01-01,2021Q1,2008Q1-2023Q3,Federal Reserve,5273.242000,0.2443102146,21584.206000
2021-01-01,2021Q1,2008Q1-2023Q3,Domestic government & public pensions,1241.382000,0.0575134429,21584.206000
2021-01-01,2021Q1,2008Q1-2023Q3,Rest of world,7295.920000,0.3380212365,21584.206000
2021-04-01,2021Q2,2008Q1-2023Q3,Other domestic holders,7462.866000,0.3364978132,22178.052000
2021-04-01,2021Q2,2008Q1-2023Q3,Federal Reserve,5596.511000,0.2523445702,22178.052000
2021-04-01,2021Q2,2008Q1-2023Q3,Domestic government & public pensions,1599.795000,0.0721341532,22178.052000
2021-04-01,2021Q2,2008Q1-2023Q3,Rest of world,7518.880000,0.3390234634,22178.052000
2021-07-01,2021Q3,2008Q1-2023Q3,Other domestic holders,7214.378000,0.3242537599,22249.173000
2021-07-01,2021Q3,2008Q1-2023Q3,Federal Reserve,5831.294000,0.2620903707,22249.173000
2021-07-01,2021Q3,2008Q1-2023Q3,Domestic government & public pensions,1632.605000,0.0733782330,22249.173000
2021-07-01,2021Q3,2008Q1-2023Q3,Rest of world,7570.896000,0.3402776364,22249.173000
2021-10-01,2021Q4,2008Q1-2023Q3,Other domestic holders,7438.623000,0.3242511104,22940.933000
2021-10-01,2021Q4,2008Q1-2023Q3,Federal Reserve,6052.055000,0.2638103254,22940.933000
2021-10-01,2021Q4,2008Q1-2023Q3,Domestic government & public pensions,1709.885000,0.0745342397,22940.933000
2021-10-01,2021Q4,2008Q1-2023Q3,Rest of world,7740.370000,0.3374043244,22940.933000
2022-01-01,2022Q1,2008Q1-2023Q3,Other domestic holders,7482.001000,0.3311614128,22593.215000
2022-01-01,2022Q1,2008Q1-2023Q3,Federal Reserve,5851.446000,0.2589912945,22593.215000
2022-01-01,2022Q1,2008Q1-2023Q3,Domestic government & public pensions,1655.368000,0.0732683684,22593.215000
2022-01-01,2022Q1,2008Q1-2023Q3,Rest of world,7604.400000,0.3365789242,22593.215000
2022-04-01,2022Q2,2008Q1-2023Q3,Other domestic holders,7191.642000,0.3289902657,21859.741000
2022-04-01,2022Q2,2008Q1-2023Q3,Federal Reserve,5563.801000,0.2545227320,21859.741000
2022-04-01,2022Q2,2008Q1-2023Q3,Domestic government & public pensions,1687.355000,0.0771900728,21859.741000
2022-04-01,2022Q2,2008Q1-2023Q3,Rest of world,7416.943000,0.3392969295,21859.741000
2022-07-01,2022Q3,2008Q1-2023Q3,Other domestic holders,7258.030000,0.3401125638,21340.082000
2022-07-01,2022Q3,2008Q1-2023Q3,Federal Reserve,5186.546000,0.2430424588,21340.082000
2022-07-01,2022Q3,2008Q1-2023Q3,Domestic government & public pensions,1643.998000,0.0770380357,21340.082000
2022-07-01,2022Q3,2008Q1-2023Q3,Rest of world,7251.508000,0.3398069417,21340.082000
2022-10-01,2022Q4,2008Q1-2023Q3,Other domestic holders,7624.027000,0.3541711495,21526.392000
2022-10-01,2022Q4,2008Q1-2023Q3,Federal Reserve,5056.405000,0.2348932882,21526.392000
2022-10-01,2022Q4,2008Q1-2023Q3,Domestic government & public pensions,1651.276000,0.0767093715,21526.392000
2022-10-01,2022Q4,2008Q1-2023Q3,Rest of world,7194.684000,0.3342261908,21526.392000
2023-01-01,2023Q1,2008Q1-2023Q3,Other domestic holders,8174.688000,0.3658254196,22345.872000
2023-01-01,2023Q1,2008Q1-2023Q3,Federal Reserve,4960.204000,0.2219740630,22345.872000
2023-01-01,2023Q1,2008Q1-2023Q3,Domestic government & public pensions,1742.338000,0.0779713586,22345.872000
2023-01-01,2023Q1,2008Q1-2023Q3,Rest of world,7468.642000,0.3342291587,22345.872000
2023-04-01,2023Q2,2008Q1-2023Q3,Other domestic holders,8456.730000,0.3763740126,22468.953000
2023-04-01,2023Q2,2008Q1-2023Q3,Federal Reserve,4702.866000,0.2093050798,22468.953000
2023-04-01,2023Q2,2008Q1-2023Q3,Domestic government & public pensions,1746.142000,0.0777135454,22468.953000
2023-04-01,2023Q2,2008Q1-2023Q3,Rest of world,7563.215000,0.3366073622,22468.953000
2023-07-01,2023Q3,2008Q1-2023Q3,Other domestic holders,9088.140000,0.4004136781,22696.877000
2023-07-01,2023Q3,2008Q1-2023Q3,Federal Reserve,4367.410000,0.1924233893,22696.877000
2023-07-01,2023Q3,2008Q1-2023Q3,Domestic government & public pensions,1732.212000,0.0763193985,22696.877000
2023-07-01,2023Q3,2008Q1-2023Q3,Rest of world,7509.115000,0.3308435341,22696.877000
2023-10-01,2023Q4,Post-AHP 2023Q4-present,Other domestic holders,10021.132000,0.4142001875,24193.934000
2023-10-01,2023Q4,Post-AHP 2023Q4-present,Federal Reserve,4403.083000,0.1819911966,24193.934000
2023-10-01,2023Q4,Post-AHP 2023Q4-present,Domestic government & public pensions,1829.711000,0.0756268493,24193.934000
2023-10-01,2023Q4,Post-AHP 2023Q4-present,Rest of world,7940.008000,0.3281817666,24193.934000
2024-01-01,2024Q1,Post-AHP 2023Q4-present,Other domestic holders,10436.001000,0.4245659204,24580.402000
2024-01-01,2024Q1,Post-AHP 2023Q4-present,Federal Reserve,4176.260000,0.1699020219,24580.402000
2024-01-01,2024Q1,Post-AHP 2023Q4-present,Domestic government & public pensions,1860.270000,0.0756810243,24580.402000
2024-01-01,2024Q1,Post-AHP 2023Q4-present,Rest of world,8107.871000,0.3298510334,24580.402000
2024-04-01,2024Q2,Post-AHP 2023Q4-present,Other domestic holders,10491.639000,0.4255373974,24655.034000
2024-04-01,2024Q2,Post-AHP 2023Q4-present,Federal Reserve,3993.177000,0.1619619344,24655.034000
2024-04-01,2024Q2,Post-AHP 2023Q4-present,Domestic government & public pensions,1920.722000,0.0779038471,24655.034000
2024-04-01,2024Q2,Post-AHP 2023Q4-present,Rest of world,8249.496000,0.3345968211,24655.034000
2024-07-01,2024Q3,Post-AHP 2023Q4-present,Other domestic holders,11308.273000,0.4332887960,26098.697000
2024-07-01,2024Q3,Post-AHP 2023Q4-present,Federal Reserve,4048.034000,0.1551048315,26098.697000
2024-07-01,2024Q3,Post-AHP 2023Q4-present,Domestic government & public pensions,2027.189000,0.0776739544,26098.697000
2024-07-01,2024Q3,Post-AHP 2023Q4-present,Rest of world,8715.201000,0.3339324182,26098.697000
2024-10-01,2024Q4,Post-AHP 2023Q4-present,Other domestic holders,11606.615000,0.4472589213,25950.550000
2024-10-01,2024Q4,Post-AHP 2023Q4-present,Federal Reserve,3819.872000,0.1471981133,25950.550000
2024-10-01,2024Q4,Post-AHP 2023Q4-present,Domestic government & public pensions,1965.703000,0.0757480285,25950.550000
2024-10-01,2024Q4,Post-AHP 2023Q4-present,Rest of world,8558.360000,0.3297949369,25950.550000
2025-01-01,2025Q1,Post-AHP 2023Q4-present,Other domestic holders,11879.975000,0.4439156100,26761.787000
2025-01-01,2025Q1,Post-AHP 2023Q4-present,Federal Reserve,3832.193000,0.1431964540,26761.787000
2025-01-01,2025Q1,Post-AHP 2023Q4-present,Domestic government & public pensions,2000.069000,0.0747360032,26761.787000
2025-01-01,2025Q1,Post-AHP 2023Q4-present,Rest of world,9049.550000,0.3381519328,26761.787000
2025-04-01,2025Q2,Post-AHP 2023Q4-present,Other domestic holders,11866.893000,0.4424145172,26823.019000
2025-04-01,2025Q2,Post-AHP 2023Q4-present,Federal Reserve,3811.025000,0.1420803900,26823.019000
2025-04-01,2025Q2,Post-AHP 2023Q4-present,Domestic government & public pensions,2040.948000,0.0760894216,26823.019000
2025-04-01,2025Q2,Post-AHP 2023Q4-present,Rest of world,9104.153000,0.3394156713,26823.019000
2025-07-01,2025Q3,Post-AHP 2023Q4-present,Other domestic holders,12837.747000,0.4582622914,28013.972000
2025-07-01,2025Q3,Post-AHP 2023Q4-present,Federal Reserve,3830.924000,0.1367504758,28013.972000
2025-07-01,2025Q3,Post-AHP 2023Q4-present,Domestic government & public pensions,2110.928000,0.0753526847,28013.972000
2025-07-01,2025Q3,Post-AHP 2023Q4-present,Rest of world,9234.373000,0.3296345481,28013.972000
2025-10-01,2025Q4,Post-AHP 2023Q4-present,Other domestic holders,13312.255000,0.4664342319,28540.476000
2025-10-01,2025Q4,Post-AHP 2023Q4-present,Federal Reserve,3854.942000,0.1350692960,28540.476000
2025-10-01,2025Q4,Post-AHP 2023Q4-present,Domestic government & public pensions,2102.371000,0.0736627868,28540.476000
2025-10-01,2025Q4,Post-AHP 2023Q4-present,Rest of world,9270.908000,0.3248336853,28540.476000
2026-01-01,2026Q1,Post-AHP 2023Q4-present,Other domestic holders,13523.757000,0.4663697535,28997.929000
2026-01-01,2026Q1,Post-AHP 2023Q4-present,Federal Reserve,4000.420000,0.1379553692,28997.929000
2026-01-01,2026Q1,Post-AHP 2023Q4-present,Domestic government & public pensions,2156.528000,0.0743683454,28997.929000
2026-01-01,2026Q1,Post-AHP 2023Q4-present,Rest of world,9317.224000,0.3213065319,28997.929000
